index	trigger	syllables	flag	preview
1	line-end	37		༄༅༅། །རྒྱ་གར་སྐད་དུ། བྷ་ག་བཱན་རཏྣ་གུ་ཎ་སཉྩ་ཡ་གཱ་ཐཱ་ནཱ་མ་པཉྫི་ཀཱ། བོད་སྐད་དུ། བཅོ
2	terminal-particle	13		སངས་རྒྱས་དང་བྱང་ཆུབ་སེམས་དཔའ་ཐམས་ཅད་ལ་ཕྱག་འཚལ་ལོ། །
3	terminal-particle	33		རྟོག་པའི་རྒྱ་མཚོ་ཡང་དག་ཕ་རོལ་ཕྱིན་པའི་དྲི་མེད་མ་ལུས་ཉེར་བསྡུས་པ། །དངོས་པོ་བརྒྱད་
4	terminal-particle+maxcap	35		སེམས་ཅན་རྣམས་ཀྱིས་རྟོགས་པར་བྱ་ཕྱིར་རབ་དབྱེ་ཡང་དང་ཡང་གསུངས་རྒྱལ་ཡུམ་ལ། །ཕྱག་འཚལ་ན
5	terminal-particle+maxcap	62	STAGE2_REVIEW	སྤྲོས་པས་གསུངས་པ་གོ་བའི་སེམས་ཅན་རྒྱས་པ་ལ་དགའ་བས་ཁོང་དུ་ཆུད་པར་བྱ་བའི་ཕྱིར་རབ་ཏུ་
6	terminal-particle+maxcap	39		དབྱངས་ཀྱིས་བསྙད་པ་ལ་མངོན་པར་ཞེན་པའི་སེམས་ཅན་ལ་རྗེས་སུ་བརྩེ་བར་དགོངས་པའི་ཕྱིར་དང་
7	terminal-particle+maxcap	52	STAGE2_REVIEW	ལེགས་པར་སྦྱར་བ་དང་ལེགས་པར་སྦྱར་བ་མ་ཡིན་པའི་སྒྲ་ལ་མངོན་པར་ཞེན་པ་དགག་པ་སྔོན་དུ་འགྲ
8	terminal-particle	44	STAGE2_REVIEW	སེམས་བསྐྱེད་པ་ལ་སོགས་པའི་ཡོན་ཏན་རིན་པོ་ཆེ་བསྡུས་པའི་ངོ་བོ་ཙམ་ཕྱོགས་གཅིག་ཏུ་ཐམས་ཅ
9	terminal-particle	34		དེ་བས་ན་བློ་དམན་པ་རྗེས་སུ་གཟུང་བའི་ཕྱིར་འབྲེལ་པ་ལ་སོགས་པ་ཐ་དད་པར་བསྟན་པའི་ཕྱིར་ས
10	terminal-particle	36		དེ་ལ་འབྲེལ་པ་དང་པོར་བསྟན་པར་བརྗོད་དེ། སྒྲུབ་པར་བྱེད་པ་བསྟན་བཅོས་དང་། དགོས་པ་སྒྲུ
11	terminal-particle+maxcap	12		དེ་ཡང་དགོས་པ་བརྗོད་པ་ཉིད་ཀྱིས་བསྟན་པ་ཡིན་ཏེ།
12	terminal-particle+maxcap	32		འདི་ལྟར་འདིའི་དགོས་པ་ཡིན་ནོ་ཞེས་སྟོན་པ་པོས་བསྟན་པར་གྱུར་པ་ནི་འདིའི་སྒྲུབ་པར་བྱེད
13	terminal-particle	21		མངོན་པར་རྟོགས་པ་བརྒྱད་འདུས་པའི་རྣམ་པ་ཐམས་ཅད་མཁྱེན་པ་ཉིད་ནི་བརྗོད་པར་བྱ་བའི་དོན་ཏ
14	terminal-particle	71	STAGE2_REVIEW	འདས་མ་ཐག་ཏུ་བསྟན་པའི་བརྗོད་པར་བྱ་བ་འཕགས་པ་ཤེས་རབ་ཀྱི་ཕ་རོལ་ཏུ་ཕྱིན་པ་སྟོང་ཕྲག་བར
15	terminal-particle+maxcap	25		མ་ལུས་པར་བསྡུས་པའི་དོན་བདེ་བླག་ཏུ་ཁོང་དུ་ཆུད་པ་ནི་བྱ་བའི་འབྲས་བུ་ཐུན་མོང་མ་ཡིན་པ
16	terminal-particle	85	STAGE2_REVIEW	ཇི་སྐད་བསྟན་པ་ཉིད་ཀྱི་བརྗོད་པར་བྱ་བ་ཉན་ཐོས་ལ་སོགས་པས་མ་རྟོགས་པ་བཅོམ་ལྡན་འདས་མ་ཚེ
17	line-end	5		དེ་སྐད་དུ་ཡང་།
18	verse-stanza	26		རྣམ་པ་ཐམས་ཅད་མཁྱེན་ཉིད་ལམ། །↵སྟོན་པས་འདི་ལས་བཤད་པ་གང་། །↵གཞན་གྱིས་མྱོང་བ་མ་ཡིན་ཏ
19	verse-stanza	25		ཆོས་སྤྱོད་བཅུ་ཡི་བདག་ཉིད་ཀྱི། །↵མདོ་དོན་དྲན་པ་ལ་བཞག་ནས། །↵བདེ་བླག་ཏུ་ནི་རྟོགས་འག
20	terminal-particle	5		ཞེས་གསུངས་པ་ཡིན་ནོ། །
21	terminal-particle	40		དེ་ལ་འདི་སྐད་བདག་གིས་ཐོས་པ་ཞེས་བྱ་བའི་གླེང་གཞིའི་སྐབས་བསམ་པར་བྱ་སྟེ། གང་གི་ཚེ། ག
22	terminal-particle+maxcap+terminal-particle(merged)	40		ལན་དུ་བདག་ཉིད་ཚད་མར་རྟོགས་པར་བྱ་བའི་ཕྱིར་རིམ་པ་བཞིན་དུ་སྦྱར་རོ། །དུས་དང་། ཡུལ་དང
23	line-end	77	STAGE2_REVIEW	གང་གི་ཚེ་བཅོམ་ལྡན་འདས་རྒྱལ་པོའི་ཁབ་ཀྱི་གྲོང་ཁྱེར་ཆེན་པོའི་བྱ་རྒོད་ཀྱི་ཕུང་པོའི་ར
24	line-end+maxcap	33		གདུལ་བྱ་རྣམས་གུས་པར་ཉན་པ་དང་། སེམས་པ་ལ་སོགས་པའི་དོན་དུ། གང་བཅོམ་ལྡན་འདས་ཀྱིས་སྟོ
25	verse-stanza	26		མདོ་དོན་སྨྲ་བར་འདོད་པ་ཡིས། །↵དགོས་པ་བསྡུས་པའི་དོན་བཅས་དང་། །↵ཚིག་དོན་བཅས་དང་མཚམས
26	terminal-particle	35		ཞེས་རིགས་པ་བརྗོད་པ་དེ་ཁོ་ན་དགོས་པ་ཡིན་ཏེ། ཉན་པ་པོའི་སྐྱེ་བོ་རྣམས་ཀྱིས་མདོའི་དོན་
27	terminal-particle+maxcap	20		འཆད་པ་པོ་བདེ་བླག་ཏུ་བཤད་སླ་བར་བྱ་བའི་ཕྱིར་རེ་ཞིག་བསྡུས་པའི་དོན་བརྗོད་པར་བྱའོ། །
28	line-end	42	STAGE2_REVIEW	དེ་ལ་སངས་རྒྱས་ཉིད་དོན་དུ་གཉེར་བའི་བྱང་ཆུབ་སེམས་དཔའ་སེམས་བསྐྱེད་པ་ལ་སོགས་པའི་རྣམ་
29	line-end+maxcap+line-end+maxcap(merged)	14		དགའ་དང་གུས་དང་དད་པའི་མཆོག་ནི་ཉེར་གཞག་སྟེ། །ཞེས་བྱ་བ་ནས།
30	verse-stanza	21		ཆོས་རྣམས་རང་བཞིན་མེད་པར་ཡོངས་སུ་ཤེས་གྱུར་པ། །↵འདི་ནི་ཤེས་རབ་ཕ་རོལ་ཕྱིན་མཆོག་སྤྱོ
31	terminal-particle	7		ཞེས་བྱ་བ་ཡན་ཆད་ཀྱིས་སོ། །
32	line-end	37		དེ་ཡང་ཉན་ཐོས་ལ་སོགས་པའི་ལམ་ཡོངས་སུ་ཤེས་པ་མེད་པར་མེད་པས་ལམ་ཤེས་པ་ཉིད་བསྟན་པ་ནི། ག
33	verse-stanza	21		ཐམས་ཅད་མཁྱེན་ཉིད་འབྲས་བུ་དག་དང་གཟུགས་དག་པ། །↵ནམ་མཁའི་ཁམས་དང་མཚུངས་ཏེ་དབྱེར་མེད་ད
34	terminal-particle	7		ཅེས་བྱ་བ་ཡན་ཆད་ཀྱིས་སོ། །
35	terminal-particle	36		དེ་ཡང་དངོས་པོ་ཐམས་ཅད་ཡོངས་སུ་ཤེས་པ་མེད་པར་མ་ཡིན་པས་དེའི་རྗེས་ལ་ཐམས་ཅད་ཤེས་པ་ཉིད་
36	terminal-particle+maxcap	31		ཞེས་བྱ་བ་ནས། ཉི་མ་སྒྲ་གཅན་གཟའ་བྲལ་ལྷང་ངེར་འདུག་པ་དང་། །མེ་བཏང་རྩྭ་དང་ཤིང་དང་ནགས་
37	line-end	29		དེ་ནས་རྣམ་པ་ཐམས་ཅད་དུ་ཐམས་ཅད་མཁྱེན་པ་ཉིད་གསུམ་ཐོབ་པ་དབང་དུ་བྱ་བའི་ཕྱིར་ཡང་རྣམ་པ་
38	line-end+maxcap	38		དངོས་པོ་ཤེས་པའི་རྣམ་པ་རྣམས་བསྡུས་ནས་ཐམས་ཅད་མཁྱེན་པ་ཉིད་གསུམ་བསྒོམ་པ་ནི་རྣམ་པ་ཀུན
39	line-end+maxcap	4		ཞེས་བྱ་བ་ནས།
40	verse-stanza	21		ཡོངས་སུ་མི་སྟོན་ཕྱིར་མི་ལྡོག་པ་ས་ཡི་ཆོས། །↵མི་འཆད་དེ་ནི་ལུང་མ་བསྟན་པ་ཡིན་རིག་བྱ།
41	terminal-particle	7		ཞེས་བྱ་བ་ཡན་ཆད་ཀྱིས་སོ། །
42	line-end	39		དེའི་རྗེས་ལ་རྣམ་པ་ཀུན་མངོན་པར་རྫོགས་པར་རྟོགས་པ་ཐོབ་པ་དང་ལྡན་པའི་ཁྱད་པར་གྱི་ལམ་གྱ
43	line-end+maxcap+line-end+maxcap(merged)	15		དགྲ་བཅོམ་ས་དང་རྐྱེན་གྱི་སངས་རྒྱས་ཡེ་ཤེས་དང་། །ཞེས་བྱ་བ་ནས།
44	verse-stanza	21		དགྲ་བཅོམ་རང་རྒྱལ་ཐེག་བྲལ་བྱང་ཆུབ་མཆོག་ངེས་ན། །↵དཔའ་བོ་རྟག་ཏུ་མཉམ་གཞག་ཡིན་པར་ཤེས་
45	terminal-particle	7		ཞེས་བྱ་བ་ཡན་ཆད་ཀྱིས་སོ། །
46	terminal-particle	42	STAGE2_REVIEW	དེའི་རྗེས་ལ་རྩེ་མོའི་མངོན་པར་རྟོགས་པ་ཐོབ་པ་དང་ལྡན་པས་སོ་སོ་དང་བསྡུས་པའི་དོན་ཁོང་
47	terminal-particle+maxcap+terminal-particle+maxcap(merged)	23		སེམས་ཅན་གང་ཟག་གཞན་ཕྱིར་སེམས་པ་རྣམ་དག་པ། །ཞེས་བྱ་བ་ནས་བརྩམས་པ་ཚིགས་སུ་བཅད་པ་གཅིག་
48	terminal-particle	46	STAGE2_REVIEW	དེའི་རྗེས་ལ་མཐར་གྱིས་པའི་མངོན་པར་རྟོགས་པ་སྒོམ་པ་དང་ལྡན་པས་ཤིན་ཏུ་གོམས་པར་བྱ་བའི་
49	terminal-particle+maxcap+terminal-particle+maxcap(merged)	24		སྤྱོ་བ་བྱས་སམ་འོན་ཏེ་རྟག་ཏུ་བརྡེག་ཀྱང་རུང་། །ཞེས་བྱ་བ་ནས་བརྩམས་པར་ཚིགས་སུ་བཅད་པ་
50	terminal-particle	67	STAGE2_REVIEW	དེའི་རྗེས་ལ་སྐད་ཅིག་མ་གཅིག་ལ་མངོན་པར་རྫོགས་པར་བྱང་ཆུབ་པ་བསྒོམ་པ་དང་ལྡན་པས་སྐད་ཅི
51	terminal-particle+maxcap+terminal-particle+maxcap(merged)	23		བདག་གི་བདེ་བ་བཏང་ནས་རེ་བ་མེད་སེམས་ཀྱིས། །ཞེས་བྱ་བ་ལ་སོགས་པའི་ཚིགས་སུ་བཅད་པ་གཅིག་
52	line-end	39		དེའི་རྗེས་ལ་ཐོས་པ་ལ་སོགས་པའི་ཤེས་རབ་བསྐྱེད་པའི་ཕྱིར་མངོན་པར་རྟོགས་པ་བརྒྱད་ཐོབ་པའ
53	line-end+maxcap+line-end+maxcap(merged)	15		བྱང་ཆུབ་སེམས་དཔའ་གང་ཞིག་ཡུན་རིང་འཁོར་འདོད་ཅིང་། །ཞེས་བྱ་བ་ནས།
54	verse-stanza	21		འགྲོ་བའི་སྡུག་བསྔལ་ཇི་སྙེད་བདག་གིས་བཟོད་སྙམ་པ། །↵བྱང་ཆུབ་སེམས་དཔའ་བཟོད་པའི་ཕ་རོལ
55	terminal-particle	7		ཞེས་བྱ་བ་ཡན་ཆད་ཀྱིས་སོ། །
56	line-end	38		དེའི་རྗེས་སུ་ཚོལ་བར་བྱེད་པ་དང་ལྡན་པ་ལ་དགེ་བའི་བཤེས་གཉེན་གྱིས་ཇི་ལྟ་བ་བཞིན་གདམས་ང
57	verse-stanza	21		དེ་ལ་དགེ་བའི་རྩ་བ་མཐུ་ཆེན་འཕེལ་གྱུར་ཏེ། །↵སྤྲིན་མེད་འོད་གསལ་ཟླ་དཀྱིལ་ཡར་གྱི་ངོ་བ
58	terminal-particle	7		ཞེས་བྱ་བ་ཡན་ཆད་ཀྱིས་སོ། །
59	line-end	35		དེའི་རྗེས་ལ་གདམས་ངག་བཟུང་བ་དང་ལྡན་པས་ཁོང་དུ་ཆུད་པའི་རིམ་པ་ཅི་འདྲ་བར་བྱ་བ་ནི། བྱང
60	verse-stanza	21		སངས་རྒྱས་རྒྱུད་དང་ཆོས་ཀྱི་རྒྱུད་ཀྱང་ཡོངས་སུ་འཛིན། །↵དེ་བཞིན་དགེ་འདུན་རྒྱུད་དང་ཆོ
61	terminal-particle	7		ཞེས་བྱ་བ་ཡན་ཆད་ཀྱིས་སོ། །
62	terminal-particle	48	STAGE2_REVIEW	དེའི་རྗེས་ལ་ཆོས་ཀྱི་རྣམ་གྲངས་འདིའི་མིང་དོན་དང་ལྡན་པ་རྟོགས་པ་མངོན་དུ་འགྲོ་བས་ཡུན་
63	line-end	38		དེ་ལྟ་ཡིན་མོད་ཀྱི་རྟོགས་སླ་བ་ཉིད་ཀྱིས་དོན་ལྷག་མ་བཞི་པོ་མ་གསུངས་པར་ཤེས་རབ་ཀྱི་ཕ་ར
64	verse-stanza	26		རྣམ་ཀུན་མཁྱེན་ཉིད་ལམ་ཤེས་ཉིད། །↵དེ་ནས་ཐམས་ཅད་ཤེས་པ་ཉིད། །↵རྣམ་ཀུན་མངོན་རྫོགས་རྟོ
65	verse-stanza	13		སྐད་ཅིག་གཅིག་མངོན་རྫོགས་བྱང་ཆུབ། །↵ཆོས་ཀྱི་སྐུ་དང་དེ་རྣམས་བརྒྱད། །
66	terminal-particle	5		ཅེས་གསུངས་པ་ཡིན་ནོ། །
67	line-end	37		ད་ནི་ཚིག་གི་དོན་ལ་སོགས་པ་བཤད་པས་མདོའི་དོན་བརྗོད་པར་བྱ་སྟེ། དེ་ནས་ཞེས་བྱ་བ་ལ་སོགས
68	verse-stanza	17		མན་ངག་མདོར་བསྡུས་ནས་བསྟན་པའི་སྐབས་ཡིན་ནོ། །↵ཡང་གི་སྒྲ་ནི་ཚིག་གི་རྒྱན་ནོ། །
69	terminal-particle	30		ངེས་པའི་ཚིག་ཏུ་ན་ཉོན་མོངས་པ་ལ་སོགས་པ་བཅོམ་པས་ཡང་ན་བཅོམ་ལྡན་འདས་ཡིན་པར་བསྟན་པའམ། 
70	terminal-particle+terminal-particle+objection-close(merged)	26		ཉན་ཐོས་ལ་སོགས་པས་བསྟན་པའི་གདུལ་བྱ་མི་སྲིད་པས་བཅོམ་ལྡན་འདས་ཉིད་ཀྱིས་བསྟན་ཏོ། །ཞེས
71	terminal-particle	37		འཁོར་བཞི་པོ་ཞེས་བྱ་བ་ལ་སོགས་པ་ལ་དེ་དག་གིས་སྔར་གཞུང་རྒྱས་པ་མཉན་པས་སྦྱངས་པའི་ཕྱིར་
72	terminal-particle	51	STAGE2_REVIEW	དེ་དག་ཅེས་བྱ་བའི་ཚིག་གིས་ནི་མ་ནིང་ལ་སོགས་པ་ཉོན་མོངས་པ་ཤས་ཆེ་བའི་ཕྱིར་རམ་ཆོས་ཉིད་
73	terminal-particle+maxcap	26		བྲལ་བ་མ་ཡིན་པའི་སྐྱེས་པ་དང་བུད་མེད་དག་ལ་སྲིད་པའི་ཕྱིར་དགེ་སློང་དང་། དགེ་སློང་མ་ད
74	terminal-particle+maxcap	37		དགེ་བསྙེན་མ་རྣམས་བདག་ཉིད་ལ་ཕན་པ་དང་རྟག་པའི་འཁོར་རྣམས་བསྡུས་ནས་འཁོར་བཞི་པོ་ཉེ་བར་
75	terminal-particle+maxcap	33		མི་སློབ་པ་དང་། དེ་བཞིན་དུ་སྐྱེ་དགུའི་བདག་མོ་ལ་སོགས་པ་དགེ་སློང་མ་རྣམས་དང་། གཟུགས་
76	terminal-particle+maxcap	24		དེ་བཞིན་དུ་དགེ་བསྙེན་མ་ས་ག་ལ་སོགས་པ་གཙོ་བོར་གྱུར་པ་རྣམས་སྨོས་ཏེ། གླེང་གཞིའི་ལེའུ
77	terminal-particle	30		ཤིན་ཏུ་ཁྱད་པར་ཅན་གྱི་ཆོས་རྟོགས་པ་དང་འབྲེལ་པས་དེ་དག་གི་མཚན་ཉིད་དང་བྲལ་བའི་ཕྱིར་དག
78	terminal-particle+maxcap	27		སེམས་ཅན་གྱི་དོན་བྱེད་པས་གཞན་གྱི་དབང་དུ་གྱུར་པའི་ཕྱིར་མི་བརྟན་པའི་འཁོར་ཡིན་པས་འདི
79	terminal-particle	76	STAGE2_REVIEW	ཡང་དག་པར་དགའ་བར་མཛད་པའི་ཕྱིར་ཞེས་བྱ་བ་ཕྱིན་ཅི་མ་ལོག་པའི་བརྩོན་འགྲུས་དང་ལྡན་པའི་ཕ
80	terminal-particle+terminal-particle(merged)	25		དེ་བཞིན་དུ་འདིར་དོན་འདི་ཉིད་འཛིན་པར་འགྱུར་རོ། །གཞན་དུ་ན་རིགས་པ་དང་མི་ལྡན་པས་དོར་
81	terminal-particle	41	STAGE2_REVIEW	ཡང་ན་ཡང་དག་པར་དགའ་བར་མཛད་པའི་ཕྱིར་ཞེས་བྱ་བ་ནི་རང་ཉིད་ངག་ལ་དབང་བར་བསྟན་པས་བདག་ཉིད
82	terminal-particle	34		ཅིའི་ཕྱིར་སྟོན་ཅེ་ན་སྨྲས་པ་ཞེས་བྱ་བ་ལ་སོགས་པ་སྨོས་ཏེ། ཡང་ཞེས་བྱ་བ་ནི་རྒྱས་པར་བསྟ
83	terminal-particle+maxcap	12		ཤེས་རབ་ཀྱི་ཕ་རོལ་ཏུ་ཕྱིན་པ་ཞེས་གསུངས་པ་ལ།
84	terminal-particle+maxcap	30		ཐོས་པའི་ཤེས་རབ་ལ་སོགས་པ་བསྐྱེད་ནས་རྣམ་པ་ཐམས་ཅད་མཁྱེན་པ་ཉིད་ཐུགས་སུ་ཆུད་པས་གསལ་བའ
85	terminal-particle+maxcap+terminal-particle(merged)	31		ཕ་རོལ་ནི་དེ་ཁོ་ན་ཉིད་ཀྱི་རང་བཞིན་གྱི་ཕ་རོལ་ལོ། །ཤེས་རབ་ནི་ཆོས་རབ་ཏུ་རྣམ་པར་འབྱེད
86	terminal-particle+terminal-particle(merged)	33		ཤེས་རབ་ཀྱི་ཕ་རོལ་ཏུ་ཕྱིན་པའི་གཙོ་བོ་ནི། སངས་རྒྱས་བཅོམ་ལྡན་འདས་ཏེ་སྒྱུ་མ་ལྟ་བུའི་
87	ordinal-open	33		དང་པོ་སྦྱོར་བ་ལ་སོགས་པ་མཚན་ཉིད་ཀྱི་ལམ་སྟེ། འབྲས་བུ་དེའི་དོན་དུ་སྦྱོར་བ་ཉིད་ཀྱི་ག
88	terminal-particle	28		དེ་དང་འདི་སྟེ་གསལ་བར་བྱེད་པའི་ཀུན་རྫོབ་ལ་གཞན་པའི་དབང་གིས་འཇུག་པ་གང་ཡིན་པ་རབ་ཏུ་ཕ
89	terminal-particle+maxcap+terminal-particle(merged)	40		དེ་ཡང་སྟོང་ཕྲག་བརྒྱ་པ་ལ་སོགས་པ་དེ་ལ་སྦྱོར་བས་ན་དེ་གཉིས་ནི་བརྟག་པའི་ཤེས་རབ་ཀྱི་ཕ་
90	terminal-particle	34		དེ་ལྟ་བས་ན་ཇི་སྐད་བསྟན་པའི་དོན་སྟོན་པར་བྱེད་པའི་གཞུང་གིས་རང་བཞིན་དེ་ཉིད་བསྡུས་ནས
91	terminal-particle+maxcap	20		དེའི་ཚེ་ནི་དེར་དོན་མདོར་བསྡུས་ནས་བསྟན་པ་ཉན་པར་རུང་བའི་འཁོར་བའི་འདུས་པ་དེའི་ཚེའོ།
92	terminal-particle	34		ཚིགས་སུ་བཅད་པ་འདི་ཞེས་བྱ་བ་ལ་སོགས་པ་ལ། དགའ་དང་གུས་དང་ཞེས་བྱ་བ་ལ་སོགས་པ་མཇུག་ཐོགས
93	terminal-particle+terminal-particle(merged)	38		ཚིགས་སུ་བཅད་པ་ནི་ཁྱད་པར་ཅན་གྱི་སྡེབ་སྦྱོར་གྱི་མཚན་ཉིད་དང་ལྡན་པའོ། །བཅོམ་ལྡན་འདས་
94	line-end	27		དེ་ལྟར་འབྲེལ་པ་བསྟན་ནས་རྣམ་པ་ཐམས་ཅད་མཁྱེན་པ་ཉིད་ཐོབ་པར་འདོད་པས། ཐོག་མར་བྱང་ཆུབ་ཀ
95	line-end+maxcap	27		སྙིང་རྗེའི་སྙིང་པོ་ཅན་བསྐྱེད་པར་བྱ་བ་ཡིན་པས་དེ་བཤད་པར་འདོད་ནས་དགའ་དང་ཞེས་བྱ་བ་ལ་
96	verse-stanza	14		དགའ་བ་ནི་མངོན་པར་འདོད་པའོ། །↵གུས་པ་ནི་མངོན་པར་ཡིད་ཆེས་པའོ། །
97	terminal-particle	24		དད་པ་ནི་གུས་པའི་བྱེ་བྲག་གོ །མཆོག་ནི་ཐམས་ཅད་ཀྱི་མཆོག་གོ །ཉེ་བར་གཞག་སྟེ་ནི་ཉེ་བར་བ
98	terminal-particle	37		འདི་སྐད་དུ་ནུས་པ་ཉིད་དང་། ཡོད་པ་ཉིད་དང་། ཡོན་ཏན་དང་ལྡན་པའི་ཆོས་ཡུམ་གྱི་བྱེ་བྲག་ཐ
99	terminal-particle+maxcap	18		མངོན་པར་ཡིད་ཆེས་པ་དང་རབ་ཏུ་དང་བ་སྟེ། དད་པའི་བྱེ་བྲག་རྣམ་པ་གསུམ་མོ། །
100	terminal-particle	34		ཐམས་ཅད་མཆོག་ཏུ་བསྐྱེད་པས་མཉན་པར་བྱ་སྟེ། གཞན་དུ་ན་དོན་མེད་པར་འགྱུར་ཏེ། དད་པ་ནི་ཆོ
101	terminal-particle	35		བླང་བར་བྱ་བ་བསྟན་ནས་དེ་བཞིན་དུ་དོར་བར་བྱ་བ་བསྟན་པའི་ཕྱིར་སྒྲིབ་པ་ཞེས་བྱ་བ་ལ་སོགས
102	terminal-particle+maxcap+terminal-particle+terminal-particle(merged)	38		སྒྲིབ་པ་དང་ཉོན་མོངས་པའི་དྲི་མ་རྣམས་སོ། །དེ་ལ་སྒྲིབ་པ་ནི་ཤེས་བྱ་ལ་མངོན་པར་ཞེན་པ་ད
103	terminal-particle+terminal-particle(merged)	31		དེ་དག་ཉིད་ལུས་དང་ངག་དང་ཡིད་ཉོན་མོངས་པར་བྱེད་པས་ན་ཉོན་མོངས་པའོ། །དེ་ཡང་གཉེན་པོ་གོ
104	terminal-particle	12		དེ་བསལ་ཞེས་བྱ་བར་འབྲེལ་ཏེ། དེ་ལྟར་བསྟན་པར་འགྱུར་རོ། །
105	terminal-particle	36		དངོས་པོ་ལ་མངོན་པར་ཞེན་པ་དང་། འདོད་ཆགས་ལ་ཞེན་པ་མེད་པར་དེ་ཉིད་ལ་གཞོལ་བའི་སེམས་ཀྱིས
106	objection-close	22		མི་མཐུན་པའི་ཕྱོགས་དང་གཉེན་པོའི་ཕྱོགས་འདི་སྤང་བ་དང་བྱ་བ་ཡང་ཅི་ཞིག་མཉན་པར་བྱ་ཞེ་ན།
107	terminal-particle	20		ཞི་བ་མཉན་པར་གྱིས་ཞེས་བྱ་བ་སྨོས་ཏེ། མངོན་པར་མཐོང་བའི་ཆོས་ཐོབ་པའི་བསམ་པས་མི་བྱའོ། 
108	terminal-particle+terminal-particle(merged)	36		ཐར་པའི་བསམ་པ་མྱ་ངན་ལས་འདས་པའི་རྒྱུ་མཐུན་པ་ལ་ལུས་དང་ངག་དང་ཡིད་མངོན་དུ་ཕྱོགས་པ་རྒྱ
109	terminal-particle	26		རྗེས་ཀྱི་ཡིད་ཀྱི་རྣམ་པར་ཤེས་པས་ཤེས་རབ་ཀྱི་ཕ་རོལ་ཏུ་ཕྱིན་པ་ཁོང་དུ་ཆུད་པར་བྱའོ་ཞེས
110	terminal-particle+objection-close(merged)	24		འདིར་དེ་ནི་ཉེ་བར་མཚོན་པ་སྟེ། བསམ་པ་དང་བསྒོམ་པ་ཞེས་བྱ་བ་ཡང་གཟུང་བར་བྱའོ། །ཇི་ལྟར་
111	terminal-particle	34		འགྲོ་དོན་མངོན་ཞུགས་ཞེས་བྱ་བ་ལ་སོགས་པ་གསུངས་ཏེ། འགྲོ་བ་སེམས་ཅན་མ་ལུས་པ་རྣམས་ཀྱི་ད
112	terminal-particle+maxcap	39		ངེས་པར་ལེགས་པའི་ཆོས་ཐོབ་པར་བྱ་བའི་ཕྱིར་དེའི་དོན་ལ་ཕྱོགས་པ་ནི་ཞུགས་པ་སྟེ། སེམས་བས
113	terminal-particle+terminal-particle(merged)	35		དེས་པ་ནི་ཆོས་ཀྱི་དབྱིངས་ཁྱད་པར་དུ་འཕགས་པ་དང་། དམིགས་པ་མེད་པའི་ཐུགས་རྗེའི་བདག་ཉིད
114	terminal-particle	49	STAGE2_REVIEW	དེས་ན་འདི་སྐད་དུ་བྱང་ཆུབ་སེམས་དཔའ་སེམས་དཔའ་ཆེན་པོས་གཟུགས་བརྙན་སྤངས་ནས་ཤེས་རབ་ཀྱི
115	terminal-particle+maxcap	25		བྱང་ཆུབ་རྣམ་པ་གསུམ་ཀ་དེ་མེད་ན་མི་འབྱུང་བས་དབང་དུ་བྱས་པའི་ཕྱིར་རོ་ཞེས་བྱ་བ་བསྟན་པ
116	terminal-particle	28		ཤེས་རབ་ཀྱི་ཕ་རོལ་ཏུ་ཕྱིན་པ་སྤྱིའི་སྒྲར་གསུངས་མོད་ཀྱི། འོན་ཀྱང་བརྡ་ལ་སོགས་པའི་སྟོ
117	terminal-particle+maxcap	35		ཤེས་རབ་ཀྱི་ཕ་རོལ་ཏུ་ཕྱིན་པ་ནི་བྱང་ཆུབ་ཀྱི་སེམས་ཀྱི་རང་བཞིན་གྱི་དོན་ཏེ། ཆོས་ཐམས་ཅ
118	terminal-particle	29		དེས་ནི་འདི་སྐད་དུ་སྙིང་རྗེ་ཆེན་པོའི་ས་བོན་རབ་ཏུ་སད་པ་ལས་བྱང་ཆུབ་སེམས་དཔའི་སྡོམ་པ
119	terminal-particle+maxcap	16		སྟོང་པ་ཉིད་དང་སྙིང་རྗེའི་སྙིང་པོ་ཅན་གྱི་བྱང་ཆུབ་ཀྱི་སེམས་བསྐྱེད་དེ།
120	terminal-particle+maxcap	75	STAGE2_REVIEW	ཡང་དག་པར་རྫོགས་པའི་སངས་རྒྱས་ཐོབ་ནས་སྐལ་བ་ཇི་ལྟ་བ་བཞིན་དུ་གཞན་གྱི་དོན་བྱའོ་ཞེས་སྨ
121	terminal-particle+maxcap	32		སའི་རིམ་པས་སངས་རྒྱས་ཀྱི་ས་ཀུན་ཏུ་འོད་ཀྱི་བར་དུ་གང་གིས་རྟོགས་པ་དེ་དག་གི་བདག་ཉིད་ན
122	terminal-particle+maxcap+terminal-particle(merged)	22		སྒྱུ་མ་ལྟ་བུའི་ཐོས་པ་ལ་སོགས་པའི་ཤེས་པ་བསྐྱེད་ཅིང་བསྒྲུབ་པར་བྱའོ། །ཞེས་དོན་གྱིས་བ
123	terminal-particle	33		ལམ་ཤེས་པ་ལ་སོགས་པ་མ་བསྒྲུབས་པར་རྣམ་པ་ཐམས་ཅད་མཁྱེན་པ་ཉིད་ཀྱི་བདག་ཉིད་སེམས་བསྐྱེད་
124	terminal-particle+maxcap	35		དེ་བས་ན་དེ་དག་དང་ཇི་ལྟར་འབྲེལ་པར་འགྱུར་ཞེས་ཟེར་ན། གང་ལ་དཔའ་རྣམས་སྤྱོད་པ་ཞེས་བྱ་བ
125	terminal-particle	26		མི་མཐུན་པའི་ཕྱོགས་ཀྱི་ཆོས་ཐམས་ཅད་ལས་རྒྱལ་ཞིང་ཉམས་པར་མི་ནུས་པ་ཡོད་པ་ནི་བྱང་ཆུབ་སེ
126	terminal-particle	39		ཆོས་མ་ལུས་པ་ལ་གོམས་པ་དང་ལྡན་པས་ཞུགས་པ་དེ་ལྟ་བུ་ནི་སེམས་བསྐྱེད་པའི་རང་གི་ངོ་བོ་སྟ
127	terminal-particle	22		དེ་ལྟ་བས་ན་འདི་སྐད་དུ་ཇི་སྐད་བཤད་པའི་སེམས་བསྐྱེད་པ་ལ་མ་གཏོགས་པའི་ཆོས་གཞན་མེད་དེ།
128	terminal-particle+maxcap	24		གདམས་ངག་ལ་སོགས་པ་ཡང་ཁྱད་པར་གྱི་དོན་བསྟན་པའི་ཕྱིར་སེམས་བསྐྱེད་པའི་རབ་ཏུ་དབྱེ་བ་ཁོ
129	terminal-particle	34		དེ་བས་ན་དེའི་རང་བཞིན་རྣམ་པ་ཐམས་ཅད་མཁྱེན་པ་ཉིད་ནི་བྱང་ཆུབ་སེམས་དཔའ་ཐོབ་པར་བྱ་བ་མ་
130	terminal-particle	46	STAGE2_REVIEW	དེ་ལྟ་ཡིན་ན་ཅིའི་ཕྱིར་སྟོང་ཕྲག་བརྒྱ་པ་ལས་བྱང་ཆུབ་སེམས་དཔའི་ལམ་ཤེས་པ་ལ་སོགས་པ་ཐ་ད
131	terminal-particle+maxcap	31		རྒྱུ་དང་བཅས་པའི་འབྲས་བུ་ཐོབ་པ་ལ་ལྟོས་ནས་བསྟན་པའི་ཕྱིར་གསུངས་ལ། ཚོགས་ཀྱི་བསྒྲུབ་པ
132	terminal-particle+maxcap	34		འོན་ཀྱང་མཐོང་བའི་ལམ་ལ་སོགས་པ་རྒྱལ་བའི་སྲས་རྣམས་ལམ་མ་ཡིན་ནོ་ཞེས་དོགས་པ་བསལ་བའི་ཕྱ
133	terminal-particle	39		དེ་བས་ན་དེ་ཉིད་ལས་ལམ་ཤེས་པ་ཐ་དད་པར་བཀོལ་ནས་རབ་ཏུ་དགའ་བ་ལ་སོགས་པ་ས་བདུན་པ་ལ་ཞུགས་
134	terminal-particle+maxcap	26		དེ་ལྟ་བས་ན་ལམ་ཤེས་པ་ལ་ནི་ལམ་ཐམས་ཅད་ཤེས་པར་བྱ་དགོས་པས་ཉན་ཐོས་ལ་སོགས་པའི་ལམ་སྟོན་མ
135	terminal-particle+maxcap	43	STAGE2_REVIEW	འོན་ཀྱང་བྱང་ཆུབ་སེམས་དཔའི་ལམ་བསྟན་པས་ལྡོག་པའི་སྒོ་ནས་ཡང་འཕངས་པའི་མི་རྟག་པ་ལ་སོགས
136	terminal-particle+maxcap	32		རབ་ཏུ་སྤྲོས་པས་བདེ་བླག་ཏུ་རྟོགས་པར་བྱ་བའི་ཕྱིར་ཡང་དེ་ཉིད་ལས་ལོགས་ཤིག་ཏུ་ཐམས་ཅད་ཤ
137	terminal-particle+maxcap	32		ལམ་ལྟར་སྣང་བ་ལ་སོགས་པའི་སྐྱོན་རྣམས་སྤངས་ཏེ་ཀུན་རྫོབ་ཀྱི་བདེན་པ་ཙམ་ལ་གཞག་གོ །གཞན་
138	terminal-particle	10		དེའི་རྗེས་ཐོགས་ལ་རྣམ་པ་དང་། ལམ་དང་།
139	terminal-particle+maxcap	32		དངོས་པོའི་ཤེས་པའི་རྣམ་པ་ཐམས་ཅད་བསྡུས་ནས་དབང་དུ་བྱ་བའི་ཕྱིར་ཡང་དང་ཡང་དུ་མངོན་དུ་བ
140	terminal-particle+maxcap	39		ལམ་ཤེས་པ་ལ་སོགས་པའི་རང་བཞིན་ཁྱད་པར་གྱི་ལམ་སྟོབས་ཅན་ས་བརྒྱད་པ་མི་གཡོ་བ་དེའི་དབྱེ་
141	terminal-particle	8		དེའི་རྗེས་ལ་གཉེན་པོའི་ཚོགས་དང་།
142	terminal-particle+maxcap	52	STAGE2_REVIEW	ངེས་པར་འབྱུང་བའི་སྒྲུབ་པའི་རབ་ཏུ་དབྱེ་བ་རྟོགས་པར་བྱ་བའི་ཕྱིར་གསལ་བ་རབ་ཀྱི་མཐར་ཐུ
143	terminal-particle	39		དེའི་རྗེས་ཐོགས་ལ་ས་བཅུ་པའི་བར་ཆད་མེད་པའི་ཏིང་ངེ་འཛིན་གྱི་གནས་སྐབས་སུ་སོ་སོ་དང་བས
144	terminal-particle+maxcap	15		དེ་ཉིད་བསྒོམ་པ་ནི་མཐར་གྱིས་པའི་མངོན་པར་རྟོགས་པའི་མཐར་ཕྱིན་པའོ། །
145	terminal-particle	42	STAGE2_REVIEW	དེ་ནས་གོ་རིམས་བཞིན་དུ་བསྒོམ་པའི་ཆོས་རྣམས་ཤིན་ཏུ་གོམས་པར་བྱས་པས་སྐད་ཅིག་གཅིག་ལ་དེ
146	terminal-particle	47	STAGE2_REVIEW	དེའི་རྗེས་ལ་རྣམ་པ་ཐམས་ཅད་མངོན་དུ་བྱེད་པ་ཆེད་དུ་བྱ་བ་གསུམ་མངོན་སུམ་དུ་བྱས་ནས་རྟོག
147	terminal-particle	36		དེ་ལྟ་བས་ན་སེམས་བསྐྱེད་པ་སྒྱུ་མ་ལྟ་བུའི་རང་བཞིན་ཉིད་ཀྱིས་རྣམ་པ་ཐམས་ཅད་མཁྱེན་པ་དང
148	terminal-particle	36		རིགས་པ་ལས་ཀྱང་རྟོགས་པར་བྱ་སྟེ། འདི་ལྟར་གང་ཡོད་པར་དམིགས་པའི་མཚན་ཉིད་དུ་གྱུར་པ་དེ་
149	terminal-particle	26		སྔོན་པོ་ལ་སོགས་པ་ཡང་ཡོད་པར་དམིགས་པའི་མཚན་ཉིད་དུ་གྱུར་པའི་ཕྱིར་ཞེས་བྱ་བ་ནི་རང་བཞི
150	terminal-particle+terminal-particle(merged)	33		བ་ལང་རྫིའི་སྐྱེ་བོ་ཡན་ཆད་ཀྱིས་ཉམས་སུ་མྱོང་བར་གྲུབ་པའི་ཕྱིར་མ་གྲུབ་པ་ཡང་མ་ཡིན་ནོ།
151	terminal-particle	41	STAGE2_REVIEW	དེ་ལྟ་བུའི་དོན་ཀྱང་འགེགས་ན་ནི་ཡོད་པའི་ཐ་སྙད་ཐམས་ཅད་རྒྱུན་འཆད་པར་འགྱུར་རོ་ཞེས་བྱ་
152	terminal-particle	35		དེ་བས་ན་ཕྱིའི་དོན་ཡོད་པར་འགྲུབ་བོ་ཞེས་ཟེར་ན་མ་ཡིན་ཏེ། གང་གི་ཕྱིར་གང་ཞིག་རིག་པ་ན་
153	terminal-particle+maxcap	12		སྔོན་པོ་རིག་པ་ན་སེར་པོ་མི་རིག་པ་བཞིན་ནོ། །
154	terminal-particle	33		ཡང་ཤེས་པའི་བདག་ཉིད་རིག་པར་གྱུར་པ་ན་མངོན་པར་འདོད་པའི་ཕྱིའི་དོན་རིག་པའི་ཐབས་མེད་པའ
155	terminal-particle+terminal-particle(merged)	31		གང་གི་ཕྱིར་ཉེ་བའི་རྒྱུ་མཚན་མེད་པས་ན་རྣམ་པ་མེད་པས་ཀྱང་མ་ཡིན་ནོ། །ཤིན་ཏུ་ཐལ་ཆེས་པའ
156	terminal-particle	21		མེད་ན་མི་འབྱུང་བ་མེད་པས་འཁྲུལ་པ་སྲིད་པའི་ཕྱིར་རྣམ་པ་དང་བཅས་པས་ཀྱང་མ་ཡིན་ནོ། །
157	terminal-particle+terminal-particle(merged)	36		ཕྱོགས་གཞན་ཡང་མི་སྲིད་པས་ཤེས་པ་གཞན་མེད་པས་ན་དོན་རིག་པའི་ཐབས་མེད་པའི་ཕྱིར་མ་གྲུབ་པ
158	terminal-particle	38		རིག་པའི་ཐབས་མེད་པ་ཡང་རིག་ན་ནི་ཐམས་ཅད་ཀྱང་རིག་པར་ཐལ་བར་འགྱུར་རོ་ཞེས་བྱ་བས་བཟློག་ན
159	terminal-particle	23		དེ་ལྟ་བས་སྔར་གཏན་ཚིགས་དམིགས་པའི་མཚན་ཉིད་དུ་གྱུར་པའི་ཕྱིར་ཞེས་བྱ་བ་མ་གྲུབ་པ་མ་ཡིན
160	terminal-particle	34		བསྒྲུབ་པར་བྱ་བ་ལས་བཟློག་པར་གྲུབ་པས་འགལ་བ་ཡིན་ཏེ། རྣམ་པར་ཤེས་པ་དེ་ཉིད་མ་རིག་པའི་ས
161	terminal-particle	18		ཤེས་པ་ཙམ་གྱིས་ངོ་བོར་འདུས་པས་གཉིས་མེད་པ་ཉིད་དུ་འགྲུབ་པོ་ཞེས་ཟེར་ན།
162	terminal-particle+maxcap	35		དེ་ལྟ་མོད་ཀྱི་འོན་ཀྱང་དེར་སྣང་བ་ལས་ཐ་དད་པར་གྲུབ་པའི་མཐའ་ལ་སོགས་པ་ལ་བརྟེན་ཏེ་དེ་ཁ
163	terminal-particle+maxcap	38		འོན་ཏེ་མ་ཡིན་པར་རྟོག་གྲང་ན། གལ་ཏེ་ཕྱོགས་དང་པོ་ཡིན་ན་ནི་གང་ཞིག་ཕྱིན་ཅི་མ་ལོག་པའི་
164	terminal-particle+maxcap	16		འགའ་ཞིག་ནོར་བུའི་གཟུགས་ལ་སོགས་པ་ལ་མ་འཁྲུལ་བའི་ཤེས་པ་བཞིན་ནོ། །
165	terminal-particle	26		ཤེས་པ་འདི་ཡང་ཕྱིན་ཅི་མ་ལོག་པ་ཡིན་པའི་ཕྱིར་ཞེས་བྱ་བ་ནི་ཁྱབ་པར་བྱེད་པ་འགལ་བ་དམིགས་
166	terminal-particle	38		སྒྲོ་བཏགས་པ་མ་ལུས་པས་དབེན་པ་རྟོག་པ་དང་བྲལ་བའི་སེམས་དང་སེམས་ལས་བྱུང་བ་ཐམས་ཅད་བདག་
167	terminal-particle	13		མཐུན་པའི་ཕྱོགས་ལ་ཡོད་པའི་ཕྱིར་འགལ་བ་ཡང་མ་ཡིན་ནོ། །
168	terminal-particle	38		སྒྲོ་བཏགས་པའི་ཆོས་འཛིན་པའི་ཕྱིར་རང་གི་ངོ་བོ་རིག་པར་མི་འགྱུར་རོ་ཞེས་བྱ་བས་བཟློག་ན
169	terminal-particle	51	STAGE2_REVIEW	ཕྱོགས་གཉིས་པ་ཁས་ལེན་ན་དེའི་ཚེ་སྣང་བའི་དོན་ལ་བསྙོན་རྟོལ་བྱ་བར་མི་ནུས་པ་སྒྲོ་བཏགས་
170	terminal-particle	31		གཉིས་སུ་མེད་པའམ་གཉིས་ཞེས་པ་དེ་ཉིད་སྒྱུ་མ་ལྟ་བུ་ཡིན་པའི་ཕྱིར་སྙིང་པོ་མེད་དེ། དོན་
171	terminal-particle	51	STAGE2_REVIEW	དེ་ལྟར་སེམས་བསྐྱེད་པ་ཙམ་གྱི་བདག་ཉིད་ཤེས་རབ་ཀྱི་ཕ་རོལ་ཏུ་ཕྱིན་པ་སྒྱུ་མའི་རང་བཞིན་
172	line-end	43	STAGE2_REVIEW	གང་དེ་ལྟ་ཡིན་ན་ཇི་ལྟར་ཆོས་འདི་ཉིད་རྟོགས་པ་དང་མི་ལྡན་པས་སྟོང་ཕྲག་བརྒྱ་པ་ལ་སོགས་པར
173	line-end+maxcap	27		དེ་བཞིན་གཤེགས་པའི་མཐུ་ཉིད་ཡིན་པར་དཔེ་སྔོན་དུ་འགྲོ་བས་ལན་དུ། འཛམ་བུའི་གླིང་འདིར་ཞ
174	verse-stanza	25		འདི་ནས་བྱང་དུ་རི་ནག་པོ། །↵དགུ་འདས་གངས་རིའོ་དེ་ནས་ནི། །↵སྤོས་ངད་ལྡན་པའི་ཚུ་རོལ་ན།
175	terminal-particle+terminal-particle+terminal-particle(merged)	22		ཞེས་བྱ་བས་བསྟན་ཏེ། མ་དྲོས་པའི་མཚོ་ལས་ཤར་ནས་ནི་གང་གཱའོ། །ལྷོ་ནས་ནི་པ་ཀྵུའོ། །ནུབ་
176	terminal-particle	38		བྱང་ནས་ནི་སི་ཏ་སྟེ། དེའི་མཐུས་མངོན་སུམ་དང་བརྒྱུད་པས་འདུས་པའི་ཕྱིར་ཆུ་ཀླུང་ཇི་སྙེ
177	terminal-particle+maxcap	35		མཚོའི་མཐའ་མ་ན་འཛམ་བུའི་ཤིང་གནས་པས་ཉེ་བར་མཚོན་པ་རྒྱ་མཚོ་ཆེན་པོའི་ཆུའི་ནང་ན་གནས་པའ
178	terminal-particle+maxcap+terminal-particle(merged)	39		གཅིག་ལ་དཔག་ཚད་ཕྱེད་དང་བཞི་བཅས་པ་ནི་ཆུ་ཞེང་གི་ཚད་དེ། དེ་ཐམས་ཅད་ནི་ཆོས་མངོན་པ་གཅིག
179	terminal-particle	30		འཛམ་བུའི་གླིང་ལ་སོགས་པའི་སྣོད་གཞག་པ་ཐེག་པ་ཆེན་པོའི་མདོ་ལས་རྣམ་པར་གཞག་པའི་ཚད་ཤིན་
180	objection-close+terminal-particle(merged)	37		དེ་ལྟར་ན་ཇི་ལྟར་གཞན་དང་གཞན་མི་འགལ་ཞེ་ན། སྨྲས་པ་གང་གི་ཕྱིར་ཕྱིའི་དངོས་པོ་ཡོངས་སུ་
181	terminal-particle+maxcap	20		ཇི་ལྟ་ཇི་ལྟར་སོ་སོར་སྣང་བ་དེ་ལྟ་དེ་ལྟར་རྣམ་པར་བཞག་སྟེ་འགལ་བ་མེད་དོ། །
182	terminal-particle	24		ཆུ་ཀླུང་གི་བྱ་བ་ཇི་ལྟ་བུ་ཅན་ཡིན་པ་ནི་མེ་ཏོག་འབྲས་ལྡན་ཞེས་བྱ་བ་ལ་སོགས་པ་གསུངས་ཏེ།
183	terminal-particle+maxcap+terminal-particle+maxcap(merged)	30		མེ་ཏོག་དང་འབྲས་བུ་དང་ལྡན་པ་དག་ནི་ཨ་མྲ་ལ་སོགས་པའི་ཤིང་ངོ་། །འབྲས་བུ་སྨིན་ནས་སྐམ་པ
184	line-end	16		འབྲས་བུ་འབའ་ཞིག་འབྱུང་བའི་ཕྱིར་ནགས་མ་སྟེ། ཨུ་དུམ་བཱ་ར་ལ་སོགས་པའོ། །
185	verse-stanza	19		དེ་དག་སྐྱེད་བྱེད་ནི་གསོ་བར་བྱེད་པ་དང་།↵འཕེལ་བར་བྱེད་པ་ཞེས་བྱ་བའི་བར་དུའོ། །
186	objection-close+terminal-particle(merged)	17		གང་གི་མཐུས་འབབ་ཅེ་ན། ཀླུ་དབང་ལ་སོགས་པ་གསུངས་ཏེ། ཀླུ་ནི་སྦྲུལ་གྱི་ཚོགས་སོ། །
187	terminal-particle	27		དབང་པོ་ནི་བདག་པོ་སྟེ། ཀླུའི་རྗེ་བོ་དེ་ཉིད་ནོར་རྒྱས་ལ་སོགས་པ་དེ་རྣམས་ནི་བདག་པོའི་
188	terminal-particle+terminal-particle(merged)	28		རྟེན་ནི་ཡན་ལག་བརྒྱད་དང་ལྡན་པར་འབྱུང་བས་ཚ་བ་འཇོམས་པས་ན་མ་དྲོས་པ་སྟེ། བདག་ཉིད་ཀྱི་
189	terminal-particle	34		དཔལ་དང་ལྡན་ཏེ། ཀླུང་རྣམས་ཀྱི་ནང་ན་ཤིན་ཏུ་ཕུལ་དུ་བྱུང་བ་ཡིན་ཏེ། བྱེ་ཚན་གྱི་འཇིགས་
190	terminal-particle+maxcap+terminal-particle(merged)	22		མ་དྲོས་པ་ཞེས་བྱ་བའི་དོན་ཏོ། །དཔེ་བསྟན་ནས་དོན་ནི་རྒྱལ་བའི་ཞེས་བྱ་བ་ལ་སོགས་པ་གསུངས
191	terminal-particle+maxcap	33		དེ་བཞིན་དུ་རྒྱལ་བའི་ཉན་ཐོས་པ་དག་མདོ་དང་དབྱངས་ཀྱིས་བསྙད་པ་ལ་སོགས་པའི་མཚན་ཉིད་ཇི་ས
192	terminal-particle+maxcap	20		ལུང་གི་ཚད་མ་དང་ལྡན་པ་ཉིད་ནི་རིག་པ་དག་དང་ལྡན་པ་སྟེ་ཐོས་པ་དང་།
193	terminal-particle+maxcap	38		བསམ་པ་དང་བསྒོམ་པའི་ཤེས་རབ་བསྐྱེད་པའི་ཕྱིར་རིམ་པ་ཇི་ལྟ་བ་བཞིན་དུ་སྟོན་པར་བྱེད་པ་ད
194	objection-close+terminal-particle+terminal-particle(merged)	37		ཅིའི་ཕྱིར་ཞེ་ན། མཆོག་འཕགས་ཞེས་བྱ་བ་ལ་སོགས་པ་གསུངས་ཏེ། ཐམས་ཅད་ཀྱི་མཆོག་ཉིད་དོ། །བ
195	terminal-particle	14		བདེ་བ་བྱེད་པ་ནི་མི་གནས་པའི་མྱ་ངན་ལས་འདས་པ་སྟེ།
196	terminal-particle+maxcap	58	STAGE2_REVIEW	ཐེག་པ་ཆེན་པོར་ཉན་ཐོས་ལ་སོགས་པའི་མྱ་ངན་ལས་འདས་པ་དང་འབྲེལ་པར་མི་རིགས་ཏེ་བཀག་པའི་ཕྱ
197	terminal-particle+maxcap+objection-close(merged)	36		ཐོས་པ་ལ་སོགས་པའི་ཤེས་རབ་བསྐྱེད་ནས་ཐོས་པས་ན་དེའི་རྒྱུ་མཚན་ཡིན་ནོ་ཞེས་བྱ་བའི་བར་དུ
198	terminal-particle	23		དེ་དག་ཀུན་ཀྱང་ཞེས་བྱ་བ་ལ་སོགས་པ་གསུངས་ཏེ། ཀུན་ཀྱང་ནི་ཉན་ཐོས་ཀྱི་ཆོས་བསྟན་པ་ལ་སོག
199	terminal-particle	36		ཕྱིན་ཅི་མ་ལོག་པའི་ཆོས་ཉིད་ཐུགས་སུ་ཆུད་པས་སམ། ཇི་ལྟ་བ་ཉིད་སྟོན་པར་མཛད་པས་ན་དེ་བཞི
200	terminal-particle+maxcap+objection-close(merged)	29		སྐྱེས་བུའི་བྱེད་པའི་འབྲས་བུ་ཡིན་ནོ་ཞེས་བྱ་བའི་བར་དུའོ། །ཉན་ཐོས་ཀྱིས་ཀྱང་རང་གི་རྟ
201	objection-close+maxcap	39		དེ་ལྟ་བས་ན་རང་གི་ནུས་པ་ཉིད་ཀྱིས་རང་གིས་ཀྱང་རང་གི་ཐེག་པ་ཅིའི་ཕྱིར་སྟོན་པ་ལ་སོགས་པ
202	terminal-particle	28		ཅིའི་ཕྱིར་ཞེས་བྱ་བ་ལ་སོགས་པ་གསུངས་ཏེ། ཅིའི་ཕྱིར་ཞེས་བྱ་བ་ནི་ནང་གི་རྒྱུས་ནུས་པ་ཡི
203	line-end	27		ལན་དུ་རྒྱལ་བས་ཞེས་བྱ་བ་ལ་སོགས་པ་གསུངས་ཏེ། གང་ཞིག་སྡིག་པའི་ཆོས་ལས་རྒྱལ་བ་ནི་རྒྱལ་
204	verse-stanza	20		ཆོས་ནི་གང་ཟག་ལ་བདག་མེད་པའི་བདག་ཉིད་དོ། །↵ཚུལ་ནི་ཉན་ཐོས་ཀྱི་ལུང་གི་ཆོས་ཉིད་དེ།
205	terminal-particle+line-end(merged)	30		གང་བསྟན་པ་ནི་གསལ་བར་བྱས་པའོ། །ཡང་དག་པའི་ལམ་དུ་ཞུགས་པ་ཉིད་ཀྱིས་ཤིན་ཏུ་ཁྱད་པར་དུ་འ
206	ordinal-open	37		དང་པོ་ཉིད་ལ་དབང་བར་གྱུར་པ་ཞེས་བྱ་བའི་རིགས་པས་རང་གི་སྟོན་པ་ཡིན་པར་ཁས་བླངས་པའི་ཕྱི
207	terminal-particle	35		དེ་ལ་མངོན་དུ་ཕྱོགས་པས་ཐོས་པའི་ཤེས་རབ་བསྐྱེད་པ་ནི་བསླབས་ཤིང་ངོ་། །ཡང་ན་མི་མཆོག་ནི
208	terminal-particle	38		དེས་རང་གི་རྟོགས་པའི་ཆོས་ཉིད་མངོན་སུམ་དུ་བྱས་ཤིང་ཕྱིས་བསླབས་པས་ཇི་བཞིན་དུ་ལུང་གི་
209	terminal-particle	23		དེ་བས་ན་དེ་བཞིན་གཤེགས་པ་ཉིད་ཀྱི་མཐུ་ཡིན་གྱི་རང་གི་མཐུས་མ་ཡིན་ནོ་ཞེས་བྱ་བའི་དོན་ཏ
210	terminal-particle	40		འདིས་འདི་སྐད་དུ་བསྟན་པ་ཡིན་ཏེ། རྟག་ཏུ་མཉམ་པར་གཞག་པའི་ཐབས་ལ་མཁས་པ་དང་བྲལ་བས་དོན་ར
211	terminal-particle+maxcap	24		ཕུལ་དུ་བྱུང་བ་ཉིད་ཀྱིས་རྟོགས་པའི་དོན་གྱི་ཡུལ་བདེ་བར་གཤེགས་པའི་སྲས་ཀྱི་ལམ་དུ་གྱུར
212	terminal-particle+maxcap+line-end(merged)	28		དེ་བས་ན་སངས་རྒྱས་ཀྱི་ཆེ་བའི་བདག་ཉིད་ཀྱི་མཐུས་མངོན་པར་རྟོགས་པ་བརྒྱད་སྟོང་པ་ལ་དབང་
213	verse-stanza	25		རང་གི་རྟོགས་པའི་རྗེས་འབྲངས་ནས། །↵ཅི་ཞིག་ཙམ་ནི་དཔག་པར་ནུས། །↵ཐབས་བྱུང་དེ་རྒྱུ་ལྐོ
214	quote-close	22		ཞེས་གསུངས་པའི་རིགས་པས་ཉན་ཐོས་ཆེན་པོ་རྣམས་ཀྱིས་དཔྱད་ནས་ཀྱང་བསྟན་པར་མི་ནུས་སོ་ཞེས་
215	line-end	6		ཞལ་ལ་བྱུང་བ་བརྗོད་ནས།
216	line-end+maxcap	36		ང་ནི་དང་པོར་བྱང་ཆུབ་ཏུ་སེམས་བསྐྱེད་པའི་སྐབས་ལ་ཇི་ལྟར་བབ་པའི་བསླབ་པར་བྱ་བའི་གདམས་
217	line-end+maxcap	68	STAGE2_REVIEW	རིགས་པའི་སྟོབས་ཀྱིས་གང་ལས་སྤྱི་དངོས་པོ་མ་ལུས་པ་སྒྱུ་མ་ལྟ་བུར་སྟོང་པ་ཉིད་དུ་གནས་པ
218	line-end+maxcap	66	STAGE2_REVIEW	རྣམ་པ་ཐམས་ཅད་དུ་གདམས་པའི་ངོ་བོ་ཡོངས་སུ་གཅོད་པ་མི་སྲིད་པས་དེ་ལྟར་ན་མི་དམིགས་པ་དང་
219	verse-stanza	20		བསྐྱེད་པ་དེ་མི་དམིགས་སོ་ཞེས་བྱ་བར་སྦྱར་རོ། །↵ཀྱང་གི་སྒྲ་ནི་རིམ་པ་གཞན་དུ་སྦྱར་ཏེ།
220	terminal-particle+line-end(merged)	37		སྡུད་པའི་དོན་ཡིན་པའི་ཕྱིར་རོ། །གང་དེ་ལྟ་ཡིན་ན་གདམས་ངག་མེད་པས་ཇི་ལྟར་གདམས་ཤེ་ན། ད
221	line-end+maxcap	15		བྱ་བ་མི་དམིགས་པར་བསྟན་མ་ཐག་ཏུ་ཐོས་པ་ན། བྱང་ཆུབ་སེམས་དཔས།
222	verse-stanza	25		ཡང་དག་ཀུན་རྫོབ་རྣམས་ཀྱི་སྐས། །↵མེད་པར་དོན་དམ་ཁ་ཆེན་གྱི། །↵སྟེང་དུ་འགྲོ་བར་བྱ་བ་ན
223	terminal-particle	27		ཞེས་བྱ་བར་རྟོགས་པར་བྱས་ནས་ཀུན་རྫོབ་ཀྱི་བདེན་པ་མེད་པ་མ་ཡིན་པས་མི་འཇིགས་པར་བསྒྲུབས
224	terminal-particle	38		དོན་དམ་པའི་བདེན་པ་ལ་ཡང་ཚད་མས་གྲུབ་པའི་ཕྱིར་མི་སྐྲག་སྟེ། སྐྲག་པའི་གནས་མེད་པས་སྐྲག
225	terminal-particle+maxcap	16		ཕྱིན་ཅི་མ་ལོག་པའི་བདེན་པ་གཉིས་རྟོགས་པས་འཇིགས་པ་མེད་པའི་ཕྱིར་རོ། །
226	terminal-particle	28		འདིས་ནི་སྟོང་པ་ཉིད་ཀྱི་སྙིང་པོ་ཅན་གྱི་སེམས་བསྐྱེད་པ་ལ་སོགས་པས་ཡང་དག་པར་ཐོབ་པ་ཡོང
227	terminal-particle+maxcap	32		མངོན་པར་འཕེལ་བར་བྱ་བའི་ཕྱིར་སྐྱེད་པར་བྱེད་པ་ནི་ཁྱད་པར་དུ་འཕགས་པའི་གང་ཟག་གི་བསླབ་
228	terminal-particle	40		གདམས་ངག་ཐོས་པའི་ལས་དང་པོ་པས་དད་པ་ལ་སོགས་པའི་ཆོས་གོམས་པར་བྱས་ནས་ཚོགས་ཀྱི་ལམ་ཐོབ་པ
229	terminal-particle+maxcap	36		ཡོངས་སུ་བཟུང་བས་ཁྱད་པར་དུ་འཕགས་པ་དང་། རྣམ་པར་རྟོག་པ་བཞི་དང་ལྡན་པ་ཆུང་ངུ་དང་། འབྲ
230	line-end	34		དེ་དག་ལས་དང་པོར་འཇིག་རྟེན་ལས་འདས་པའི་ཡེ་ཤེས་ཀྱི་མེའི་སྔ་རྟགས་ཡིན་པའི་ཕྱིར་དྲོ་བ་
231	line-end+maxcap	10		གཟུགས་མེད་ཅེས་བྱ་བ་ལ་སོགས་པ་གསུངས་ཏེ།
232	verse-stanza	19		གཟུགས་སུ་རུང་བ་ནི་གཟུགས་ཀྱི་མཚན་ཉིད་དོ། །↵ཉམས་སུ་མྱོང་བ་ནི་ཚོར་བའི་མཚན་ཉིད་དོ། །
233	terminal-particle	12		མཚན་མར་འཛིན་པའི་བདག་ཉིད་ཡིན་པས་ན་འདུ་ཤེས་སོ། །
234	terminal-particle	30		སེམས་མངོན་པར་འདུ་བྱེད་པའི་རང་བཞིན་ནི་སེམས་པ་སྟེ། གཙོ་བོ་ཡིན་པས་ཉེ་བར་མཚོན་པ་ཡིན་
235	terminal-particle	28		རྣམ་པར་ཤེས་པ་ནི་རྟོགས་པའི་མཚན་ཉིད་དེ། དེ་རྣམས་དམིགས་པ་མ་ཡིན་ཏེ། དེ་ཁོ་ན་ཉིད་དུ་ཞ
236	terminal-particle	58	STAGE2_REVIEW	དེ་ལྟ་བས་ན་ཀུན་རྫོབ་ཉམས་སུ་མྱོང་བའི་དོན་བཀག་ན་མངོན་སུམ་ལ་སོགས་པ་གནོད་པར་འགྱུར་བས
237	objection-close+terminal-particle(merged)	29		རྣམ་པ་གང་ཞིག་ཡིན་ཞེ་ན། གནས་ནི་ཞེས་བྱ་བ་ལ་སོགས་པ་གསུངས་ཏེ། གནས་པའི་མངོན་པར་ཞེན་པ་
238	terminal-particle+maxcap+objection-close(merged)	30		གཟུགས་ལ་སོགས་པ་རྣམས་སྐྱེ་བ་མེད་པའི་མངོན་པར་ཞེན་པ་མེད་པ་ནི་རྣམ་པ་ཡིན་པར་བསྟན་པར་འ
239	terminal-particle	35		དེ་ཆོས་ཞེས་བྱ་བ་ལ་སོགས་པ་གསུངས་ཏེ། གང་གི་དམིགས་པ་དང་རྣམ་པར་གྱུར་པ་གཟུགས་ལ་སོགས་པ
240	terminal-particle+maxcap	26		མངོན་པར་ཞེན་པ་མེད་པའི་སྟོབས་ཀྱིས་གནས་པ་མེད་པར་དོན་ལ་སྤྱོད་དེ། ངེས་པར་གནས་པ་མེད་པ
241	terminal-particle	34		ཆུང་ངུ་དང་འབྲིང་དང་ཆེན་པོའི་དབྱེ་བ་རྟོགས་པ་ནི་བྱང་ཆུབ་ཐམས་ཅད་ཀྱི་རྒྱུ་ཉིད་དེ། བྱ
242	terminal-particle+terminal-particle+terminal-particle(merged)	35		ཐོབ་པ་ནི་རྒྱུ་ཐོབ་ན་འབྲས་བུ་ཐོབ་པར་འགྱུར་བར་དགོངས་པ་ཡིན་ནོ། །བདེ་གཤེགས་ནི་ཉོན་མོ
243	terminal-particle+maxcap	39		བླ་ན་མེད་པ་ཡང་དག་པར་རྫོགས་པའི་བྱང་ཆུབ་རྣམས་ལས་སྐལ་བ་ཇི་ལྟ་བ་བཞིན་དུ་རུང་བ་ཞིག་ཕྱ
244	terminal-particle	37		ད་ནི་དྲོ་བའི་རྗེས་ཐོགས་ལ་དགེ་བའི་རྩ་བ་གཡོ་བའི་རྩེ་མོ་ཡིན་པའི་ཕྱིར་རྩེ་མོར་གྱུར་པ
245	terminal-particle+maxcap	21		གཟོ་སྦྱངས་ཞེས་བྱ་བ་ནི་མུ་སྟེགས་ཀྱི་བསྟན་པ་ལ་རབ་ཏུ་བྱུང་བའི་ཕྱིར་ཀུན་ཏུ་རྒྱུ་སྟེ།
246	terminal-particle+maxcap	44	STAGE2_REVIEW	དེས་རང་གི་བསྟན་པའི་རྒྱུ་མཚན་གྱིས་གྲོལ་བར་མི་རིགས་པར་ངེས་པར་ཤེས་པས་ཕྱིས་བསྟན་པ་འད
247	terminal-particle+maxcap	37		ཕྱི་རོལ་དུ་གྱུར་པའི་གཟུགས་ལ་སོགས་པའི་ཕུང་པོ་མདོ་སྡེ་པས་རྣམ་པར་གཞག་པ་ལས་གཅིག་དང་ད
248	terminal-particle+maxcap+terminal-particle(merged)	33		འཁོར་བ་དང་མྱ་ངན་ལས་འདས་པ་ཕྱོགས་གཅིག་ཏུ་ལྟུང་བས་སྐྲག་པའི་ཕྱིར་སོ་སོར་རྟོགས་པར་འབྱ
249	terminal-particle	32		བྱང་ཆུབ་སེམས་དཔའ་གང་ཞིག་དེ་ལྟར་ཕྱིའི་བདག་ལ་སོགས་པའི་ཆོས་ཀུན་ཡོངས་སུ་ཤེས་པ་ཁོ་ན་ཉ
250	terminal-particle+maxcap+terminal-particle+terminal-particle(merged)	37		ཀུན་རྫོབ་ཀྱི་ཐབས་ལ་མཁས་པའི་སྟོབས་དང་ལྡན་པའི་ཕྱིར་རོ། །མི་རེག་པ་ནི་མི་དམིགས་པའོ། 
251	terminal-particle+objection-close(merged)	30		འདིས་ནི་མཚན་མ་མེད་པས་ཁྱད་དུ་འཕགས་པའི་ཕྱིར་གཟུགས་ལ་སོགས་པ་མི་དམིགས་པས་འདི་འབྲས་བུ
252	terminal-particle	32		ཤེས་རབ་འདི་ནི་ཞེས་བྱ་བ་ལ་སོགས་པ་གསུངས་ཏེ། གཟུགས་ཞེས་བྱ་བ་འདི་དག་གི་ནང་ནས་གང་ཡིན།
253	terminal-particle+maxcap	22		ཅི་བདག་གམ་གཟུགས་ལ་སོགས་པ་དང་འབྲེལ་པ་ཡིན་ནམ། གང་ལ་སྟེ། ཅི་བདག་ལའམ། ཆོས་ལའམ། གང་ལས
254	terminal-particle+maxcap+terminal-particle(merged)	39		འོན་ཀྱང་འདི་དག་ནི་སྙིང་པོ་ཆོས་ཐམས་ཅད་དེ་ཁོ་ན་ཉིད་དུ་མ་སྐྱེས་པའི་ཕྱིར་རོ། །ཅིའི་ས
255	terminal-particle+terminal-particle(merged)	28		ཞེས་ཆོས་ཐམས་ཅད་མི་དམིགས་པར་ཤེས་རབ་ཀྱིས་ཡོངས་སུ་རྟོག་གོ། །ཉེ་བར་རྟོག་པ་དེ་དག་ཉེ་བ
256	terminal-particle+objection-close(merged)	35		ཡང་རྣམ་པ་སྣ་ཚོགས་པ་འདི་དག་ལ་རྗེས་སུ་དམིགས་ནས་བྱང་ཆུབ་སེམས་དཔའ་འཇུག་པར་བྱེད་པ་དེ་
257	terminal-particle	12		ཉེ་བར་བརྟགས་ནས་ཞེས་བྱ་བ་ལ་སོགས་པ་གསུངས་ཏེ།
258	terminal-particle+maxcap+terminal-particle(merged)	39		དེ་དམིགས་པ་དང་རྣམ་པ་བསྟན་པའི་རྗེས་སུ་རྣམ་པ་སྣ་ཚོགས་པའི་ཆོས་ཐམས་ཅད་སྟོང་པ་ཉིད་དུ་
259	terminal-particle	18		དེ་ཡང་དེ་ཁོ་ན་ཉིད་ལ་ཕྱིན་ཅི་མ་ལོག་པར་ཞུགས་པ་ནི་རྩེ་མོ་སྟེ།
260	terminal-particle+maxcap	40		ཆུང་ངུ་དང་འབྲིང་དང་ཆེན་པོའི་དབྱེ་བ་རྟོགས་པས་ཉན་ཐོས་ལ་སོགས་པ་བྱང་ཆུབ་གང་ཡང་རུང་བ་
261	terminal-particle+maxcap	7		རྒྱུར་གྱུར་པ་ཡིན་པར་བསྟན་ཏོ། །
262	line-end	37		རྩེ་མོའི་རྗེས་ལ་ད་ནི་བཟོད་པ་སྟེ། ཉམས་པ་མེད་པར་ཆོས་ཆེན་པོ་ལ་བཟོད་པའི་ཕྱིར་བཟོད་པར
263	line-end+maxcap	19		གལ་ཏེ་མི་ཤེས་པར་སྤྱོད་པ་ནི་བདག་མེད་པར་རྟོགས་པ་ལ་སྤྱོད་པ་མེད་པར་རོ། །
264	verse-stanza	19		ཡོངས་སུ་རྟོག་པ་ནི་ཀུན་ཏུ་རྟོག་པའོ། །↵མཚན་མ་ལ་སྤྱོད་པ་ནི་བཟློག་པ་ལ་སྤྱོད་པའོ། །
265	terminal-particle	45	STAGE2_REVIEW	འདི་སྐད་དུ་ཆོས་ཉིད་རབ་ཏུ་མི་ཤེས་པར་གཟུགས་ཀྱི་སྤྱིའི་མཚན་ཉིད་ལ་མངོན་པར་ཞེན་ནས་རྣམ
266	terminal-particle	18		དམིགས་པ་ནི་མཚན་མ་ལ་སྤྱོད་པའོ་ཞེས་བྱ་བར་འབྲེལ་ཏོ་ཞེས་བསྟན་པར་འགྱུར་རོ། །
267	terminal-particle	35		དེ་བཞིན་དུ་གཟུགས་ཀྱི་ཕུང་པོ་འདི་སྟོང་ཞེས་བྱ་བར་ཡོངས་སུ་རྟོག་ཅིང་མངོན་པར་ཞེན་ནས་ག
268	terminal-particle+maxcap	22		སྟོང་པ་ཉིད་དུ་མངོན་པར་ཞེན་པ་དེ་ལ་ཚད་མས་གནོད་པའི་ཕྱིར་མཚན་མ་ལ་སྤྱོད་པ་ཡིན་ནོ། །
269	terminal-particle	20		དེ་བཞིན་དུ་དངོས་པོ་དང་དངོས་པོ་མེད་པའི་རང་བཞིན་ལ་མངོན་པར་ཞེན་ནས་བཟློག་པར་བྱའོ། །
270	terminal-particle	38		བྱང་ཆུབ་སེམས་དཔའ་གང་ཞིག་སྐྱེ་བ་མེད་པའི་གནས་ཉིད་ཡིན་ཏེ། མཐོང་བའི་ལམ་ལ་སོགས་པ་ལ་བར
271	terminal-particle+terminal-particle(merged)	38		བཟློག་པ་ནི་མ་དད་པའོ། །དེ་བས་ན་གཅིག་ཏུ་རང་བཞིན་སྤངས་པ་ལས་རང་མེད་པའི་ཁྱད་པར་དུ་འཕག
272	objection-close+terminal-particle(merged)	30		རྣམ་པ་གང་ཞིག་ཡིན་ཞེ་ན། གང་གཟུགས་ཞེས་བྱ་བ་ལ་སོགས་པ་གསུངས་ཏེ། གང་ཞིག་གིས་སྐྱེ་བ་མེ
273	terminal-particle+maxcap	23		གཟུགས་ནས་རྣམ་པར་ཤེས་པའི་བར་དུ་གཟུང་བར་མངོན་པར་ཞེན་པར་མི་སྤྱོད་ཅིང་གནས་པ་མེད་པར་ས
274	terminal-particle	29		གཟུང་བ་མེད་པས་འཛིན་པ་མི་དམིགས་པར་སྤྱོད་པའི་བྱང་ཆུབ་སེམས་དཔའ་དེ་ནི་ཡང་སྤྱོད་པ་མ་ཡ
275	terminal-particle+maxcap	34		ཤེས་རབ་ཀྱིས་གཟུགས་ལ་སོགས་པའི་རང་བཞིན་མེད་པའི་རྣམ་པར་དམིགས་པས་མཚན་མའི་རྣམ་པ་ཐམས་ཅ
276	terminal-particle+objection-close(merged)	16		དེས་ནི་རྣམ་པར་གྱུར་པ་བསྟན་ཏོ། །ཅིའི་ཕྱིར་དེ་ལ་རྒྱུ་ཞེས་བྱ་ཞེ་ན།
277	terminal-particle	37		སྐྱེ་མེད་བློ་ལྡན་ཞེས་བྱ་བ་ལ་སོགས་པ་གསུངས་ཏེ། དེ་བཞིན་དུ་དམིགས་པ་དང་རྣམ་པ་དག་སྐྱེ
278	terminal-particle+maxcap+terminal-particle+terminal-particle(merged)	40		ཆེན་པོའི་དབྱེ་བ་རྟོགས་པ་དང་ལྡན་ནོ། །སེམས་རྩེ་གཅིག་ཏུ་བསྡུས་པའི་རང་བཞིན་ཡིན་པའི་ཕ
279	terminal-particle+terminal-particle+terminal-particle(merged)	38		ཉན་ཐོས་ལ་སོགས་པའི་བྱང་ཆུབ་སྐལ་བ་ཇི་ལྟ་བ་བཞིན་ཐོབ་པས་ན་རེག་པའོ། །ཐེག་པ་ཐམས་ཅད་ཀྱི
280	terminal-particle	32		སྐྱེ་མེད་བློ་ལྡན་ཞེས་བྱ་བ་ལ་སོགས་པ་གསུངས་ཏེ། ད་ནི་བཟོད་པའི་རྗེས་ཐོགས་ལ་ཆོས་ཀྱི་མ
281	terminal-particle	34		དེའི་དམིགས་པ་བསྟན་པའི་ཕྱིར་བྱང་ཆུབ་ཅེས་བྱ་བ་ལ་སོགས་པ་གསུངས་ཏེ། བདག་ནི་བདག་ཏུ་གཞག
282	terminal-particle	36		གནས་པ་ནི་རྣམ་པ་དུ་མའི་ཡོན་ཏན་སྐྱེད་པར་བྱེད་པའི་ཆོས་ཀྱི་མཆོག་གི་ཏིང་ངེ་འཛིན་གྱིས་
283	terminal-particle+maxcap+line-end(merged)	29		སྔོན་གྱི་དེ་བཞིན་གཤེགས་པས་རིགས་ངེས་པའི་ཕྱིར་ཕྱིར་མི་ལྡོག་པར་རོ། །དེ་ལྟ་བུ་ཉིད་བད
284	verse-stanza	25		དེ་ལས་ལངས་ཞེས་རློམ་སེམས་མེད་དོ། །↵ལས་མཐའ་ནི་ཡུལ་གྱི་དངོས་པོ་ལས་སོ། །↵དེ་ལ་འཛིན་པ
285	terminal-particle	36		ལས་བྱེད་པ་པོ་གནས་པ་ནི་བྱ་བ་སྟེ། ཆོས་དེ་རྣམས་ཀྱི་རང་བཞིན་ཏེ། དེ་བཞིན་ཉིད་རང་བཞིན་
286	terminal-particle	54	STAGE2_REVIEW	འདི་སྐད་དུ་ཆོས་འདི་ཉིད་ནི་གཉེན་པོ་ཡིན་པའི་ཕྱིར་སྤྱོད་པ་དང་མི་སྤྱོད་པས་སྟོང་པས་ཐོ
287	terminal-particle	35		དེ་ལྟར་སྤྱོད་པ་ནི་བདེ་བར་གཤེགས་པ་དང་འབྲེལ་པ་ཉིད་ཀྱི་ཤེས་རབ་ཆོས་ཀྱི་མཆོག་གི་རང་བཞ
288	terminal-particle+objection-close(merged)	21		དེས་རྣམ་པར་མི་རྟོག་པ་ལ་སོགས་པའི་རྣམ་པར་གྱུར་པ་བསྟན་ཏོ། །ཅིའི་ཕྱིར་འདི་རྒྱུ་ཡིན་ཞ
289	terminal-particle	27		འདི་ནི་ཞེས་བྱ་བ་ལ་སོགས་པ་གསུངས་ཏེ། འདི་ནི་ཞེས་བྱ་བ་ནི་དམིགས་པ་དང་རྣམ་པ་གཉིས་ཆུང་
290	terminal-particle+maxcap	18		ཆེན་པོའི་དབྱེ་བས་ཕྱེ་བས་ཆོས་ཀྱི་མཆོག་གི་རང་བཞིན་གྱི་ཤེས་རབ་ནི་ཤེས་པའོ། །
291	terminal-particle	33		དེ་ནས་ཉན་ཐོས་ལ་སོགས་པའི་བྱང་ཆུབ་གང་ཡང་རུང་བའི་རང་གི་ཐེག་པ་ལ་ལྟོས་ནས་ཁྱད་པར་དུ་འག
292	terminal-particle	37		བྱང་ཆུབ་ཐམས་ཅད་ཐོབ་པའི་རྒྱུ་ཉིད་དུ་གནས་པའི་ཕྱིར་སྤྱོད་པ་ཡིན་པའམ། མོས་པས་སྤྱོད་པའ
293	terminal-particle	39		དོན་དེ་དག་འདིར་བསྡུས་ནས་རིགས་པའི་སྟོབས་ཀྱིས་ཇི་ལྟར་བསྟན་པ་ནི་དམིགས་པ་དང་། རྣམ་པ་
294	terminal-particle	25		གང་ཡང་སྟོང་ཕྲག་བརྒྱ་པ་ལས་ཆུང་ངུ་ལ་སོགས་པའི་ཁྱད་པར་གྱི་དམིགས་པ་དང་རྣམ་པ་བྱེ་བྲག་ཏ
295	terminal-particle+maxcap+terminal-particle(merged)	40		འཁོར་དེར་འདུས་པའི་གདུལ་བྱའི་སྐྱེ་བོ་རྣམས་ཀྱི་ལོག་པར་རྟོགས་པ་བསལ་བའི་ཕྱིར་བསྟན་ཏོ
296	terminal-particle	15		དེ་ལྟ་བས་ན་གང་གི་ཚེ་ཇི་སྐད་བསྟན་པའི་དམིགས་པ་དང་།
297	terminal-particle+maxcap	42	STAGE2_REVIEW	རྣམ་པ་བསྒོམས་པ་ན་ཐ་དད་པའི་དོན་ལ་མངོན་པར་ཞེན་པ་མེད་པར་ཅུང་ཟད་གསལ་བའི་ཡེ་ཤེས་ཀྱི་ས
298	terminal-particle+maxcap	15		ཐེག་པ་ཆེན་པོ་ལས་སྣང་བ་ཐོབ་པའི་ཏིང་ངེ་འཛིན་ཅེས་བསྟན་ཏོ། །
299	terminal-particle	47	STAGE2_REVIEW	གང་གི་ཚེ་ཡང་བསྒོམས་པའི་སྟོབས་ཀྱིས་ཆུང་ངུ་ལ་སོགས་པའི་གསལ་བར་སྣང་བའི་འབྲིང་གི་ཡེ་ཤ
300	terminal-particle	57	STAGE2_REVIEW	གང་གི་ཚེ་ཡང་སེམས་ཙམ་ཉིད་ལ་གནས་ནས་གསལ་བར་སྣང་བ་འབྲིང་དང་ཆུང་ངུའི་ཡེ་ཤེས་ཀྱི་སྣང་བ
301	terminal-particle	45	STAGE2_REVIEW	གང་གི་ཚེ་ཡང་དོན་ལ་འཛིན་པ་སྤངས་ནས་མི་སྣང་བའི་ཆུང་ངུ་ལ་སོགས་པའི་ཡེ་ཤེས་ཀྱི་སྣང་བ་ས
302	terminal-particle	26		ཡང་ཏིང་ངེ་འཛིན་དེ་དག་ཐམས་ཅད་ལ་ཤིན་ཏུ་མོས་པ་བསྟན་པ་ནི་མོས་པས་སྤྱོད་པའི་ས་ཞེས་བྱ་བ
303	terminal-particle	65	STAGE2_REVIEW	དེ་ཉིད་ལས་བརྩམས་ཏེ་རྣམ་པར་རྟོག་པ་བྱང་ཆུབ་སེམས་དཔའི་སྒྲིབ་པ་རྣམས་རྩེ་མོའི་མངོན་པར
304	terminal-particle	39		དེ་ལ་ཀུན་ནས་ཉོན་མོངས་པ་དང་གཉེན་པོའི་དངོས་པོ་རྟེན་ཅན་གྱི་གཟུང་བའི་རྣམ་པར་རྟོག་པ་ག
305	terminal-particle+maxcap	32		སྣང་བ་ཇི་ལྟར་རྟོགས་པའི་དོན་འདི་དག་གཅིག་དང་དུ་མ་དང་བྲལ་བའི་རྗེས་སུ་དཔག་པའི་ཚད་མ་མ
306	terminal-particle+terminal-particle(merged)	37		དེ་ནི་དེ་དག་ཆོས་ཉིད་སྒྱུ་མ་ལྟ་བུ་ཡིན་པ་དེའི་ཕྱིར་མེད་ཅེས་བྱའོ། །རི་བོང་གི་རྭ་ལྟར
307	terminal-particle	26		ཅི་སྟེ་མངོན་སུམ་གྱི་སྣང་བའི་དངོས་པོ་དེ་ཉིད་སྒྱུ་མ་ལྟ་བུ་ཡིན་པའི་ཕྱིར་མེད་དོ་ཞེས་
308	terminal-particle	16		དེ་ཡང་མངོན་སུམ་གྱི་སྒྱུ་མར་མི་འཛིན་ཏེ། རྣམ་པར་མི་རྟོག་པའི་ཕྱིར་རོ། །
309	terminal-particle	47	STAGE2_REVIEW	དེ་ལ་བཟློག་ན་གནོད་པ་ཅན་གྱི་ཚད་མའི་སྟོབས་ཀྱིས་སྒྱུ་མ་ལྟ་བུའི་ངེས་པའི་དངོས་པོ་དེ་ཉ
310	terminal-particle	38		གང་དེ་ལྟ་བུའི་བཟློག་ན་གནོད་པ་ཅན་གྱི་ཚད་མ་མངོན་སུམ་མམ། རྗེས་སུ་དཔག་པ་གང་ཞིག་ཡིན། 
311	terminal-particle+maxcap	17		དེ་ཡང་མཚུངས་པའི་ཕྱིར་བྲིས་པ་ཉིད་དང་འདྲ་བས་ཐུག་པ་མེད་པར་འགྱུར་རོ། །
312	terminal-particle	33		བ་ལང་རྫི་དང་བུད་མེད་ལ་སོགས་པ་ལ་བུམ་པ་ལ་སོགས་པ་མངོན་སུམ་གྱིས་གྲུབ་པ་བཟློག་ན་གནོད་
313	objection-close	16		འོན་ཀྱང་ཤེས་པའི་ཐ་སྙད་འཇུག་པ་ཉིད་ལ་ལྟོས་པ་ཡིན་ནོ་ཞེ་ན།
314	terminal-particle	44	STAGE2_REVIEW	རྣམ་པ་ཐམས་ཅད་ཀྱི་དེ་ཁོ་ན་ཉིད་ཀྱི་ངོ་བོ་འཛིན་པའི་ཕྱིར་དེ་ནི་མངོན་སུམ་གྱི་ཚད་མས་ལུ
315	terminal-particle	39		འདི་དག་དེ་ཁོ་ན་ཉིད་དུ་འདོད་པ་ཡིན་ཞེས་ཟེར་ན། དེ་ལྟ་ཡིན་ན་ཇི་ལྟར་དེ་ཁོ་ན་ཉིད་དུ་འད
316	terminal-particle+maxcap	40		དེ་ལྟར་བརྗོད་པ་ཀུན་རྫོབ་ཡིན་ནོ་ཞེས་ཟེར་ན་དེ་ལྟར་བརྗེད་པར་བྱ་བ་ཅི་ཞིག་ཡིན། ཕྱིན་ཅ
317	terminal-particle+maxcap	28		ཤེས་པའི་རང་བཞིན་དེ་ཉིད་རྣམ་པ་ཐམས་ཅད་ཀྱི་དེ་ཁོ་ན་ཉིད་ཀྱི་རང་གི་ངོ་བོ་བཟུང་བ་ཇི་ལྟ
318	terminal-particle+maxcap	40		དེ་ཁོ་ན་ཉིད་ཀྱི་ངོ་བོ་ཡིན་ཡང་ཕྱིན་ཅི་ལོག་ཏུ་མངོན་པར་ཞེན་པས་འཇིག་རྟེན་པའི་ཤེས་པའི
319	terminal-particle+maxcap	30		ཅི་འདྲ་བ་ཞིག་ཡང་དེའི་ཤེས་པ་ཡིན། གང་འདི་དག་ནི་མ་བརྟགས་ན་ཉམས་དགའ་བ་བསྙོན་པར་མི་ནུས
320	terminal-particle+maxcap	37		དེ་ལྟར་ཡིན་ན་མི་འདོད་ཀྱང་གང་དེ་ཉིད་ཀྱི་ཆ་ལ་མངོན་སུམ་གྱི་ཐ་སྙད་དུ་འཇུག་པར་རུང་བ་ད
321	terminal-particle	16		སྒྱུ་མ་ལྟ་བུ་ཉིད་མངོན་སུམ་གྱིས་གྲུབ་པ་མ་ཡིན་པར་ཤེས་པར་བྱའོ། །
322	terminal-particle	32		འོན་ཏེ་ཕྱིན་ཅི་ལོག་ལ་གནོད་པའི་རྗེས་སུ་དཔག་པའི་སྟོབས་ཡིན་ལ། དངོས་པོའི་རང་བཞིན་ཙམ་
323	terminal-particle+maxcap+terminal-particle(merged)	39		དེ་ལྟར་མངོན་སུམ་གྱིས་གྲུབ་པ་འཇིག་རྟེན་གྱི་ཤེས་པ་མ་ཡིན་པར་བསྒྲུབས་ཟིན་ཏོ། །དེ་ཁོ་
324	terminal-particle	13		འོན་ཀྱང་ཀུན་རྫོབ་ཏུ་ཡིན་པར་མཇུག་ཐོགས་སུ་བསྟན་པར་བྱའོ། །
325	terminal-particle	32		དེ་བས་ན་ཇི་ལྟར་མངོན་པར་ཞེན་པ་དང་མཐུན་པར་རང་གི་ཚད་མ་ཇི་ལྟ་བས་ངེས་པ་དང་ལྡན་པ་རྗེས་
326	terminal-particle	19		དངོས་པོ་རྣམས་སྒྱུ་མ་ལྟ་བུར་གཞག་པ་ནི་ངེས་པ་ཡིན་ནོ་ཞེས་བྱ་བར་གནས་སོ། །
327	terminal-particle	30		དེ་ལྟ་བས་ན་འཕགས་པ་ལང་ཀར་གཤེགས་པ་ལ་སོགས་པ་ལས་བཅོམ་ལྡན་འདས་ཀྱིས་ཇི་ལྟར་སྣང་བ་འདི་ཀ
328	terminal-particle+maxcap+line-end(merged)	21		རིགས་པ་ཇི་ལྟ་བ་བཞིན་ནི་དོན་དམ་པའི་བདེན་པ་ཡིན་པར་བསྟན་ཏོ། །ཤིན་ཏུ་སྤྲོས་པས་ཆོག་གོ
329	verse-stanza	34		བྱིས་པ་ནི་འཕགས་པའི་ལམ་མ་སྐྱེས་པའོ། །↵དེས་བརྟགས་པ་ནི་རིགས་པ་དང་ལྡན་པའོ། །↵འདི་དག་
330	terminal-particle	46	STAGE2_REVIEW	གཞན་ཡང་དོར་བར་བྱ་བ་ཉིད་ནི་ཀུན་ནས་ཉོན་མོངས་པའི་རྟེན་ཅན་བཟུང་བའི་རྣམ་པར་རྟོག་པ་དང་
331	terminal-particle+maxcap	10		སྦྱང་དུ་སོང་བ་འཇོག་པར་བྱེད་པ་བཞིན་ནོ། །
332	terminal-particle	33		དེ་བཞིན་དུ་བླང་བར་བྱ་བའི་གཉེན་པོའི་རྟེན་ཅན་བཟུང་བའི་རྣམ་པར་རྟོག་པ་གཉིས་པའི་ཡུལ་ཉ
333	terminal-particle	10		དེ་ལྟར་བཟུང་བའི་རྣམ་པར་རྟོག་པ་བསྒྲུབས་ནས།
334	terminal-particle+maxcap	41	STAGE2_REVIEW	དེ་གཉིས་དེ་ཉིད་ནས་བརྩམས་ཏེ་མངོན་པར་ཞེན་པའི་ཡུལ་དང་ལྷན་ཅིག་ཏུ་སྒྱུ་མ་ལྟ་བུར་རྫུན་
335	terminal-particle+maxcap	24		ཡོད་དང་མེད་པ་གཉིས་ཏེ། དེ་ཁོ་ན་ཉིད་དུ་མ་སྐྱེས་པ་ཉིད་ཀྱིས་གཟུགས་ལ་སོགས་པ་མེད་པའི་ཆ
336	terminal-particle+maxcap+terminal-particle(merged)	39		མངོན་པའི་ང་རྒྱལ་གྱི་སྟོབས་ཀྱིས་བྱིས་པས་ཡོད་པ་དང་མེད་པ་བརྟགས་པ་ཡིན་ནོ། །བྱང་ཆུབ་ས
337	terminal-particle+maxcap	20		ཕྱིན་ཅི་ལོག་འཆིང་བ་ཡིན་པའི་ཕྱིར་ཡང་དག་པར་ཞུགས་པ་ཉིད་ཀྱིས་ངེས་པར་འབྱུང་ངོ་། །
338	terminal-particle+maxcap	27		དེའི་རྗེས་ལ་འཛིན་པའི་རྣམ་པར་རྟོག་པ་གཉིས་པའི་དང་པོ་བསྟན་པའི་ཕྱིར། བྱང་ཆུབ་སེམས་དཔ
339	terminal-particle+maxcap	51	STAGE2_REVIEW	བྱང་ཆུབ་སེམས་དཔའ་གང་གིས་ཀྱང་རྫས་སུ་ཡོད་པའི་རང་བཞིན་དུ་འཛིན་པའི་རྣམ་པར་རྟོག་པས་སྒ
340	terminal-particle	22		གང་འདི་ལ་ནི་ངེས་པར་འབྱེད་པའི་ཆའི་དུས་སུ་ཐོས་པའི་ཤེས་རབ་ལ་སོགས་པ་བསྐྱེད་ནས་ཤེས་པའ
341	terminal-particle	43	STAGE2_REVIEW	དེས་ནི་ཡང་སྐྱེས་བུ་རྫས་སུ་ཡོད་པའི་རྟེན་ཅན་འཛིན་པའི་རྣམ་པར་རྟོག་པ་དང་པོའི་རང་བཞིན
342	terminal-particle	40		འཛིན་པའི་རྣམ་པར་རྟོག་པ་གཉིས་པ་བསྟན་པའི་ཕྱིར། སྒྱུ་མ་གཞན་དང་ཞེས་བྱ་བ་ལ་སོགས་པ་གསུ
343	terminal-particle+maxcap	34		ཕུང་པོ་ལ་བདག་གོ་ཞེས་བརྟགས་པ་ཉིད་ནི་སྐྱེས་བུ་བཏགས་པར་ཡོད་པའི་རང་བཞིན་དུ་འཛིན་པའི་
344	terminal-particle	56	STAGE2_REVIEW	འོན་ཀྱང་ཕུང་པོ་འདི་སྒྱུ་མ་ལྟ་བུར་སྔར་བསྟན་པ་བཞིན་དུ་ཤེས་པར་གྱུར་ནས་དེས་ན་ཡང་སྐྱེ
345	objection-close+terminal-particle(merged)	23		དེ་ལྟ་བུར་ཡོངས་སུ་ཤེས་པ་ལ་ཡོན་ཏན་ཅི་ཡོད་ཅེ་ན། སྣ་ཚོགས་ཞེས་བྱ་བ་ལ་སོགས་པ་གསུངས་ཏེ
346	terminal-particle+maxcap	45	STAGE2_REVIEW	བྱང་ཆུབ་སེམས་དཔའ་གང་གིས་བསྟན་མ་ཐག་པའི་ཆོས་དེ་ལྟ་བུ་ཤེས་པ་དེ་ལ་སྣ་ཚོགས་པའི་འདུ་ཤེ
347	terminal-particle+maxcap	25		སྤངས་པ་དེ་བས་ན་མྱ་ངན་ལས་འདས་པ་དང་རྗེས་སུ་མཐུན་པའི་སྤྱོད་པ་དང་ལྡན་པས་ན་ཉེ་བར་ཞི་བ
348	terminal-particle	26		གང་ཞིག་མོས་པ་དེ་ནི་ཤེས་རབ་ཀྱི་ཕ་རོལ་ཏུ་ཕྱིན་པ་སྟེ། འགྲོ་བ་མ་ལུས་པ་བདག་མེད་པའི་རང
349	terminal-particle+maxcap	18		རིམ་གྱིས་ཐོབ་པའི་རྒྱུ་ཡིན་པའི་ཕྱིར་གནས་པར་བྱེད་པ་ཡིན་ཞེས་བྱ་བའི་བར་དུའོ། །
350	terminal-particle	45	STAGE2_REVIEW	རྣམ་པར་རྟོག་པ་བཞི་པོ་འདི་རྣམས་ཉེ་བར་འདུས་པའི་གདུལ་བྱའི་སྐྱེ་བོས་ཁོང་དུ་ཆུད་པར་བྱ
351	terminal-particle+maxcap	20		དེ་ལས་འདིར་ནི་གཙོར་བསྡུས་ནས་བསྟན་ཏེ། སྤྲོས་ནས་བསྟན་པ་ཅུང་ཟད་ཀྱང་དགོས་པ་མེད་ཅིང་།
352	terminal-particle+maxcap	23		ཡུལ་གྱི་དབྱེ་བས་ཤེས་པ་གཙོ་བོ་མ་ཡིན་པར་དགོངས་ནས་བཅོམ་ལྡན་འདས་ཀྱིས་སྟོང་ཕྲག་བརྒྱ་པ
353	terminal-particle+maxcap	21		འདིར་ངེས་པར་འབྱེད་པའི་ཆ་དང་མཐུན་པའི་དབང་དུ་མཛད་པའི་ཡུལ་གྱིས་ཕྱེ་བ་ཡང་གཞན་ཡིན་ལ།
354	terminal-particle+maxcap	31		རྩེ་མོའི་མངོན་པར་རྟོགས་པའི་མཐོང་བ་དང་བསྒོམ་པའི་ལམ་གྱི་དབང་དུ་བྱས་ནས་རྣམ་པར་རྟོག་
355	terminal-particle	55	STAGE2_REVIEW	འདི་ནི་སྙིང་པོ་ཡིན་པས་ཕན་ཚུན་སྤངས་ཏེ་གནས་པའི་མཚན་ཉིད་དེ་ལ་ཕུང་པོ་གཞན་མེད་པས་ཇི་ས
356	terminal-particle	40		ད་ནི་དགེ་བའི་བཤེས་གཉེན་ཐབས་མཁས་པའི་རང་བཞིན་ཅན་གྱི་ཡོངས་སུ་བཟུང་བ་སྟོན་ཏེ། དེའི་ས
357	terminal-particle+maxcap+terminal-particle(merged)	33		བདེན་པ་གཉིས་ཀྱི་རང་བཞིན་ཆོས་སྟོན་པར་བྱེད་པས་གང་ཟག་བདེ་འགྲོའི་འབྲས་བུ་ཐོབ་པར་བྱེད
358	terminal-particle	41	STAGE2_REVIEW	དེ་ཉིད་ཀྱི་ཐོབ་པ་ལ་སོགས་པའི་ཤེས་པ་སྐྱེས་ནས་རིགས་པ་དང་ལུང་གི་ཆོས་ཡོངས་སུ་བརྟགས་པ་
359	terminal-particle+maxcap	37		རྒྱལ་བ་རྣམས་ཀྱི་ཡུམ་ནི་བཅོམ་ལྡན་འདས་ཏེ། སྐྱེད་པས་ན་ཡུམ་ནི་བཅོམ་ལྡན་འདས་ཀྱི་ཤེས་ར
360	terminal-particle	25		དེ་ནི་ངེས་པར་འབྱེད་པའི་ཆ་དང་མཐུན་པ་ལ་སོགས་པར་ཡང་དག་པར་འཇུག་པར་འགྱུར་རོ་ཞེས་བྱ་བར
361	terminal-particle	27		རྗེས་སུ་འགྲོ་བའི་སྒོ་ནས་བསྟན་ནས། ལྡོག་པའི་སྒོ་ནས་གསལ་བར་བྱ་བའི་ཕྱིར། གང་ཞིག་སྡིག
362	terminal-particle+maxcap	40		ཡང་གང་ཞིག་ཇི་སྐད་བསྟན་པའི་དགེ་བའི་བཤེས་གཉེན་པས་བཟློག་པ་ནི་སྡིག་པའི་གྲོགས་ལྡན་ཏེ།
363	terminal-particle+maxcap	32		དེས་ན་ཐེག་པ་ཆེན་པོ་ལས་ཉམས་ཤིང་ཟབ་མོའི་ཆོས་ལ་མ་མོས་པས་ཉམས་པར་འགྱུར་ཏེ། བུམ་པ་སོ་མ
364	terminal-particle+objection-close(merged)	38		དེས་ཇི་ལྟ་བ་བཞིན་གྱི་ཡོངས་སུ་བཟུང་བར་གྱུར་པ་བསྟན་ཏོ། །དྲོ་བ་ལ་སོགས་པའི་རྗེས་ལ་ད་
365	objection-close+maxcap	35		གཞན་ཡང་མཐོང་བའི་ལམ་ལ་སོགས་པ་ཁྱད་པར་དུ་བསྒྲུབ་པའི་གཞིར་གྱུར་པ་ཆོས་ཀྱི་དབྱིངས་ཀྱི་
366	objection-close+maxcap	24		གང་གི་ཚེ་ཆོས་ཀྱི་དབྱིངས་ཉིད་འཕགས་པའི་ཆོས་རྟོགས་པའི་རྒྱུ་ཡིན་པའི་ཕྱིར། དེའི་བདག་ཉ
367	objection-close+maxcap	24		རང་བཞིན་དུ་གནས་པ་མེད་པ་སངས་རྒྱས་ཀྱི་ཆོས་ཀྱི་རིགས་ཆོས་ཉིད་ཅེས་བྱ་བ་དེ་ཉིད་ཆོས་ཀྱི
368	objection-close+maxcap	35		ཐམས་ཅད་ལ་ཁྱབ་ན་ཅི་ཕྱིར་འདིར་བྱང་ཆུབ་ཏུ་སེམས་བསྐྱེད་པ་ཉིད་ཀྱི་བྱང་ཆུབ་སེམས་དཔའ་སང
369	terminal-particle	49	STAGE2_REVIEW	གང་གི་ཕྱིར་གཟུགས་ལ་སོགས་པ་ཐམས་ཅད་ལ་ཆགས་པར་བྱེད་པ་ནི་མངོན་པར་ཞེན་པར་བྱེད་པ་སྟེ་འཇ
370	terminal-particle+maxcap	26		མངོན་པར་ཞེན་པ་ཐམས་ཅད་གཅོད་པའི་ངང་ཚུལ་ཅན་དུ་སྐྱེས་པར་གྱུར་པས་དེ་བཞིན་གཤེགས་པའི་བྱ
371	terminal-particle+maxcap	30		དེ་བས་ན་ཀུན་རྫོབ་ཏུ་སྒྲིབ་པ་ཐམས་ཅད་སྤོང་བར་ཞུགས་པ་ཉིད་ཀྱིས་ཆོས་ཀྱི་དབྱིངས་ཀྱི་རང
372	terminal-particle+terminal-particle(merged)	33		སངས་རྒྱས་མ་ལུས་པའི་གཞིར་གྱུར་པ་ཉིད་ཀྱི་བྱེད་པ་ཞེས་བརྗོད་དོ། །དེ་བས་ན་འཕགས་པའི་གང
373	objection-close	33		གཞི་ནི་རིགས་ལ་བྱ་བ་མ་ཡིན་ནམ། དེ་བས་ན་དེ་སྔོན་དུ་འགྲོ་བ་ཅན་ཡིན་པའི་ཕྱིར་སེམས་བསྐྱ
374	terminal-particle	31		དོན་དེ་དག་གི་དང་པོ་སྔོན་དུ་འགྲོ་བ་བདེན་མོད་ཀྱི། འདི་ནི་ཡང་གོ་བར་བྱ་བ་ལ་སྔར་འབྲས་
375	objection-close+terminal-particle(merged)	31		ཇི་སྐད་བསྟན་པའི་བྱང་ཆུབ་སེམས་དཔའི་དམིགས་པ་གང་ཡིན་ཞེ་ན། དེའི་རྗེས་ཐོགས་ལ་དམིགས་པ་
376	terminal-particle+maxcap	26		གང་གི་ཕྱིར་ཆོས་ཐམས་ཅད་དམིགས་པའི་ངོ་བོ་ནི་བདེན་པ་གཉིས་ལས་མི་འདའ་བར་དམིགས་པས་ཆགས་པ
377	terminal-particle+maxcap	37		དེའི་བདེན་པ་ལ་དམིགས་པ་རྣམ་པར་དག་པར་རྟོགས་པའི་ཕྱིར་བག་ཆགས་དང་བཅས་པའི་སྒྲིབ་པ་མ་ལུ
378	terminal-particle	24		ཆགས་པ་མེད་པར་འགྱུར་བ་ནི་ཆགས་པ་མེད་པའི་རང་བཞིན་ཏེ། བྱང་ཆུབ་ཅེས་བྱ་བར་འདིར་ཡང་འབྲེ
379	terminal-particle+maxcap+terminal-particle(merged)	35		ཕྱིན་ཅི་མ་ལོག་པར་རྟོགས་པ་བླ་ན་མེད་པ་ལ་རེག་པ་སྟེ་ཐོབ་པར་གྱུར་པ་ཡིན་ནོ། །དེ་བས་ན་བ
380	line-end	37		དེ་སེམས་དཔའ་ནི་སེམས་དཔའ་སྟེ། དེས་བྱེད་པས་ནི་བྱང་ཆུབ་སེམས་དཔའ་ཞེས་བྱ་བ་དོན་དང་ལྡན
381	verse-stanza	15		བཟང་པོ་ཞེས་བྱ་བའི་མིང་ཐོབ་པོ། །↵དེས་ནི་དམིགས་པར་གྱུར་པ་བསྟན་ཏོ། །
382	line-end	45	STAGE2_REVIEW	གང་ཆོས་ཀྱི་དབྱིངས་ཉིད་རྟག་ཏུ་རྣམ་པར་དག་པ་གཉིས་སུ་མེད་པའི་ཡེ་ཤེས་ཀྱི་དམིགས་པ་ཡིན་
383	verse-stanza	13		ཆུ་ཁམས་གསེར་དང་ནམ་མཁའ་བཞིན། །↵དག་པ་བཞིན་དུ་དག་པར་འདོད། །
384	terminal-particle	6		ཅེས་བསྟན་ཏོ་ཞེས་ཟེར་ན།
385	terminal-particle+maxcap	65	STAGE2_REVIEW	དེ་ལྟ་ཡིན་ན་ཐོས་པ་དང་བསམས་པའི་ཤེས་པས་ངེས་པའི་དངོས་པོའི་རང་བཞིན་དུ་བསྒོམ་པ་དེ་བས་
386	terminal-particle+maxcap	22		ཤིན་ཏུ་མཉམ་པར་གཞག་པའི་བདག་ཉིད་ཀྱི་རིམ་གྱིས་རྣམ་པར་རྟོག་པ་ཐམས་ཅད་སྤོང་ངོ་ཞེས་ཟེར་
387	terminal-particle+maxcap	24		དེ་ལྟ་ཡིན་ན་ཕྱིའི་དོན་འདོད་པའི་གཞུང་གིས་ཀྱང་ཉན་ཐོས་ལ་སོགས་པའི་རྣམ་པར་རྟོག་པ་སྤོང
388	terminal-particle+objection-close(merged)	33		འོན་ཏེ་ཁས་མི་ལེན་ན་དེའི་ཕྱིར་རྣམ་པར་རྟོག་པའི་བག་ཆགས་མི་སྤོང་བས་ཕྱོགས་གཅིག་དག་པར་
389	terminal-particle	37		སྐྱོན་མེད་དེ་གང་གི་ཕྱིར་དངོས་པོའི་ངོ་བོ་གང་ཅུང་ཟད་ཇི་སྙེད་པ་ཀུན་བརྟགས་པ་ཡིན་ཏེ། 
390	terminal-particle	20		བྱ་བ་བྱེད་པའི་གང་དག་དོན་ཇི་ལྟར་སྣང་བ་དེ་དག་ནི་ཀུན་རྫོབ་ཡིན་པར་བསྟན་ཏེ།
391	terminal-particle+maxcap	37		ཐོས་པ་ལ་སོགས་པ་ཤེས་པ་སྐྱེས་པས་དེ་ཁོ་ན་ཉིད་ལ་སྒྲིབ་པའི་རང་བཞིན་ཅན་རིམ་གྱིས་ཐམས་ཅད
392	terminal-particle+maxcap	15		སྒྱུ་མ་ལྟ་བུར་ཤེས་པ་ཉིད་ཡང་དག་པར་བྱས་པ་ཉིད་ཡིན་ནོ། །
393	terminal-particle	37		རང་བཞིན་གཙོ་བོར་གྱུར་པ་ནི་རིགས་ཡིན་ལ། འགྱུར་བ་གཙོ་བོར་གྱུར་པ་ནི་དམིགས་པ་ཡིན་ཏེ། 
394	terminal-particle+objection-close(merged)	33		དམིགས་པ་འདི་ལ་བརྗོད་པར་བྱ་བ་མང་དུ་ཡོད་མོད་ཀྱི། ཧ་ཅང་ཐལ་ཆེས་པས་གཞག་གོ། །འབྲས་བུ་ཅ
395	objection-close	36		དེའི་རྗེས་ལ་ཆེད་དུ་བྱ་བ་བསྟན་པའི་ཕྱིར། ཅིའི་ཕྱིར་ཞེས་བྱ་བ་ལ་སོགས་པ་གསུངས་ཏེ། ཅིའ
396	terminal-particle	12		གང་གི་ཕྱིར་སངས་རྒྱས་ཀྱི་སར་སེམས་དཔའ་ཆེན་པོ་སྟེ།
397	terminal-particle+maxcap	30		ཚད་མེད་པའི་སེམས་ཅན་གྱི་ཚོགས་དཔག་ཏུ་མེད་པའི་སེམས་ཅན་གྱི་ཚོགས་མང་པོ་ལ་ཆོས་བསྟན་པ་མ
398	terminal-particle	26		དེ་བཞིན་དུ་སྤོང་བ་ཆེན་པོ་ཉིད་ཐོབ་པ་སྟེ། ལྟ་བར་གྱུར་པའི་བདག་ཉིད་ལྟ་བ་སྣ་ཚོགས་པ་རྣ
399	terminal-particle+maxcap	28		སེམས་ཅན་གྱི་ཁམས་དཔག་ཏུ་མེད་པའི་སེམས་ཅན་གྱི་ཚོགས་ཀྱིས་ལྟ་བ་སྤངས་པའི་ཐབས་བསྟན་པ་ནི
400	terminal-particle	46	STAGE2_REVIEW	དེ་ཉིད་ཀྱང་རྟོགས་པ་ཆེན་པོ་མེད་ན་མི་འབྱུང་བས་དེ་དག་གིས་དེ་ཡང་འཕངས་པ་དེ་བས་ན་འབྲས་
401	terminal-particle+objection-close+terminal-particle(merged)	37		དེ་ནི་ཆེད་དུ་བྱ་བ་བསྟན་ཏོ། །དམིགས་པ་དང་ཆེད་དུ་བྱ་བ་ལ་ཁྱད་པར་ཅི་ཡོད་ཅེ་ན། མདའ་བཀང
402	terminal-particle+terminal-particle(merged)	27		དེ་དག་ལ་ཉེ་བར་གྱུར་པ་ནི་དམིགས་པ་ཡིན་ནོ། །གཞན་གྱིས་བསྐལ་པ་ནི་ཆེད་དུ་བྱ་བ་སྟེ། དེ་
403	terminal-particle	18		ཆེད་དུ་བྱ་བའི་རྗེས་ལ་ད་ནི་རྫོགས་པའི་ཆེད་དུ་སྒྲུབ་པ་བརྗོད་པར་བྱ་སྟེ།
404	terminal-particle+maxcap	55	STAGE2_REVIEW	དེ་ཡང་ཐམས་ཅད་མཁྱེན་པ་ཉིད་གསུམ་གྱི་ཡུལ་དང་ལྡན་པ་དཀར་པོའི་ཆོས་སྤྱིའི་རྟེན་ཅན་རྣམ་པ
405	terminal-particle+maxcap	26		ཆོས་ཀྱི་སྐུ་ནི་མངོན་པར་རྟོགས་པར་བྱེད་པ་མ་ཡིན་ཏེ། འབྲས་བུ་ཡིན་པའི་ཕྱིར་དེ་ལ་བྱ་བ་
406	terminal-particle	28		དེ་ལ་གོ་ཆའི་སྒྲུབ་པ་ནི་ཚོགས་ཀྱི་ཡིན་པར་བཟུང་ངོ་། །འཇུག་པའི་སྒྲུབ་པ་ནི་མོས་པས་སྤྱ
407	terminal-particle	39		ཚོགས་ཀྱི་བསྒྲུབ་པ་ནི་རྩེ་མོ་དང་སྦྱིན་པ་ལ་སོགས་པ་དྲུག་དང་། ཞི་གནས་དང་། ལྷག་མཐོང་ད
408	terminal-particle+maxcap+terminal-particle(merged)	38		ལམ་དང་། གཟུངས་ཀྱི་ཚོགས་རྣམས་ནི་ཆོས་ཀྱི་མཆོག་ཆེན་པོས་བསྡུས་པ་ཡིན་ནོ། །ས་དང་པོ་རབ་
409	terminal-particle+terminal-particle(merged)	40		ས་གཉིས་པ་ལ་སོགས་པའི་བསྒོམ་པའི་ལམ་གྱི་རང་བཞིན་ནི་ཡང་ལམ་གྱི་ཚོགས་ཀྱི་རང་བཞིན་ཡིན་ན
410	terminal-particle	33		ངེས་པར་འབྱུང་བའི་སྒྲུབ་པ་ནི་ཡང་བསྒོམ་པའི་ལམ་ཡིན་ཏེ། རབ་ཀྱི་མཐར་ཐུག་པར་འགྲོ་བའི་ར
411	terminal-particle+maxcap	11		ཐོབ་པ་དེ་ལ་ལྟོས་པ་ཡིན་པར་རིག་པར་བྱའོ། །
412	terminal-particle	31		སྒྲུབ་པ་བཞི་པོ་དེ་དག་ཀྱང་ཁྱད་པར་གྱི་རང་བཞིན་རྣམ་པ་ཐམས་ཅད་སྦྱོར་བ་ནི་མི་ནུས་པས་སྤ
413	terminal-particle+maxcap+terminal-particle+terminal-particle(merged)	40		བསྡུས་པ་ཡིན་པའི་ཕྱིར་བློ་དམན་པ་རྗེས་སུ་གཟུང་བ་ཡིན་ནོ། །གཞན་དུ་བསླབ་པར་འདོད་པས་བྱ
414	terminal-particle	35		དེ་ལ་དང་པོ་བརྩོན་འགྲུས་ཀྱི་རང་བཞིན་གོ་ཆའི་བསྒྲུབ་པ་བསྟན་པའི་ཕྱིར་སེམས་དཔའ་ཆེན་པོ
415	terminal-particle+maxcap+terminal-particle(merged)	34		དེ་ལ་ཐམས་ཅད་སྟོང་པའི་བསམ་པ་ཡོད་པའི་ཕྱིར་གཏོང་བ་ཆེ་བའོ། །བྱང་ཆུབ་སེམས་དཔའི་སྡོམ་པ
416	terminal-particle+terminal-particle(merged)	37		གཞན་གྱིས་གནོད་པ་ལ་ཇི་མི་སྙམ་པ་ལ་སོགས་པའི་བཟོད་པ་དང་ལྡན་པས་ན་མཐུ་ཆེ་བའོ། །སེམས་ཅན
417	terminal-particle	9		སེམས་རྩེ་གཅིག་པ་ཐོབ་པས་ན་མཆོག་གོ། །
418	terminal-particle	34		ལས་དང་བྱེད་པ་པོ་དང་བྱ་བ་གསུམ་གྱི་དམིགས་པ་ནི་ཤེས་རབ་དང་ལྡན་པས་ན་དེ་བཞིན་གཤེགས་པའི
419	terminal-particle	29		དེ་ལྟར་གོ་ཆའི་བསྒྲུབ་པས་ཁྱད་པར་དུ་འགྲོ་བས་གཉིས་པ་འཇུག་པའི་སྒྲུབ་པ་བསྟན་པའི་ཕྱིར།
420	terminal-particle+maxcap+terminal-particle(merged)	37		འཇུག་པའི་སྒྲུབ་པའི་སྟོབས་ཀྱིས་བསམ་གཏན་དང་གཟུགས་མེད་པ་ལ་སོགས་པའི་མཚན་ཉིད་ནི་ཆེན་པ
421	terminal-particle+terminal-particle(merged)	24		ཡིད་ལ་རེ་བ་བཞིན་བྱེད་པས་ན་དགོས་པའོ། །དེ་ལྟ་བུའི་འབད་པ་བྱེད་པས་ན་སེམས་དཔའ་ཆེན་པོ་
422	terminal-particle	34		འཇུག་པའི་སྒྲུབ་པ་བསྒྲུབས་ནས་འབྲས་བུ་རྫོགས་པའི་བྱང་ཆུབ་ཆེན་པོ་ཐོབ་པ་གསུམ་པ་ཚོགས་ཀ
423	terminal-particle+maxcap	21		དཔེར་ན་སྒྱུ་མའི་མཁན་པོས་སྒྱུ་མའི་གནས་ལམ་པོ་ཆེའི་བཞི་མདོ་རུ་སྒྱུ་མ་མངོན་པར་སྤྲུལ་
424	terminal-particle+maxcap	56	STAGE2_REVIEW	ཡང་དེའི་སྐྱེ་བོ་ཕལ་པོ་ཆེའི་ཚོགས་ཀྱི་མགོ་རྣམ་པ་མང་པོ་བྱེ་བ་གཅོད་པར་བྱེད་པ་ནི་རང་ག
425	terminal-particle	39		དེ་བཞིན་དུ་སྒྱུ་མ་མཁན་གྱི་སྤྲུལ་པ་བསད་པ་དེ་དག་ཅི་འདྲ་བར་དེ་ལྟར་གཉེན་པོའི་སྒྱུ་མ་
426	terminal-particle+maxcap	36		གང་གི་ཚེ་བྱང་ཆུབ་སེམས་དཔའ་དེས་འགྲོ་བ་ཀུན་ལས་དང་ཉོན་མོངས་པས་སྤྲུལ་པ་ཡིན་པར་ཐོས་པ་
427	terminal-particle+maxcap	19		དེ་ལ་ཁ་ན་མ་ཐོ་བ་འཇིགས་པ་མེད་ཅིང་སྐྲག་པ་མེད་པར་གྱུར་པ་ཡིན་ནོ། །
428	terminal-particle	33		འགྲོ་བ་ཀུན་སྤྲུལ་པ་དང་འདྲ་བ་ཡིན་ན་ཇི་ལྟར་བཅིངས་པ་དང་གྲོལ་བར་འགྱུར་ཞེས་ཟེར་ན། དེ་
429	terminal-particle+maxcap	38		གཟུགས་དང་ཞེས་བྱ་བ་ལ་སོགས་པ་གསུངས་ཏེ། གཟུགས་ནས་རྣམ་པར་ཤེས་པའི་བར་དུ་མ་རིག་པས་བཅིང
430	terminal-particle+terminal-particle(merged)	35		གང་གི་ཕྱིར་གཟུགས་ལ་སོགས་པ་ཡང་དག་པ་མ་ཡིན་ཏེ་མེད་པ་མ་ཡིན་ནོ། །རྒྱུ་གང་གིས་ཤེ་ན། ཡོ
431	objection-close+terminal-particle(merged)	38		ཇི་ལྟ་བུ་ཀུན་རྫོབ་ཡིན་ཞེ་ན། དེ་ལྟར་ཞེས་བྱ་བ་ལ་སོགས་པ་གསུངས་ཏེ། འདི་ལྟར་རིགས་པས་ཆ
432	terminal-particle+maxcap+terminal-particle(merged)	39		ཐམས་ཅད་ཐ་སྙད་ཡིན་པར་རྟོགས་ནས་སེམས་ཞུམ་པ་མེད་དོ། །འོན་ཀྱང་བཅིངས་པ་དང་གྲོལ་བ་དོར་བ
433	terminal-particle+maxcap	27		དེ་ཉིད་བསྒོམས་པའི་སྟོབས་ཀྱིས་ཇི་ལྟ་བ་བཞིན་གྱི་ཆོས་རྟོགས་ནས་བྱང་ཆུབ་འཐོབ་ཏེ། རིགས
434	terminal-particle+maxcap	33		གཞན་གྱིས་ཇི་སྐད་བསྟན་པའི་རིམ་པ་ལས་བཟློག་པ་མ་རིག་པའི་ནུས་པས་བཅིངས་པ་ཡིན་པའི་ཕྱིར་
435	terminal-particle	40		བརྩེ་བ་ལ་སོགས་པ་སྒྲུབ་པར་བྱེད་པ་ནི་གང་ཟག་དམ་པ་རྣམས་ཏེ། ཉན་ཐོས་ལ་སོགས་པ་ལ་ལྟོས་ནས
436	terminal-particle	40		ཇི་སྐད་བསྟན་པ་ཉིད་ཐེག་པ་ཆེན་པོ་ཡིན་པར་ཅིའི་ཕྱིར་ཞེས་དྲི་བ་སྔོན་དུ་འགྲོ་བས་ཐེག་པ་
437	terminal-particle+maxcap	38		གང་དུ་བྱང་ཆུབ་སེམས་དཔའ་གང་གིས་འབྲས་བུ་དང་བཅས་པའི་ལམ་བརྩེ་བ་དང་། སྦྱིན་པ་ལ་སོགས་པ
438	terminal-particle+maxcap+terminal-particle+objection-close+terminal-particle(merged)	39		རིམ་གྱིས་སེམས་ཅན་ཐམས་ཅད་མྱ་ངན་ལས་ཟློ་བར་བྱེད་དོ། །དེ་བས་ན་འདི་ནི་ཐེག་པ་ཆེན་པོ་ཡི
439	terminal-particle+maxcap	28		གང་གི་ཕྱིར་ནམ་མཁའ་དང་འདྲ་བར་དཔག་ཏུ་མེད་པའི་སེམས་ཅན་གྱི་གོ་སྐབས་འབྱེད་པར་བསྙེན་པས
440	terminal-particle	22		ཡོན་ཏན་རྣམ་པ་ཐམས་ཅད་མཐར་ཐུག་པ་ནས་གཞལ་མེད་ཁང་དང་འདྲ་བས་ན་གཞལ་མེད་ཁང་ཆེན་ནོ། །
441	line-end	22		དགའ་སྐྱིད་བདེ་བ་ཞེས་བྱ་བ་ལ་སོགས་པ་ཐམས་ཅད་སྤངས་པའི་ཕྱིར་ཟག་པ་མེད་པ་ནི་དགའ་བའོ། །
442	verse-stanza	16		ལུས་ཀྱི་བདེ་བའི་ཚོགས་ནི་སྐྱིད་པའོ། །↵བདེ་བ་ནི་སེམས་ལས་བྱུང་བ་བདེ་བའོ། །
443	terminal-particle	26		མངོན་པར་འཐོབ་བྱེད་ནི་དགའ་སྐྱིད་བདེ་བ་ལ་མངོན་པར་ཕྱོགས་ཏེ་ཐོབ་པ་ནི་བཅོམ་ལྡན་འདས་སོ
444	terminal-particle	28		ཡང་ན་ཁྱད་པར་དུ་འཕགས་པ་དེ་བས་ན་བྱང་ཆུབ་སེམས་དཔའི་ལམ་འབྲས་བུ་དང་བཅས་པ་ལ་ཐེག་པ་ཆེན་
445	terminal-particle	38		དེ་ལྟ་མོད་ཀྱི་ཕྱོགས་གཞན་དང་གཞན་དུ་འགྲོ་བའི་གནས་སྐབས་ཐོབ་པ་ཁྱད་པར་དུ་འཕགས་པའི་རྒྱ
446	terminal-particle+maxcap	29		དེ་བཞིན་དུ་ཐེག་པ་ཆེན་པོ་ཡིན་པར་འཛིན་པས་ཕྱིན་ཅི་ལོག་ཏུ་འགྱུར་རོ་ཞེས་ཟེར་ན། གང་ཞིག
447	terminal-particle+maxcap+terminal-particle(merged)	24		ཐེག་པ་ཆེན་པོ་ལ་ཞོན་པ་ནི་བྱང་ཆུབ་སེམས་དཔའ་འོ། །ཕྱོགས་ནི་ཤར་ཕྱོགས་ལ་སོགས་པ་དེས་ཉེ་
448	terminal-particle+objection-close(merged)	39		ས་དང་པོ་ལ་སོགས་པའི་གནས་སྐབས་སུ་ཕྱིན་པ་དེས་དེ་ཁོ་ན་ཉིད་དམིགས་པ་མེད་དོ། །དེ་ལྟ་ཡིན
449	terminal-particle	10		མྱ་ངན་ཞེས་བྱ་བ་ལ་སོགས་པ་གསུངས་ཏེ།
450	terminal-particle+maxcap	37		མྱ་ངན་ལས་འདས་པར་འགྲོ་ཞེས་བྱ་བ་འདིར་ཡང་ཕྱིན་ཅི་ལོག་གི་ངོ་བོ་བཟློག་པ་ཉིད་ལ་མྱ་ངན་ལ
451	terminal-particle	34		འཇིག་རྟེན་པས་ཀྱང་རང་གི་ངོ་བོ་དགག་པ་ཙམ་ཉིད་ལ་མྱ་ངན་ལས་འདས་ཞེས་བྱ་བར་གྲགས་པར་བསྟན་
452	terminal-particle+maxcap+terminal-particle(merged)	39		དཔེར་ན་མེ་ཤི་བ་ལ་འགགས་ཞེས་བྱ་བར་ཐ་སྙད་འདོགས་ཀྱི་མེ་དེ་འགགས་པས་འདས་པར་བྱ་བ་བྱེད་པ
453	terminal-particle+terminal-particle(merged)	27		གནས་པས་ད་ལྟར་བྱུང་བ་མ་ཡིན་ནོ། །དུས་ཀྱིས་འགྱུར་བའི་བྱེ་བྲག་ཁྱད་པར་འགྱུར་བ་མི་སྲིད
454	terminal-particle	22		རྒྱུ་དེས་ན་རང་གི་ངོ་བོ་ལོག་པ་ཙམ་ལ་འཇིག་རྟེན་པས་ཀྱང་མེ་ཤི་ཞེས་རྗོད་པར་བྱེད་དོ། །
455	objection-close	44	STAGE2_REVIEW	གལ་ཏེ་དེ་ལྟ་ན་ཐེག་པ་ཆེན་པོ་དེ་ཁོ་ན་ཉིད་ཀྱི་ཁྱད་པར་རྟོགས་པ་མེད་པའི་ཕྱིར་ཇི་ལྟར་བྱ
456	terminal-particle	10		བྱང་ཆུབ་ཅེས་བྱ་བ་ལ་སོགས་པ་གསུངས་ཏེ།
457	terminal-particle+maxcap	37		སྔོན་གྱི་མཐའ་ནི་རྒྱུའི་སྟོབས་ཀྱི་ཕྱི་མའི་མཐར་འབྲས་བུ་བསྐྱེད་པའི་ཕྱིར་ད་ལྟར་བྱུང་
458	terminal-particle+maxcap+terminal-particle(merged)	34		ཡང་དག་པའི་དོན་ཡིན་པར་སྒྲུབ་པར་བྱེད་པའི་ཚད་མ་མེད་པའི་ཕྱིར་རོ། །དེ་བས་ན་དུས་གསུམ་ག
459	terminal-particle+maxcap	38		དེ་ལྟ་བུའི་རིགས་པས་གང་དག་པ་ནི་འཇིག་རྟེན་པའི་མངོན་པར་འདུས་བྱས་པ་མ་ཡིན་པས་དེ་ཉིད་ཀ
460	terminal-particle	11		ཀུན་ཏུ་སེམས་ཅན་མྱ་ངན་ལས་ཟློ་བར་ནུས་ཏེ།
461	terminal-particle+maxcap	35		གཞན་དུ་ན་དེ་དག་གིས་དེ་ཁོ་ན་ཉིད་ཀྱི་ཁྱད་པར་མ་རྟོགས་པར་མངོན་པར་ཞེན་པ་དེས་ཕྱིན་ཅི་ལ
462	terminal-particle	24		དེ་ལྟ་བུ་དེ་ལས་བཟློག་པ་དེ་ཉིད་ནི་ཤེས་རབ་དང་སྙིང་རྗེ་ལ་སོགས་པ་ཚོགས་ཀྱི་སྒྲུབ་པ་ཡི
463	terminal-particle+maxcap	24		ཐེག་པ་ཆེན་པོའི་ཆོས་མ་ལུས་པའི་རང་བཞིན་ཕ་རོལ་ཕྱིན་མཆོག་སྤྱོད་པ་གང་ཡིན་པ་ཡང་སྒྲུབ་པ
464	terminal-particle	25		ཚོགས་བསགས་པ་ལ་བཞི་པ་ངེས་པར་འབྱུང་བས་དེ་བསྟན་པའི་ཕྱིར་བྱང་ཆུབ་སེམས་ཞེས་བྱ་བ་ལ་སོག
465	terminal-particle+maxcap	27		གཟེགས་ཟན་ལ་སོགས་པས་དུས་རྟག་པར་བརྟགས་པ་བཀག་ནས་དངོས་པོ་ལ་ཉེ་བར་འཇུག་པ་ཉིད་ཀྱི་བརྡར
466	terminal-particle+maxcap	18		བརྡའ་གང་གི་དུས་ཀྱི་ཚེ་བྱང་ཆུབ་སེམས་དཔའ་བདེན་པ་གཉིས་རྟོགས་པས་ན་མཁས་པའོ། །
467	terminal-particle	38		ཆེད་དུ་བྱ་བའི་ངེས་པར་འབྱུང་བའི་སྒྲུབ་པར་སྤྱོད་པར་བྱེད་ཅིང་ཆོས་རྣམས་མ་སྐྱེས་པར་རྟ
468	terminal-particle+terminal-particle(merged)	37		བདག་དང་གཞན་དུ་མངོན་པར་ཞེན་པ་མེད་པ་ནི་སེམས་ཅན་འདུ་ཤེས་མེད་དེ་ཡོད་པའི་འདུ་ཤེས་མི་བ
469	terminal-particle+terminal-particle(merged)	30		དོན་ཐམས་ཅད་ཀྱི་ཆེད་དུ་བྱ་བའི་ངེས་པར་འབྱུང་བའི་སྒྲུབ་པ་ནི་ཕ་རོལ་ཏུ་ཕྱིན་པ་མཆོག་གོ
470	objection-close+terminal-particle(merged)	34		སེམས་ཅན་དུ་དམིགས་ན་ཉེས་པ་ཅི་ཞིག་ཡོད་ཅེ་ན། གལ་ཏེ་ཞེས་བྱ་བ་ལ་སོགས་པ་གསུངས་ཏེ། གལ་ཏ
471	terminal-particle+maxcap	47	STAGE2_REVIEW	དེའི་སྡུག་བསྔལ་གྱི་འདུ་ཤེས་སྐྱེས་པས་སྦྱིན་པ་ལ་སོགས་པ་རྣམས་ལ་དཀའ་བས་སྤྱོད་པར་བྱེད
472	line-end	29		དེ་བས་ན་བདག་དང་གཞན་གྱི་ཆར་ཡོངས་སུ་འཛིན་པའི་ཉེས་པ་དེ་གཉིས་ཀྱིས་ཉེས་པ་ཐམས་ཅད་འབྱུང
473	verse-stanza	20		འདི་ནི་ཤེས་རབ་ཕ་རོལ་ཕྱིན་མཆོག་སྤྱོད་མ་ཡིན། །↵ཞེས་བྱ་བ་ནི་ཚིགས་སུ་བཅད་པའི་དོན་ཏོ།
474	objection-close+terminal-particle(merged)	29		ཇི་ལྟར་སྤྱད་པར་བྱ་ཞེ་ན། བདག་ཅི་ཞེས་བྱ་བ་ལ་སོགས་པ་གསུངས་ཏེ། སྐྱེ་བ་མེད་པ་དང་སྐྱེ་
475	quote-close	67	STAGE2_REVIEW	བདེན་པ་གཉིས་ཐ་དད་པར་གཉིས་ཀྱི་རང་བཞིན་དུ་མི་རྟོག་ཅིང་ཡིད་ལ་མི་བྱེད་པ་ནི་གང་གི་ཚེ་
476	terminal-particle	38		གཞན་དག་ཏུ་བྱས་ཏེ། ཀུན་རྫོབ་ཏུ་གཅིག་ཏུ་རྟོགས་པ་ཅི་འདྲ་བར་སེམས་ཅན་ཐམས་ཅད་སྒྲོ་བཏགས
477	terminal-particle+maxcap	33		སྟོང་པ་ཉིད་ཀྱི་རིགས་པས་གཅིག་ཉིད་དུ་རྟོགས་པས་བདེན་པ་གཉིས་ལ་ཡང་དག་པར་ཞུགས་པ་དེའི་ཚ
478	terminal-particle	21		དེ་ལྟར་རྟོགས་པར་བྱ་བའི་དངོས་པོ་བརྟགས་པར་བསྟན་ནས། འཇིག་རྟེན་ཞེས་བྱ་བ་ལ་སོགས་པ་གསུ
479	terminal-particle+maxcap	35		འཇིག་རྟེན་དག་ན་ཆོས་མིང་ཡོངས་སུ་བརྗོད་པ་ནི་སེམས་བསྐྱེད་པ་ལ་སོགས་པས་རབ་ཏུ་བསྒྲགས་པ
480	terminal-particle+terminal-particle+terminal-particle(merged)	40		དེ་དག་ཀུན་ལ་སྐྱེ་བ་དང་ནི་ཡང་དག་འདས་སྤངས་ཏེ། སྤངས་པ་ནི་འགགས་པའོ། །དེ་ཉིད་སྤངས་པ་ན
481	terminal-particle	30		མེ་ལོང་ལྟ་བུའི་ཡེ་ཤེས་ལ་སོགས་པའི་རང་བཞིན་ཕྱིན་ཅི་ལོག་ཐམས་ཅད་སྤངས་པའི་ཕྱིར་དམ་པ་ས
482	terminal-particle+terminal-particle(merged)	37		དེ་ལས་གཞན་གོང་ན་མེད་པའི་ཡེ་ཤེས་ཀྱི་དོན་ཐོབ་པ་ནི་དགོས་པ་ཡིན་ནོ། །ཆེད་དུ་བྱ་བ་ངེས་
483	terminal-particle+objection-close(merged)	33		དེ་ལྟར་གྲུབ་པ་ལ་རྣམ་པར་བཀག་ནས་ཞེས་བྱ་བའི་སྒྲ་ནི་རབ་ཏུ་གྲགས་པའི་མིང་གི་རྣམ་གྲངས་ས
484	terminal-particle+terminal-particle(merged)	38		བྱང་ཆུབ་སེམས་དཔའ་ཞེས་བྱ་བ་ལ་སོགས་པ་གསུངས་ཏེ། རིམ་པ་བཞིན་དུ་སྦྱར་ཏེ། རང་བཞིན་དེ་ན
485	terminal-particle+terminal-particle(merged)	36		ཆོས་རྣམས་བསྒོམ་པ་ལ་སོགས་པའི་རིམ་གྱིས་ཡོངས་སུ་ཤེས་པར་གྱུར་པ་དེ་ལྟ་བུར་གྱུར་པའི་ཆེ
486	terminal-particle+terminal-particle(merged)	31		དེ་ལྟར་བྱང་ཆུབ་སེམས་དཔའ་དེས་ཐབས་དང་ཤེས་རབ་དང་ལྡན་ཏེ་ཀུན་རྫོབ་དང་དོན་དམ་པ་ལ་གནས་པ
487	terminal-particle	35		ཡང་དག་པར་ཞུགས་པའི་ཕྱིར་འདི་ནི་ཤེས་རབ་སྟེ། ཇི་སྐད་བསྟན་པའི་ངེས་པར་འབྱུང་བའི་བསྒྲུ
488	line-end	17		དེ་དག་གིས་ནི་རྣམ་པ་ཐམས་ཅད་མཁྱེན་པ་ཉིད་བསྟན་ཏེ། དེ་སྐད་དུ་ཡང་།
489	verse-stanza	28		སེམས་བསྐྱེད་པ་དང་གདམས་ངག་དང་། །↵ངེས་འབྱེད་ཡན་ལག་རྣམ་བཞི་དང་། །↵སྒྲུབ་པ་ཡི་ཡང་བཞི
490	verse-stanza	20		དམིགས་པ་དག་དང་ཆེད་དང་ནི། །↵གོ་ཆ་འཇུག་པའི་བྱ་བ་དང་། །↵ཚོགས་ནི་ངེས་པར་འབྱུང་བྱས་རྣ
491	terminal-particle+terminal-particle(merged)	31		ཐུབ་པའི་རྣམ་ཀུན་མཁྱེན་པ་ཉིད་ཅེས་གསུངས་པ་ཡིན་ནོ། །གཞུང་འདིར་ཚིགས་སུ་བཅད་པ་རྣམས་ཀྱ
492	terminal-particle+maxcap	32		སྟོང་ཕྲག་བརྒྱ་པའི་དོན་ཐམས་ཅད་བསྡུས་པའི་ཕྱིར་དེ་དང་མཐུན་པར་ལེའུ་སྦྱར་བར་རིགས་མོད་
493	terminal-particle+maxcap	16		དེ་བཞིན་དུ་སྟོང་ཕྲག་ཉི་ཤུ་ལྔ་པ་དང་ཡང་མཐུན་པར་མ་བྱས་སོ། །
494	terminal-particle	39		སྐྱེ་བོ་ཐམས་ཅད་ཀྱིས་བདེ་བར་རྟོགས་པར་བྱ་བའི་ཕྱིར་རམ། དོན་གཅིག་པར་ཤེས་པར་བྱ་བའི་ཕྱ
495	terminal-particle	28		ཡོན་ཏན་རིན་པོ་ཆེ་སྡུད་པ་ཚིགས་སུ་བཅད་པ་ལས་རྣམ་པ་ཐམས་ཅད་མཁྱེན་པ་ཉིད་ལ་འཇུག་པའི་ལེའ
496	line-end	24		རྣམ་པ་ཐམས་ཅད་མཁྱེན་པ་ཉིད་རྟོགས་པ་ནི་ལམ་ཡོངས་སུ་མ་ཤེས་པར་མ་ཡིན་པས་ལམ་ཤེས་པར་བསྟན་
497	terminal-particle	22		དེ་ལ་དང་པོ་རྟེན་ལ་སོགས་པ་བརྗོད་པར་བྱ་བའི་ཕྱིར། གང་ཞིག་ཅེས་བྱ་བ་ལ་སོགས་པ་གསུངས་ཏེ
498	terminal-particle+maxcap	23		གཟུགས་ལ་སོགས་པའི་མངོན་པར་ཞེན་པ་གང་ཞིག་མི་སྦྱོར་བར་གནས་པ་ནི་ཆོས་ཉིད་ལ་གནས་པར་འགྱུ
499	terminal-particle+terminal-particle(merged)	38		འདི་ལྟར་འོད་ཀྱིས་མོག་མོག་པོར་མཛད་པས་རྒྱུད་ལ་ཡོད་པའི་ང་རྒྱལ་བཅོམ་པ་ནི་རྟེན་ཡིན་ནོ
500	terminal-particle+terminal-particle+maxcap(merged)	22		འདི་ན་སྣོད་མིན་སེམས་ཅན་འགའ་ཡང་མེད། །ཅེས་གསུངས་པས་འགྲོ་བ་ཐམས་ཅད་ཀྱིས་སངས་རྒྱས་ཐོབ
501	terminal-particle+maxcap	29		འདོད་ཆགས་དང་བྲལ་བ་དང་ཅིག་ཤོས་ཀྱི་རྣལ་འབྱོར་པས་ཀྱང་སངས་རྒྱས་ཉིད་ཐོབ་པས་ན་ལམ་ཤེས་པ
502	terminal-particle	26		བསོད་ནམས་དང་ཡེ་ཤེས་ཀྱི་ཚོགས་ཡོངས་སུ་རྫོགས་པར་བྱ་བའི་ཕྱིར་ཉོན་མོངས་པ་ཐམས་ཅད་མི་སྤ
503	terminal-particle	35		ཤེས་རབ་དང་ཐབས་ལ་མཁས་པའི་སྟོབས་ཀྱིས་ཡོངས་སུ་མ་བཟུང་བའི་སེམས་ཅན་ཡོངས་སུ་བཟུང་བ་ལ་ས
504	terminal-particle	23		དབྱེ་བ་ལྔ་པོའི་དོན་མེད་ན་མི་འབྱུང་བའི་ཕྱིར་ཆོས་ཉིད་ཀྱི་སྒྲས་འཕངས་པ་ཡིན་ནོ་ཞེས་རྟ
505	terminal-particle	31		གཞན་དུ་ན་ལམ་ཤེས་པས་རྟོགས་པར་མི་རིགས་པས་དེ་ཉིད་ཀྱི་ཕྱིར་དེ་རྟོགས་པའི་ཐབས་ཡིན་པས་ད
506	terminal-particle+terminal-particle(merged)	34		ཤེས་རབ་ཀྱི་ཕ་རོལ་ཏུ་ཕྱིན་པ་ནི་ལམ་ཤེས་པའི་རང་བཞིན་མཆོག་ལ་སྤྱོད་པ་ཡིན་ནོ། །རྟེན་ལ་
507	terminal-particle+maxcap	89	STAGE2_REVIEW	རང་གི་ལམ་ཐབས་ལ་མཁས་པའི་ཕ་རོལ་ཏུ་ཕྱིན་པའི་རབ་ཏུ་རྟོགས་པ་ཐོབ་ནས་ཐེག་པ་གཞན་གྱིས་འདུ
508	terminal-particle+maxcap+terminal-particle+terminal-particle(merged)	34		དེ་ལ་ཆོས་ཉིད་ཀྱིས་སྐྱེས་པ་འཇིག་པའི་ཕྱིར་མི་རྟག་པའོ། །ཟག་པ་དང་བཅས་པས་མཐུན་པ་མ་ཡིན
509	terminal-particle+terminal-particle(merged)	38		རྟག་པ་ཉིད་ལ་སོགས་པ་དེ་ཉིད་ལས་བཟློག་པར་བྱ་བ་དེ་གཉིས་ནི་དོར་བར་བྱ་བ་དང་བླང་བར་བྱ་བ
510	terminal-particle	47	STAGE2_REVIEW	དེ་བཞིན་ཉིད་དང་དེ་བཞིན་སྟོང་ཞེས་བྱ་བ་འདིས་ནི་རབ་ཏུ་འབྱེད་པའི་སྟོབས་ཀྱིས་ལྷག་མ་བད
511	objection-close+terminal-particle(merged)	30		དེ་ལ་བྱང་ཆུབ་སེམས་དཔས་ཇི་ལྟར་གོམས་པར་བྱ་ཞེ་ན། སྟོང་ཞེས་བྱ་བ་ལ་སོགས་པ་གསུངས་ཏེ། ག
512	terminal-particle	80	STAGE2_REVIEW	འདིར་རྟག་པ་ལ་སོགས་པའི་ཆོས་ཀྱི་གཉེན་པོ་མི་རྟག་པ་ལ་སོགས་པའི་རྣམ་པའི་བདེན་པ་བཞིའི་ད
513	terminal-particle	22		དེ་བས་ན་སྟོང་པ་ཉིད་ཀྱི་བདེན་པས་སྤྱིར་འབྲས་བུ་ཅུང་ཟད་གང་ཐོབ་པ་ལ་ཡང་མི་གནས་སོ། །
514	terminal-particle	46	STAGE2_REVIEW	དེ་ཉིད་ཀྱི་ཕྱིར་དབང་པོ་རྟུལ་པོ་དང་འབྲིང་དང་རྣོན་པོ་ལ་མི་རྟག་པ་ལ་སོགས་པའི་རྣམ་པ་བ
515	terminal-particle	10		ཁྱད་པར་ཉན་ཐོས་དང་། རང་སངས་རྒྱས་དང་།
516	terminal-particle+maxcap	58	STAGE2_REVIEW	དེ་བཞིན་གཤེགས་པའི་སར་མི་གནས་ཤིང་རྣམ་པ་ཐམས་ཅད་དུ་ཉན་ཐོས་ལ་སོགས་པའི་ཐེག་པ་བསྟན་པའི
517	terminal-particle+maxcap	14		དེ་ལས་བྱང་ཆུབ་སེམས་དཔས་ཀྱང་རྒྱལ་བའི་ཕྱིར་འཇུག་པ་ཡིན་ནོ། །
518	terminal-particle	35		བདེན་པ་ཡོངས་སུ་ཤེས་པའི་སྔོན་དུ་ངེས་པར་འབྱེད་པའི་ཆ་ཡོངས་སུ་ཤེས་པ་འགྲོ་བས་ངེས་པར་འ
519	terminal-particle+maxcap	36		ཇི་ལྟར་འདྲེན་པ་བཅོམ་ལྡན་འདས་གནས་པ་མེད་པར་སྤྱོད་པ་དེ་ལྟར་དེ་བཞིན་ཉིད་ལ་སོགས་པ་འདུ
520	terminal-particle	31		དེ་བཞིན་དུ་འདོད་པའི་ཁམས་ལ་སོགས་པའི་འདུས་བྱས་ལ་ཡང་མི་གནས་ཤིང་། དེ་བས་ན་དེ་ལ་ཇི་ལྟ
521	terminal-particle	33		དེ་ཉིད་ཀྱི་ཕྱིར་ཇི་སྐད་བསྟན་པའི་རྣམ་པར་བསྒོམས་པས་ངེས་པར་འབྱེད་པ་ཡོངས་སུ་ཤེས་པ་གན
522	terminal-particle	17		གང་གི་ཕྱིར་གནས་མེད་གནས་ཡིན་འདི་ནི་རྒྱལ་བ་དེ་བཞིན་གཤེགས་པས་གསུངས་སོ། །
523	terminal-particle	29		ཉན་ཐོས་ཀྱི་ལམ་གྱི་རྗེས་ལ་རང་སངས་རྒྱས་རྣམས་ཀྱི་ལམ་བརྗོད་པར་རིགས་མོད་ཀྱི། ཉན་ཐོས་ལ
524	terminal-particle+maxcap	52	STAGE2_REVIEW	གང་གིས་ན་དེ་ཉིད་གྱི་ལམ་ལ་ཁྱད་པར་གྱི་ཅི་ཡོད་སྙམ་པའི་དོགས་པ་བསལ་བའི་ཕྱིར་གང་གིས་སྔ
525	terminal-particle	36		དེ་བཞིན་དུ་ཤེས་བྱའི་སྒྲིབ་པའི་ཕྱོགས་གཅིག་གཟུང་བའི་རྣམ་པར་རྟོག་པ་སྤངས་པ་དང་། སྒྲ་
526	terminal-particle+maxcap+terminal-particle(merged)	35		གཉིས་ཀྱི་ཁྱད་པར་དུ་འཕགས་སོ། །གཞན་དུ་ན་ཁྱད་པར་དུ་འཕགས་པ་མེད་ན་ལམ་ལ་ཁྱད་པར་ཡོད་པར་
527	terminal-particle	30		དེ་བས་ན་ཁྱད་པར་དུ་འཕགས་པའི་ལམ་ཁྱད་པར་ཅན་རང་སངས་རྒྱས་ཀྱི་ལམ་བསྟན་པའི་ཕྱིར་གང་དག་ཅ
528	terminal-particle+maxcap+terminal-particle(merged)	39		དཔེར་ན་འགའ་ཞིག་རྒྱ་མཚོར་ནུབ་པས་ཕ་རོལ་དང་ཚུ་རོལ་གྱི་འགྲམ་མི་མཐོང་བས་འགྲོ་བར་མི་ནུ
529	terminal-particle+terminal-particle(merged)	28		གང་གི་ཕྱིར་མི་ལྡོག་པའི་ཕྱིར་བདེ་གཤེགས་ནི་ཉན་ཐོས་སོ། །རང་སངས་རྒྱས་དང་དེ་བཞིན་ཆོས་
530	terminal-particle	18		དེས་ན་འདི་ལ་ནི་ལམ་ཤེས་པ་སྟེ་ལམ་ཐམས་ཅད་དུ་ཡུལ་ཡིན་པའི་ཕྱིར་རོ། །
531	terminal-particle	39		ཆོས་ལ་རྟོགས་པའི་བཟོད་པ་འདི་ལ་མ་བརྟེན་པར་སངས་རྒྱས་ཐོབ་པར་མི་ནུས་ཏེ། མངོན་པར་འདོད་
532	terminal-particle	25		འདིས་གཞི་ཁྱབ་པའི་དོན་དུ་བསྟན་པ་འདིས་ནི་རང་སངས་རྒྱས་ཀྱི་ལམ་གྱི་དབང་དུ་བྱས་པ་དེ་བས
533	terminal-particle	31		གཟུང་བར་རྟོག་པ་འབའ་ཞིག་སྔངས་པའི་རང་སངས་རྒྱས་ཀྱི་ལམ་གང་གིས་ཁྱད་པར་དུ་འཕགས་པ་དེའི་
534	terminal-particle+maxcap+terminal-particle(merged)	25		འོན་ཀྱང་ཉན་ཐོས་ལ་སོགས་པའི་ལམ་གྱི་རང་བཞིན་ཡང་ཡིན་ནོ། །གཟུང་བ་མེད་པས་དེ་འཛིན་མེད་ཅ
535	terminal-particle	29		འཛིན་པའི་རྣམ་པར་རྟོག་པ་ཅི་འདྲ་བས་ཆོས་འཛིན་པ་རང་སངས་རྒྱས་སུ་རྟོགས་ཤེ་ན། ཆོས་འཆད་པ
536	terminal-particle+maxcap	28		འདིར་ཆོས་འཆད་པ་དང་ཉན་དང་བཤད་བྱ་གང་ཡིན་པ་སྒྱུ་མ་ལྟ་བུ་ཡིན་ཏེ། འདིར་དགོས་པ་ནི་དེ་ལ
537	terminal-particle+maxcap	41	STAGE2_REVIEW	གང་གི་ཕྱིར་རང་གི་མཚན་ཉིད་དངོས་པོའི་བདག་རྒྱུར་རུང་བས་འཛིན་པར་བྱེད་པར་རྣམ་པར་མི་རྟ
538	terminal-particle+maxcap	53	STAGE2_REVIEW	གཟུང་བའི་རྣམ་པར་རྟོག་པ་བཀག་པ་ན་ཡང་གཟུགས་ལ་སོགས་པ་ལ་འཛིན་པའི་རྣམ་པར་རྟོག་པའི་ཤེས་
539	terminal-particle	24		གང་གི་ཕྱིར་རང་སངས་རྒྱས་གང་གིས་གཞན་ལ་འཆད་པ་ཉེ་བར་མཚོན་པ་ཡིན་པའི་ཕྱིར་མི་འཆད་པ་ཡང་
540	terminal-particle+maxcap	40		གཟུགས་ལ་སོགས་པ་རྣམ་པར་མི་རྟོག་པས་བཟུང་བའི་རྗེས་ལ་འཛིན་པའི་རྣམ་པར་རྟོག་པ་ཞེས་པ་ཉན
541	terminal-particle+maxcap	27		དེ་དག་ཐམས་ཅད་ཀྱང་རྫུན་པ་སྣང་བའི་རང་བཞིན་འཛིན་པའི་རྣམ་པར་རྟོག་པ་དང་བྲལ་བའི་ཆོས་འཛ
542	terminal-particle+maxcap	15		ཆོས་དེ་འཆད་པ་དང་ཉན་པ་ཡང་སྒྱུ་མ་ལྟ་བུར་རིག་པར་བྱའོ། །
543	terminal-particle	27		དེ་བས་ན་འཛིན་པའི་རྣམ་པར་རྟོག་པ་མ་སྤངས་པའི་རིགས་པ། འདིས་ཡང་རང་སངས་རྒྱས་ཀྱི་ལམ་གྱི
544	terminal-particle	37		རྣམ་པ་གང་གིས་ཆོས་སྒྱུ་མ་ལྟ་བུར་བསྟན་པ་ནི་རང་བཞིན་བཀག་ནས་དེ་ཁོ་ན་ཉིད་དུ་ཡོད་པར་རྟ
545	terminal-particle+maxcap	23		དེ་ལ་འབྲས་བུ་གང་ཞིག་དང་པོ་ལ་སོགས་པ་ལ་གནས་པའི་གང་ཟག་བརྒྱད་པོ་ནི་འབྲས་བུ་འཐོབ་པའོ།
546	terminal-particle+terminal-particle(merged)	40		ཚོགས་ན་སྤྱོད་པ་དང་། བསེ་རུ་ལྟ་བུ་འང་རང་སངས་རྒྱས་སུ་མཚུངས་པས་རྐྱེན་རྒྱལ་ལོ། །ལོངས
547	terminal-particle	17		རིམ་པ་ཇི་ལྟ་བ་བཞིན་དུ་དོན་དུ་སྦྱོར་བས་མཁས་པ་དང་གསལ་བ་སྟེ།
548	terminal-particle+maxcap	27		ཕུལ་དུ་བྱུང་བའི་ཤེས་རབ་ཕུན་སུམ་ཚོགས་པས་མཁས་གསལ་ཏེ་ཡང་དག་པར་རྫོགས་པའི་སངས་རྒྱས་མང
549	terminal-particle	33		ཡང་གང་གིས་ཆོས་ཀྱི་སྐུ་ཐོབ་པ་ནི་མྱ་ངན་ལས་འདས་པ་སྟེ། རིམ་པ་ཇི་ལྟ་བ་བཞིན་དུ་རང་དང་ག
550	terminal-particle	22		ཡང་ན་མཁས་པ་རྣམས་ཀྱི་ནང་ནས་ཤེས་རབ་ཕུལ་ཏུ་བྱུང་བ་ཕུན་སུམ་ཚོགས་པ་ནི་མཁས་རིག་གོ། །
551	terminal-particle	42	STAGE2_REVIEW	ཡང་དག་པར་རྫོགས་པའི་སངས་རྒྱས་མངོན་དུ་བྱེད་པ་དེ་དག་ཐམས་ཅད་ནི་འདས་མ་ཐག་ཏུ་བསྟན་པའི་
552	terminal-particle+maxcap	40		རྟེན་ཅིང་འབྲེལ་པར་འབྱུང་བ་ཉིད་ལ་སོགས་པའི་གཏན་ཚིགས་རྣམས་ཀྱིས་བསྟན་པའི་ཕྱིར་ཆོས་ཀྱ
553	terminal-particle	32		གང་གི་བརྡ་ཅུང་ཟད་གྲུབ་པས་དོན་མ་གྲུབ་པ་སྒྲུབ་པར་བྱེད་པའི་དཔེ་སྒྱུ་མ་ལྟ་བུ་བསྟན་པས
554	terminal-particle	32		ཅི་འདྲ་བ་ལ་མཁས་པའི་གང་ཟག་རང་སངས་རྒྱས་ཀྱི་ཐེག་པའི་སྣོད་དུ་འགྱུར་བ་བསྟན་པའི་ཕྱིར། 
555	terminal-particle+maxcap	29		དེ་ལ་ཤེས་རབ་འབྲིང་གི་ལྟ་བ་དང་ལྡན་པ་ཀུན་རྫོབ་དང་དོན་དམ་པའི་དབྱེ་བ་ཡོངས་སུ་ཤེས་པའི
556	terminal-particle	32		དང་པོར་ངེས་པར་འབྱེད་པའི་ཆ་དང་མཐུན་པ་ཐོབ་པ་ཉིད་ཀྱིས་རང་སངས་རྒྱས་ཀྱི་བྱང་ཆུབ་ཐོབ་པ
557	terminal-particle	12		ཐམས་ཅད་ཀྱིས་མཆོད་པར་འོས་པས་ན་དགྲ་བཅོམ་པ་སྟེ། །
558	terminal-particle+maxcap	30		མཐོང་བའི་ལམ་ལ་སོགས་པ་དེ་ཉིད་ཀྱིས་བཟུང་བའི་རྣམ་པར་རྟོག་པ་སྤངས་པས་རིམ་པ་ཇི་ལྟ་བ་བཞ
559	terminal-particle+maxcap+terminal-particle(merged)	33		དེ་ཉིད་ཀྱི་ཆོས་ཉིད་མངོན་སུམ་དུ་བྱས་པས་ཐེ་ཚོམ་མེད་པའི་ཕྱིར་སོམ་ཉི་སྤངས་པ་ནི་གསུམ་
560	terminal-particle+terminal-particle(merged)	27		གང་ཟག་བཞི་པོ་དེ་དག་རང་སངས་རྒྱས་ཀྱི་རིགས་ཅན་ཡིན་པའི་ཕྱིར་འདི་ལ་སྐྲག་པར་མི་འགྱུར་ར
561	terminal-particle	29		ཇི་ལྟར་རང་སངས་རྒྱས་ཀྱི་ལམ་བྱང་ཆུབ་སེམས་དཔས་གོམས་པར་བྱ་བ་བསྟན་པའི་ཕྱིར། བྱང་ཆུབ་ས
562	terminal-particle+maxcap+terminal-particle(merged)	39		ཉན་ཐོས་རྣམས་བསྒོམ་པ་ཇི་ལྟ་བ་བཞིན་དུ་དངོས་པོ་ཐམས་ཅད་རྟེན་ཅིང་འབྲེལ་པར་འབྱུང་བ་རྟོ
563	terminal-particle	65	STAGE2_REVIEW	ཤེས་རབ་འབྲིང་གི་སྟོབས་ཀྱིས་ཆོས་ཉིད་ལྷག་པ་མཐོང་བ་ཉིད་ཇི་སྐད་བསྟན་པས་ཁྱད་པར་དུ་འཕག
564	terminal-particle	36		དེ་ལྟར་མི་དམིགས་པས་རང་སངས་རྒྱས་ཀྱི་ཐེག་པ་ལ་སྤྱོད་པ་ནི་བྱང་ཆུབ་སེམས་དཔའ་མཁས་རིག་ས
565	terminal-particle	37		ཐམས་ཅད་མཁྱེན་པ་ཉིད་ཆེད་དུ་སངས་རྒྱས་ལ་དམིགས་ནས་དེའི་ཐབས་བདག་མེད་པ་ལ་གོམས་པར་བྱེད་
566	terminal-particle	25		གང་ཞིག་མི་སློབ་པ་ནི་ཤེས་རབ་དང་ཐབས་ལ་མཁས་པའི་སྟོབས་ཀྱིས་ཡོངས་སུ་བཟུང་བས་གོ་རིམས་བ
567	terminal-particle	22		དེ་ཉིད་ཀྱི་ཕྱིར་ཕྱིན་ཅི་མ་ལོག་པར་རྟོགས་པ་ནི་དེ་སློབ་པ་ཡིན་ནོ་ཞེས་བྱ་བའི་དོན་ཏོ། 
568	terminal-particle	32		ངེས་པར་འབྱེད་པའི་ཆ་ཡོངས་སུ་ཤེས་པ་དེས་ཇི་སྐད་བསྟན་པའི་རང་སངས་རྒྱས་ཀྱི་ལམ་ཡོངས་སུ་
569	terminal-particle+maxcap+terminal-particle+terminal-particle(merged)	40		གཟུགས་འཕེལ་ཞེས་བྱ་བ་ལ་སོགས་པ་གསུངས་ཏེ། དེ་ལ་སྦྱིན་པའི་རང་བཞིན་བརྗོད་པ་ནི་གཟུགས་ཙ
570	terminal-particle+terminal-particle(merged)	33		ཡོངས་སུ་བཟུང་བ་ནི་རྟེན་པར་བྱེད་ཅེས་བྱ་བའི་བར་དུའོ། །ཇི་སྐད་བསྟན་པ་བསྒོམས་པས་ངེས་
571	terminal-particle	34		གང་ལ་བྱང་ཆུབ་སེམས་དཔའ་ནི་མི་སློབ་ཅིང་འདོར་བར་བྱེད་དེ། ཉེ་བར་ལེན་པའི་ཕུང་པོ་ལྔ་པོ
572	terminal-particle+maxcap	40		བླང་བར་བྱ་བ་སྣ་ཚོགས་པའི་ཆོས་དྲན་པ་ཉེ་བར་གཞག་པ་ལ་སོགས་པ་རྣམས་ཡོངས་སུ་མི་འཛིན་ཅིང་
573	terminal-particle+maxcap+terminal-particle(merged)	25		སེམས་ཀྱིས་ཀྱང་རྟེན་པར་མི་བྱེད་དེ་འཆིང་བ་ཡིན་པའི་ཕྱིར་རོ། །དེ་ལྟ་བུས་ངེས་པར་འབྱུང
574	terminal-particle	30		དེ་ལྟ་བུ་ལ་འདིར་སློབ་སྟེ་གོམས་པ་ཞེས་པས་བཅོམ་ལྡན་འདས་རྣམ་པ་ཐམས་ཅད་མཁྱེན་པ་ཉིད་དེ།
575	terminal-particle	87	STAGE2_REVIEW	ལྷག་མ་ཉོན་མོངས་པ་སྤོང་བ་ནི་སྔར་བསྟན་པའི་ལམ་གྱི་ངོ་བོ་ལ་མངོན་དུ་ཕྱོགས་པས་ཡང་དང་ཡང
576	terminal-particle	76	STAGE2_REVIEW	ཇི་ལྟ་བུར་གྱུར་པའི་རྒྱལ་བའི་སྲས་ཀྱིས་མཐོང་བའི་ལམ་ཐོབ་པའི་སྟོབས་ཀྱིས་རང་གི་ལམ་ལ་ད
577	terminal-particle+maxcap+terminal-particle(merged)	37		གཟུགས་ནི་ཞེས་བྱ་བ་ལ་སོགས་པ་གསུངས་ཏེ། གཟུགས་ནི་ཤེས་རབ་མ་ཡིན་ཏེ་དེ་བཞིན་ཉིད་ཡིན་ནོ
578	terminal-particle	7		ཤེས་རབ་ལ་ཡང་དེ་བཞིན་ནོ། །
579	terminal-particle	36		འོན་ཀྱང་ནམ་མཁའི་ཁམས་དང་མཚུངས་པར་དེ་དག་གིས་སྟོང་སྟེ། གཟུགས་ལ་སོགས་པ་རིགས་པས་མ་བསྐ
580	terminal-particle+maxcap+line-end(merged)	17		ཁྱད་པར་དང་སྣ་ཚོགས་པའི་རང་བཞིན་དུ་མེད་ཅེས་བྱ་བའི་བར་དུའོ། །དེ་སྐད་དུ།
581	verse-stanza	26		ཆ་ཤས་སྒྲོ་འདོགས་ཇི་སྙེད་པ། །↵དེ་བསལ་ཕྱིར་ན་ངེས་པ་དང་། །↵སྒྲ་ཡང་དེ་སྙེད་ཁོ་ན་དེས།
582	terminal-particle	5		ཞེས་གསུངས་པ་ཡིན་ནོ། །
583	terminal-particle	44	STAGE2_REVIEW	དེ་ལྟར་བསྒོམས་པས་མཐོང་བའི་ལམ་འཇིག་རྟེན་པའི་ཆོས་ཀྱི་མཆོག་གི་རྗེས་ཐོགས་ལ་མི་དམིགས་
584	objection-close	24		དེ་ལྟར་ན་འཕགས་པའི་བདེན་པ་བཞིའི་རྣམ་པའི་བྱེ་བྲག་གིས་རིམ་པ་བཞིན་བསྒོམ་པར་གྲགས་པ་ཇི
585	terminal-particle	26		དམིགས་པ་ཞེས་བྱ་བ་ལ་སོགས་པ་གསུངས་ཏེ། དེ་ལ་ཡོངས་སུ་ཤེས་པ་ཙམ་ཉིད་སྡུག་བསྔལ་གྱི་བདེན
586	terminal-particle	34		དངོས་པོ་ཐམས་ཅད་འབྱུང་བའི་རྒྱུ་ཡིན་པའི་ཕྱིར་དངོས་པོར་མངོན་པར་ཞེན་པ་སྤང་བར་བྱ་བ་ཡི
587	terminal-particle+terminal-particle(merged)	40		མངོན་སུམ་དུ་བྱ་བ་ཡིན་པས་ན་འགོག་པའི་བདེན་པ་སྟེ་ནམ་མཁའི་ཁམས་ཀྱིས་སོ། །ཡོན་ཏན་ཐམས་ཅ
588	line-end	19		ཕ་མཐའ་མེད་ནི་སྔོན་དང་ཕྱི་མའི་མཐའ་དང་རྒྱུ་དང་འབྲས་བུ་ཞེས་བྱ་བའི་བར་དུའོ། །
589	verse-stanza	20		ཡོངས་སུ་རྫོགས་པར་ཡོད་པའི་དུས་ནི་ཕ་རོལ་ལོ། །↵ཕ་མཐའ་མེད་ནི་སྒྱུ་མ་ལྟ་བུར་མེད་པའོ། 
590	terminal-particle	26		གང་ལ་རང་བཞིན་ཡོད་པ་ནི་རང་བཞིན་ཏེ། དེ་ནི་ཕ་མཐའ་མེད་དེ། རྒྱུ་དང་འབྲས་བུའི་རང་བཞིན་
591	terminal-particle	25		འདིས་འགྲོ་བའི་རང་བཞིན་མཁྱེན་པའི་ཕྱིར་འཇིག་རྟེན་མཁྱེན་པ་སྟེ། དེ་བཞིན་གཤེགས་པ་རྣམས
592	terminal-particle	20		དེ་དག་གི་རང་བཞིན་གང་ལ་ཡོད་པ་དེ་ནི་གང་གི་ཕྱིར་རིགས་པས་ཕ་མཐའ་མེད་པའོ། །
593	terminal-particle	28		དེ་བས་ན་རྟེན་ཅིང་འབྲེལ་པར་འབྱུང་བར་སྨྲ་བའི་ཕྱོགས་བདག་མེད་པའི་རྣམ་པ་གཅིག་གིས་ཆོས་
594	terminal-particle+maxcap	30		དངོས་པོར་སྨྲ་བའི་ཕྱོགས་ཉན་ཐོས་ཀྱི་ཐེག་པ་ལ་སོགས་པ་བདེན་པ་མི་རྟག་པའི་རྣམ་པའི་བྱེ་བ
595	terminal-particle+maxcap+objection-close(merged)	29		རྟག་པ་ལ་སོགས་པའི་ཆོས་གཞན་སྒྲོ་བཏགས་པ་སྲིད་པས་དེའི་ཕྱིར་འགལ་བ་མེད་དོ། །དངོས་པོར་ས
596	line-end	26		འདུ་ཤེས་ཞེས་བྱ་བ་ལ་སོགས་པ་གསུངས་ཏེ། འཇིག་རྟེན་ལ་གྲགས་པའི་གཟུགས་ལ་སོགས་པ་དེ་དག་ནི
597	verse-stanza	25		འདི་དག་ཐམས་ཅད་མིང་ཙམ་སྟེ། །↵འདུ་ཤེས་ཙམ་ལ་རབ་ཏུ་གནས། །↵བརྗོད་པ་ལས་ནི་གཞན་གྱུར་པ། 
598	line-end	5		ཞེས་གསུངས་པའི་ཕྱིར་རོ། །
599	verse-stanza	20		འདྲེན་པ་སྟེ་འགྲོ་བའི་བླ་མས་བཏགས་པ་ཙམ་དུའོ། །↵ཙམ་གྱི་སྒྲས་རྣམ་པ་གཞན་གཅོད་པར་བྱེད་
600	terminal-particle	7		མིང་ཙམ་དུ་ཡོངས་སུ་བསྒྲགས་སོ། །
601	terminal-particle	50	STAGE2_REVIEW	དེ་བས་ན་མིང་བཏགས་པ་ཡིན་པར་ཤེས་ནས་བདག་མེད་པའི་རྣམ་པ་བསྒོམས་པས་གང་ཞིག་མཐོང་བའི་ལམ་
602	terminal-particle	19		ཐོབ་པར་བྱ་བའི་དངོས་པོ་ཐོབ་པ་ནི་རྣམ་པར་གྲོལ་བའི་ལམ་གྱི་སྟོབས་ཀྱིས་ཡིན་ཏེ།
603	terminal-particle+maxcap	38		ཡེ་ཤེས་ཕུན་སུམ་ཚོགས་པར་འགྲོ་ཞིང་འདུ་ཤེས་དང་བྲལ་བ་ཐོབ་པ་དེ་ཉིད་ཀྱི་ཕྱིར་དོར་བར་བྱ
604	terminal-particle+maxcap	35		རང་བཞིན་ཕྱིན་ཅི་མ་ལོག་པར་རྟོགས་པའི་ཕ་རོལ་ཏུ་ཕྱིན་པ་ནི་འདིར་མཐོང་བའི་ལམ་ལ་གནས་པར་
605	objection-close+terminal-particle(merged)	31		དོན་དམ་པར་བསྒོམ་པ་རྒྱུ་དང་བཅས་པ་ཡོད་པའི་ཕྱིར་ཕྱིན་ཅི་ལོག་གི་རང་བཞིན་ཡོད་དོ་ཞེ་ན།
606	terminal-particle+maxcap	32		གལ་ཏེ་གངྒཱའི་ཀླུང་གི་བྱེ་མ་སྙེད་དུ་བཅོམ་ལྡན་འདས་བཞུགས་ཏེ་ཡོད་པ་ཡིན་ནོ་ཞེས་ཡོད་པའ
607	terminal-particle+maxcap	50	STAGE2_REVIEW	སྐྱེ་བོའི་ཚོགས་གཞན་གྱིས་ཀྱང་དེ་བཞིན་དུ་ཡོད་དོ་ཞེས་བྱ་བར་སྤྱོད་པ་ལྟ་ག་ལ་ཡོད་དེ་ཡོ
608	terminal-particle	23		གཞན་གང་ལས་རྒྱུར་གྱུར་པ་དེ་སྒྲུབ་པར་བྱེད་པའི་ཚད་མ་མེད་པའི་ཕྱིར་ཡོད་པ་སྐྱེ་བར་ག་ལ་
609	terminal-particle+maxcap	40		དེ་བས་ན་དངོས་པོ་ཡོད་པ་ཞེས་བྱ་བ་ཕྱིན་ཅི་ལོག་གི་རང་བཞིན་ཡིན་པའི་ཕྱིར་སྔར་ཇི་སྐད་བས
610	terminal-particle	30		སྤྱོད་པ་ནི་བདག་མེད་པའི་རྣམ་པ་གཅིག་པའི་ཆོས་ཐམས་ཅད་ཁྱད་པར་དང་བྲལ་བ་ལ་རྗེས་སུ་གནས་ཤ
611	quote-close	40		དེ་ལྟ་བུར་གྱུར་པ་ཉིད་ཀྱིས་མཐོང་བའི་ལམ་བསྒོམ་པ་ནི་སྔོན་གྱི་དེ་བཞིན་གཤེགས་པས་ལུང་བ
612	quote-close+maxcap	33		གང་གི་ཚེ་ཕ་རོལ་ཏུ་ཕྱིན་པ་མཆོག་དང་ནི་ཇི་སྐད་བསྟན་པའི་ལམ་གྱི་རང་བཞིན་བསྒོམ་པས་རྟོག
613	quote-close+maxcap	35		སྔོན་གྱི་བཅོམ་ལྡན་འདས་མར་མེ་མཛད་ཀྱིས་དངོས་པོ་ཐམས་ཅད་ཇི་ལྟ་བ་བཞིན་དུ་རྟོགས་པས་ན་ཁ
614	terminal-particle	19		ཕན་པ་དང་བདེ་བ་དང་མཐུན་པའི་ཕྱིར་མཐུན་པར་སྨྲ་བར་གྱུར་པར་རྒྱལ་བས་གསུངས་སོ། །
615	terminal-particle	33		རྣམ་པ་ཐམས་ཅད་མཁྱེན་པ་ཉིད་དུ་བསྟན་པའི་མཐོང་བའི་ལམ་ལ་སོགས་པའི་ལམ་སྔར་བསྟན་པའི་རིགས
616	terminal-particle+line-end(merged)	36		དེར་བསྟན་པའི་ངེས་པར་འབྱེད་པ་མཐོང་བའི་ལམ་འདིའི་ཡིན་པར་གཟུང་བར་བྱའོ། །ཡོན་ཏན་རིན་པ
617	line-end	37		མཐོང་བའི་ལམ་གྱི་རྗེས་ལ་བསྒོམ་པའི་ལམ་བརྗོད་པར་བྱ་བ་ཡིན་མོད་ཀྱི། བརྗོད་པར་བྱ་བ་ཉུང
618	line-end+maxcap	31		ཤིན་ཏུ་རྣམ་པར་བསྒོམ་པའི་ལམ་གཙོ་བོ་ཡིན་པས་དེ་བྱེད་པའི་ལམ་བསྟན་པའི་ཕྱིར། ཤེས་རབ་ཕ་
619	line-end+maxcap	34		ཤེས་རབ་ཀྱི་ཕ་རོལ་ཏུ་ཕྱིན་པ་ནི་འདིར་བསྒོམ་པའི་ལམ་གྱི་རང་བཞིན་གང་ལ་སྟེ། དེའི་བདག་ཉ
620	verse-stanza	18		འཇམ་དཔལ་ལ་སོགས་པའི་བྱང་ཆུབ་སེམས་དཔའོ། །↵འདི་ལ་གང་ཞིག་རྟག་ཏུ་ནི་ཐམས་ཅད་དུའོ། །
621	terminal-particle+terminal-particle(merged)	40		གཞུང་དང་དོན་འཛིན་པ་དང་། ཐོས་པ་དང་། བསམས་པ་དང་བསྒོམས་པའི་རང་བཞིན་གྱི་ཤེས་རབ་ནི་ཆུ
622	terminal-particle+terminal-particle(merged)	35		སྲེག་པའི་བདག་ཉིད་ཡིན་པའི་ཕྱིར་འདོད་ཆགས་ནི་མེའོ། །ཟུག་རྔུའི་བདག་ཉིད་ཡིན་པའི་ཕྱིར་
623	terminal-particle+terminal-particle(merged)	39		མི་ཚུགས་པ་ནི་བསྒོམ་པའི་ལམ་གྱིས་ཤིན་ཏུ་མཉམ་པར་བྱས་ནས་ཀུན་ཏུ་མི་སྤྱོད་པའོ། །རྣམ་པ་
624	terminal-particle+terminal-particle(merged)	35		དེ་བཞིན་དུ་བདུད་དང་བདུད་ཀྱི་སྡེ་ནི་དེའི་འཁོར་ཏེ་ཕྱོགས་སོ། །བདུད་ཀྱི་གླགས་ཏེ་ཉེས་
625	terminal-particle	32		བྱེད་པའི་རྗེས་ལ་བསྒོམ་པའི་ལམ་བརྗོད་པར་བྱ་བ་ཡིན་པས་དེ་ཡང་ཟག་པ་དང་བཅས་པ་དང་། ཟག་པ་
626	terminal-particle	34		དེ་ལ་ཟག་པ་དང་བཅས་པ་ཡང་མོས་པ་དང་། ཡོངས་སུ་བསྔོ་བ་དང་། རྗེས་སུ་ཡི་རང་བ་ཡིད་ལ་བྱེད་
627	terminal-particle	20		ཟག་པ་མེད་པ་ཡང་སྒྲུབ་པ་དང་། རྣམ་པར་དག་པའི་དབྱེ་བས་རྣམ་པ་གཉིས་སུ་འགྱུར་རོ། །
628	terminal-particle	26		དེ་ལ་དང་པོ་མོས་པ་ཡིད་ལ་བྱེད་པ་ཟག་པ་དང་བཅས་པ་ནི་ཡང་དགེ་བའི་ཆོས་རྣམས་མངོན་པར་འདུ་བ
629	terminal-particle+maxcap	59	STAGE2_REVIEW	གསེར་གྱི་སྒྲོམ་བུ་འབྱུང་ཁུངས་ནས་ཐོབ་པ་བཞིན་དུ་ཡོངས་སུ་རྫོགས་པའི་རང་བཞིན་སྤྱིར་ཇི
630	terminal-particle+maxcap	16		དྲི་བ་ལ་སོགས་བྱེད་པ་ནི་བསོད་ནམས་མང་པོ་ལ་སོགས་པར་བསྟན་ཏོ། །
631	terminal-particle	38		དེ་ཡང་རང་གི་དོན་དང་། རང་དང་གཞན་གྱི་དོན་དང་། གཞན་གྱི་དོན་དང་གསུམ་ལས་ངའོ་སྙམ་པའི་ང
632	terminal-particle	34		དེ་བསྟན་པའི་ཕྱིར་ལ་ལས་ཞེས་བྱ་བ་ལ་སོགས་པ་གསུངས་ཏེ། མྱ་ངན་ལས་འདས་པས་འདུལ་བའི་སེམས་
633	terminal-particle+maxcap	36		དེ་བཞིན་གཤེགས་པའི་མྱ་ངན་ལས་འདས་པའི་མཆོད་རྟེན་ལ་བྱེད་དེ། སེམས་ཅན་གང་ཡང་རུང་བ་ཞིག་
634	terminal-particle+maxcap	20		མུ་ཏིག་དམར་པོ་དང་། ཨསྨ་གརྦྷ་དང་བདུན་ཏེ། རིན་ཆེན་སྣ་བདུན་ལས་བྱས་ཤིང་མཆོད་རྟེན་ལ་ས
635	terminal-particle+maxcap	34		རིམ་པ་བཞིན་དུ་རིན་པོ་ཆེ་སྣ་བདུན་གྱི་རང་བཞིན་དཔེ་གངྒཱའི་ཀླུང་གི་དེ་བཞིན་གཤེགས་པའི
636	terminal-particle+maxcap+terminal-particle(merged)	38		དེས་མཆོད་རྟེན་བྱས་ནས་མཆོད་པ་བྱེད་ཅེས་བྱ་བར་འབྲེལ་ཏོ། །རིམ་པ་དེ་བཞིན་དུ་སེམས་ཅན་ཇ
637	terminal-particle	6		མཆོད་རྟེན་དེ་སྙེད་བྱས་ཏེ།
638	terminal-particle+maxcap	38		དེ་དག་ཐམས་ཅད་ཀྱིས་མཆོད་པ་བྱེད་པ་ལས་གཞན་མི་བྱེད་པར་ལྷའི་མེ་ཏོག་ལ་སོགས་པ་རྣམས་ཀྱིས
639	terminal-particle+maxcap	35		ཡང་འགྲོ་བ་གཞན་གང་ཞིག་གིས་རང་གི་དོན་ཕུན་སུམ་ཚོགས་པའི་ཆེད་དུ་མོས་པ་བསྐྱེད་དེ། སྣ་ཚ
640	terminal-particle+maxcap	40		གནས་དང་གནས་མ་ཡིན་པ་མཁྱེན་པའི་སྟོབས་ལ་སོགས་པ་དང་འབྲེལ་པ་ནི་སྟོབས་བཅུ་པ་སྟེ། དེ་ལས
641	terminal-particle+maxcap	30		གཞུང་དང་དོན་འཆང་བར་བྱེད་ཅིང་མེ་ཏོག་ལ་སོགས་པས་མཆོད་ཅིང་བསྟི་སྟང་བྱེད་གྱུར་ན། བསོད
642	terminal-particle	18		རྣལ་མའི་དོན་ཉེ་བར་བསྡུ་བའི་ཕྱིར། མཆོད་རྟེན་བྱས་ཞེས་བྱ་བ་ལ་སོགས་པ་གསུངས་ཏེ།
643	terminal-particle+maxcap	39		སྔར་བསྟན་པའི་མཆོད་རྟེན་ལ་མཆོད་པ་བྱས་པ་ཅི་འདྲ་བའི་བསོད་ནམས་ཀྱི་ཕུང་པོ་ཡོངས་སུ་བཟུ
644	terminal-particle	31		དེ་ལྟ་བས་ན་ཤེས་རབ་ཀྱི་ཕ་རོལ་ཏུ་ཕྱིན་པ་ལ་དེ་བཞིན་དུ་རང་གི་དོན་འདོད་པས་མོས་པ་བསྐྱེ
645	terminal-particle	32		དེའི་རྗེས་ལ་བདག་དང་གཞན་མཉམ་པའི་ཕྱིར་བདག་དང་གཞན་གྱི་དོན་དུ་མོས་པ་ཡིན་ཏེ། དེ་བསྟན་
646	terminal-particle+maxcap+terminal-particle+terminal-particle(merged)	34		གང་དག་ཕྱོགས་བཅུ་རྣམས་སུ་བསྟན་པ་ནུབ་པར་གྱུར་པའི་ཕྱིར་འདས་པའོ། །གང་བསྟན་པ་མ་བྱུང་བ
647	terminal-particle+maxcap	33		དེ་དག་ཐམས་ཅད་ཀྱིས་རིག་སྔགས་ཆེན་མོ་འདི་ལ་བསླབས་པས་ཕྱིན་ཅི་ལོག་གི་བག་ཆགས་ཀྱི་སྒྲིབ
648	terminal-particle+terminal-particle+terminal-particle(merged)	34		བླ་ན་མེད་པའི་རིག་སྔགས་ཀྱིས་འདྲེན་པར་གྱུར་ཏོ། །འགྱུར་རོ། །གྱུར་པ་དེ་བས་ན་ཤེས་རབ་ཀ
649	terminal-particle+terminal-particle+terminal-particle(merged)	35		མྱ་ངན་ནི་སྡུག་པ་དང་བྲལ་བ་ལ་སོགས་པས་སེམས་གདུངས་པའོ། །སྡུག་བསྔལ་ནི་བཟོད་པར་དཀའ་བ་ལ
650	terminal-particle	20		སེམས་ཅན་ཁམས་མང་ནི་འགྲོ་བ་མ་ལུས་པ་སངས་རྒྱས་ཐོབ་པར་བྱེད་ཅེས་བྱ་བའི་བར་དུའོ། །
651	terminal-particle	30		གལ་ཏེ་དེ་བཞིན་གཤེགས་པ་ཁོ་ན་བསྐྱེད་པའི་དོན་བྱེད་ན་བྱང་ཆུབ་སེམས་དཔའ་མ་ཡིན་ནོ་ཞེས། 
652	terminal-particle+maxcap	32		བྱང་ཆུབ་སེམས་དཔའ་གང་དག་སྤྱད་པར་བྱ་བའི་སྦྱིན་པ་ལ་སོགས་པ་སྤྱོད་པས་སེམས་ཅན་ལ་ཕན་པའི
653	terminal-particle+terminal-particle(merged)	34		དེ་དག་གིས་ཀྱང་རིག་སྔགས་འདི་ལ་བསླབས་ནས་མཁས་པ་ཐོབ་པ་སྟེ་བྱང་ཆུབ་ལ་རེག་གོ། །གང་ཡིན་
654	terminal-particle+terminal-particle+terminal-particle+terminal-particle(merged)	39		འདུས་མ་བྱས་ཀྱི་བདེ་བ་ནི་ཉན་ཐོས་རྣམས་ཀྱིའོ། །དེ་ཀུན་འདི་ལས་འབྱུང་བས་མའོ། །བདེ་བ་ད
655	objection-close	12		ཡང་ཇི་ལྟར་གཅིག་གིས་དུ་མའི་ངོ་བོ་བྱེད་ཅེ་ན།
656	terminal-particle	36		ས་བོན་ཞེས་བྱ་བ་ལ་སོགས་པ་གསུངས་ཏེ། སྦུང་མ་ལ་སོགས་པའི་ས་བོན་ས་ལ་བཏབ་པ་ན་ཉམས་པ་ལ་སོ
657	terminal-particle+maxcap	26		གཞན་ཡང་ཤིང་གཅིག་ལས་ལྷན་ཅིག་བྱེད་པའི་ཚོགས་པ་རྙེད་ནས་རྣམ་པ་མང་པོའི་གཟུགས་དག་འབྲས་བ
658	terminal-particle	32		དཔེ་དེ་བཞིན་དུ་ལྷན་ཅིག་བྱེད་པའི་བྱེ་བྲག་གི་དབྱེ་བས་དེ་བཞིན་དུ་གཅིག་གིས་ཀྱང་རྒྱལ་
659	objection-close	30		སངས་རྒྱས་དེ་དག་གི་ཡང་བྱམས་པ་ལ་སོགས་པ་དང་པོའི་རྒྱུ་ཉིད་མ་ཡིན་ནམ་ཇི་ལྟར་ཡུམ་གཅིག་ག
660	terminal-particle	40		ཕ་རོལ་ཕྱིན་ལྔ་ཞེས་བྱ་བ་ལ་སོགས་པ་གསུངས་ཏེ། བྱམས་པ་ལ་སོགས་པ་སྤྱིར་ཇི་སྙེད་ཡོད་པ་བྱ
661	terminal-particle	39		ཁྱད་པར་དུ་ནི་ཕ་རོལ་ཏུ་ཕྱིན་པ་ལྔ་པོ་སྦྱིན་པ་ལ་སོགས་པའི་ཆོས་ཇི་སྙེད་པ་གང་གི་ཕྱིར་ད
662	terminal-particle+maxcap	28		ལས་དང་། བྱ་བ་མི་དམིགས་པས་ཕྱིན་ཅི་མ་ལོག་པར་གྱུར་པ་དེ་བས་ན་དེ་ཉིད་གཙོ་བོ་ཡིན་ནོ་ཞེ
663	objection-close+line-end(merged)	30		དེ་དག་གི་ཡང་རྗེས་སུ་འབྲང་བ་མ་ཡིན་ནམ་གང་གི་ཕྱིར་དེ་སྐད་སྨྲ་ཞེ་ན། འཁོར་ལོ་ཞེས་བྱ་བ
664	verse-stanza	20		གསེར་དངུལ་ཟངས་ལྕགས་འཁོར་ལོ་ཅན། །↵དེ་དག་གླིང་གཅིག་གླིང་གཉིས་དང་། །↵གསུམ་དང་བཞི་ལ་
665	terminal-particle	34		ཞེས་གསུངས་པའི་འཁོར་ལོས་སྒྱུར་བ་བཞི་ལས་གང་ཡང་རུང་བ་ལ་རྒྱལ་པོ་གཞན་ཡང་འཁོར་ལོས་སྒྱུ
666	terminal-particle+maxcap	31		དེ་ཉིད་ཀྱི་བསོད་ནམས་ཀྱི་དབང་གིས་སྐྱེས་པའི་འཁོར་ལོ་རིན་པོ་ཆེ་ལ་སོགས་པ་བདུན་དང་དཔུ
667	terminal-particle	39		གང་དེ་བཞིན་དུ་ཕྱིན་ཅི་མ་ལོག་པའི་རང་བཞིན་གྱི་ལམ་ཤེས་རབ་ཀྱི་ཕ་རོལ་ཏུ་ཕྱིན་པ་རྒྱལ་བ
668	terminal-particle+maxcap	29		དེའི་དབང་གིས་བྱུང་བ་མ་ཡིན་པའི་ཕྱིར་ཡོན་ཏན་ཀུན་ཏེ། བྱམས་པ་ལ་སོགས་པ་ཕྱིན་ཅི་མ་ལོག་
669	terminal-particle	29		ཡང་དག་པ་ལ་མངོན་དུ་ཕྱོགས་པ་བསྐྱེད་དེ། དེ་བས་ན་ཕྱིན་ཅི་མ་ལོག་པའི་ཤེས་པ་སྔོན་དུ་འགྲ
670	terminal-particle	18		ཡུལ་ནི་གང་ཅུང་ཟད་ཅིག་གི་རྗེས་སུ་མི་འགྲོ་སྟེ། སྐྱེད་པར་མི་བྱེད་པའི་ཕྱིར་རོ། །
671	terminal-particle	27		དེ་བས་ན་རྣམ་པ་ཐམས་ཅད་དུ་རང་དང་གཞན་གྱི་དོན་འདོད་པས་ཡུམ་ལ་འདོད་པ་བསྐྱེད་པར་བྱའོ་ཞེ
672	line-end	39		ཡོན་ཏན་རིན་པོ་ཆེ་སྡུད་པ་ཚིགས་སུ་བཅད་པ་ལས་ཕ་རོལ་ཏུ་ཕྱིན་པས་དཔག་ཏུ་མེད་པའི་ཕན་ཡོན་
673	quote-open	36		དེ་ནས་དེའི་རྗེས་ལ་བདག་གི་རང་བཞིན་དུ་འགྲོ་བ་རྣམས་བྱས་པའི་ཕྱིར་གཞན་གྱི་དོན་དུ་མོས་
674	quote-open+maxcap	7		དེ་དག་ཆ་གཉིས་བཞག་པ་ལས།
675	terminal-particle	16		ཀཽ་ཤི་ཀ་ཁྱོད་ཆ་གང་ལེན་ཞེས་རྒྱལ་བས་དྲི་བ་རྨས་པ་དང་།
676	terminal-particle+maxcap	59	STAGE2_REVIEW	གང་གི་རྒྱལ་བའི་སྐུ་གདུང་གིས་དོག་ས་ཐམས་ཅད་ཁྱབ་པར་གཏམས་ཏེ་རྩེ་མོ་བྱུར་བུར་བགྱིས་པས
677	objection-close	18		དེ་བཞིན་གཤེགས་པའི་སྐུ་གདུང་ལེན་པ་ལ་མ་གུས་པ་གང་གི་རྒྱུ་ཡིན་ཞེ་ན།
678	terminal-particle	25		ལན་དུ་ཅི་སླད་ཅེས་བྱ་བ་ལ་སོགས་པ་གསུངས་ཏེ། དེ་བཞིན་གཤེགས་པའི་སྐུ་གདུང་ལ་མི་གུས་པ་བ
679	terminal-particle+maxcap	27		འོན་ཀྱང་རྒྱལ་པོ་ལ་ཉེ་བར་བརྟེན་པའི་མིས་དེའི་མཐུས་རྙེད་པ་ཐོབ་སྟེ་དེའི་ལྗོངས་ཀྱི་ཡུ
680	terminal-particle+maxcap	37		ཤེས་རབ་ཀྱི་ཕ་རོལ་ཏུ་ཕྱིན་པ་ལ་ཉེ་བར་བརྟེན་ནས་ཆོས་མཐར་ཐུག་པ་སངས་རྒྱས་ཉིད་ཀྱི་རྒྱུ་
681	terminal-particle	34		དེ་ལྟ་བས་ན་ཤེས་རབ་ཀྱི་ཕ་རོལ་ཏུ་ཕྱིན་པས་ཡོངས་སུ་བསྒོས་ཏེ། བདག་ཉིད་ཆེན་པོའི་རྣལ་འབ
682	terminal-particle+maxcap	19		དེ་ལྟ་བུའི་ཤེས་རབ་ཀྱི་ཕ་རོལ་ཏུ་ཕྱིན་པ་ཆེན་པོ་བསྟེན་པར་བྱས་པས་ཡིན་ནོ། །
683	terminal-particle	36		གལ་ཏེ་དེ་ལྟ་ཡིན་ན་བཅོམ་ལྡན་འདས་མྱ་ངན་ལས་འདས་པས་རྟེན་མེད་པའི་ཕྱིར་མི་མཆོད་དོ་སྙམ་
684	terminal-particle+maxcap	12		ནོར་བུ་རིན་ཆེན་ཞེས་བྱ་བ་ལ་སོགས་པ་གསུངས་ཏེ།
685	terminal-particle+maxcap	38		དཔེར་ན་ནོར་བུ་རིན་པོ་ཆེ་མི་མ་ཡིན་པ་སེལ་བ་ལ་སོགས་པའི་ཡོན་ཏན་ཐམས་ཅད་དང་ལྡན་པས་དེ་ཉ
686	terminal-particle	22		གབ་ཙེ་གང་དུ་སྦས་པའི་གབ་ཙེ་དེ་ལ་ནོར་བུ་རིན་པོ་ཆེ་དེའི་མཐུས་ཕྱག་བགྱི་བར་འོས་སོ། །
687	terminal-particle	38		དེ་གབ་ཙེ་ལས་ཕྱུང་བར་གྱུར་པ་དེ་ནི་རིན་པོ་ཆེ་སྟོན་པའི་གབ་ཙེ་ལས་རེག་པར་དགའ་བ་དང་ལྟ་
688	terminal-particle+maxcap	25		ཡོན་ཏན་ཐམས་ཅད་ཀྱི་རྒྱུ་ཡིན་པའི་ཕྱིར་ཡོན་ཏན་གྱི་རང་བཞིན་ནོར་བུ་རིན་པོ་ཆེ་དེའི་ཡིན
689	terminal-particle	54	STAGE2_REVIEW	དེ་བཞིན་དུ་དེ་དང་འདྲ་བར་ཤེས་རབ་ཕ་རོལ་ཕྱིན་མཆོག་ཡོན་ཏན་གྱིས་བཅོམ་ལྡན་འདས་མྱ་ངན་ལས
690	terminal-particle+maxcap	16		རིང་བསྲེལ་ཡོངས་སུ་བརྟགས་པའི་མདོའི་མཚན་ཉིད་དང་ལྡན་པས་མཆོད་པ་བརྙེས་སོ། །
691	terminal-particle	66	STAGE2_REVIEW	དེ་ལྟ་བས་ན་གང་ཞིག་རྒྱལ་བའི་ཡོན་ཏན་གཞན་གྱི་དོན་ལ་མོས་པ་ཡོངས་སུ་འཛིན་པར་འཚལ་བ་དེས་
692	objection-close	11		དེ་དག་གིས་གཞན་གྱི་དོན་ལ་མོས་པ་བསྟན་ནས།
693	objection-close+maxcap	43	STAGE2_REVIEW	ཅི་སྟེ་སྦྱིན་པ་ལ་སོགས་པའི་ཕ་རོལ་ཏུ་ཕྱིན་པ་གཞན་ལ་ཡང་མོས་པ་ཡོད་པ་མ་ཡིན་ནམ་ཅིའི་ཕྱི
694	terminal-particle	19		སྦྱིན་པ་སྦྱིན་པ་ཞེས་བྱ་བ་ལ་སོགས་པ་གསུངས་ཏེ། གང་གི་ཕྱིར་བྱེད་པ་པོ་དང་།
695	terminal-particle+maxcap	40		ལས་དང་བྱ་བའི་བྱེ་བྲག་གི་དམིགས་པར་སྦྱིན་པ་ལ་སོགས་པའི་རང་བཞིན་ལ་དང་པོར་འཇུག་པས་སྔོ
696	terminal-particle+terminal-particle+terminal-particle(merged)	39		སྔར་བཤད་པའི་ཡང་གི་སྒྲ་འདིར་ཡང་སྦྱར་བར་བྱའོ། །དགེ་ཆོས་ནི་སྦྱིན་པ་ལ་སོགས་པའོ། །ཆུད
697	terminal-particle	10		ཡོངས་སུ་འཛིན་པ་ནི་མི་དམིགས་པ་ཡིན་ནོ། །
698	terminal-particle	37		རྒྱུ་མཚན་ནི་ཚུལ་གཅིག་སྟེ། དེའི་སྙིང་པོ་ཅན་ཡིན་པའི་ཕྱིར་བསྡུས་པ་གོམས་པར་བྱས། སེམས
699	terminal-particle	12		དེ་བས་ན་དེ་ལ་མོས་པ་རྣམ་པ་གསུམ་བསྟན་ཏོ། །
700	terminal-particle	32		དེའི་ཕྱིར་ཤེས་རབ་ཀྱི་ཕ་རོལ་ཏུ་ཕྱིན་པ་ལ་མོས་པ་ནི་ཁྱད་པར་མེད་པ་ཐམས་ཅད་ལ་ཡིན་ཏེ། དཔ
701	terminal-particle+maxcap	10		དཔེར་ན་ཞེས་བྱ་བ་ལ་སོགས་པ་གསུངས་ཏེ།
702	terminal-particle+maxcap	39		དཔེར་ན་འཛམ་བུའི་གླིང་ན་ཤིང་མང་བྱེ་བ་སྟོང་རིམ་པ་བཞིན་དུ་རྒྱུ་དང་འབྲས་བུ་རྣམ་པ་སྣ་
703	terminal-particle	35		གང་གི་ཚེ་གྲིབ་མ་ཞེས་གྲངས་སུ་བརྗོད་པ་འབའ་ཞིག་ཏུ་འགྲོ་ཞིང་རབ་ཏུ་འཐོབ་སྟེ། གྲིབ་མ་ད
704	terminal-particle+maxcap	17		ཁྱད་པར་མེད་པར་གྲིབ་མ་མ་ཡིན་པ་གཞན་ལས་ལྡོག་པས་གྲིབ་མ་ཙམ་མོ། །
705	terminal-particle	32		དེ་བཞིན་དུ་ཤེས་རབ་ཀྱི་ཕ་རོལ་ཏུ་ཕྱིན་པས་འཁོར་གསུམ་རྣམ་པར་དག་པར་ཕྱིན་ཅི་མ་ལོག་པའི་
706	terminal-particle+terminal-particle(merged)	22		ལྔ་ནི་སྦྱིན་པ་ལ་སོགས་པའི་ཕ་རོལ་ཏུ་ཕྱིན་པའོ། །རྒྱལ་བ་ནི་རྣམ་པ་ཐམས་ཅད་མཁྱེན་པ་ཉིད་
707	terminal-particle+maxcap	34		སངས་རྒྱས་ཉིད་དུ་མཚོན་པར་གྱུར་པའི་ཡོངས་སུ་བསྔོ་བ་ཡིད་ལ་བྱེད་པས་ཡོངས་སུ་བསྔོས་ན་སྦ
708	terminal-particle+maxcap	10		རྒྱལ་བའི་ཞེས་བྱ་བ་སྔ་མ་དང་འབྲེལ་ཏོ། །
709	line-end	34		རྣམ་པ་གཉིས་ཀྱིས་སྦྱིན་པ་ལ་སོགས་པ་ལྔ་ཕ་རོལ་ཏུ་ཕྱིན་པ་ཡིན་ཏེ། ཤེས་རབ་འཕེལ་བ་ནི་གཙོ
710	ordinal-open+terminal-particle(merged)	36		དྲུག་པ་ནི་རབ་ཏུ་གྲགས་པ་ཡིན་ནོ། །གཙོ་བོ་ཤེས་རབ་ཀྱི་ཕ་རོལ་ཏུ་ཕྱིན་པ་མ་ཡིན་པ་རྣམ་པར
711	terminal-particle+maxcap+terminal-particle(merged)	23		སྣ་ཚོགས་པའི་ཁྱད་པར་སྤངས་ཏེ་ཚུལ་གཅིག་པས་རང་བཞིན་གཅིག་པར་འགྱུར་རོ། །འགྱུར་བ་བྱང་ཆུ
712	terminal-particle	42	STAGE2_REVIEW	དེ་བས་ན་ཕྱིན་ཅི་མ་ལོག་པའི་ཆོས་ཉིད་གསལ་བར་བྱེད་པའི་ཕྱིར་ཡུམ་གང་ཡིན་པ་ཉིད་འདྲི་བ་ལ
713	line-end	24		ཡོན་ཏན་རིན་པོ་ཆེ་སྡུད་པ་ཚིགས་སུ་བཅད་པ་ལས་ཡོན་ཏན་ཡོངས་སུ་བརྗོད་པའི་ལེའུ་སྟེ་བཞི་པ
714	terminal-particle	44	STAGE2_REVIEW	མོས་པ་འདི་གསུམ་གྱི་བཅོས་མའི་ཉེས་པ་སྤང་བ་ནི་གོམས་པ་ཡིན་པར་ཤེས་ནས་བཅོས་མ་སྤང་བའི་ཕ
715	terminal-particle+maxcap	37		བྱང་ཆུབ་སེམས་དཔའ་གང་ཞིག་གིས་ཀུན་བརྟགས་པའི་གཟུགས་མི་རྟག་པ་དང་གང་ཞིག་རྣམ་པར་བརྟགས་
716	terminal-particle+maxcap	41	STAGE2_REVIEW	ཆོས་ཉིད་ཀྱི་གཟུགས་ཀྱི་བདག་ཉིད་གཟུང་བ་དང་འཛིན་པ་དང་བྲལ་བས་མི་རྟག་པའོ་ཞེས་མོས་པས་མ
717	terminal-particle+maxcap	11		དངོས་པོའི་རང་བཞིན་རབ་ཏུ་མི་ཤེས་པའི་ཕྱིར་རོ། །
718	terminal-particle	36		གང་གི་ཕྱིར་ཆོས་རྣམས་སྒྱུ་མ་ལྟ་བུར་ཁོང་དུ་ཆུད་པས་སྐྱེ་བོ་མཁས་པས་ནམ་ཡང་ཆོས་རྣམས་འཇ
719	terminal-particle	37		ལྡོག་པའི་སྒོ་ནས་བསྟན་པའི་ཕྱིར་གང་ལ་ཞེས་བྱ་བ་ལ་སོགས་པ་གསུངས་པ་ལ་གང་ན་ནི་དངོས་པོ་ས
720	terminal-particle	38		འོན་ཀྱང་ཆོས་ཐམས་ཅད་དེ་ཁོ་ན་ཉིད་དུ་མ་སྐྱེས་ཤིང་རང་བཞིན་གྱིས་སྟོང་པར་ཤེས་པ་དེ་ནི་ད
721	terminal-particle+maxcap	13		ཡང་དག་པར་མོས་པས་བཅོས་མ་སྤངས་ཞེས་བྱ་བའི་བར་དུའོ། །
722	terminal-particle	45	STAGE2_REVIEW	དེ་ནས་དེའི་རྗེས་ལ་མོས་པ་གསུམ་སྒོམ་པར་བྱེད་པའི་བྱང་ཆུབ་སེམས་དཔའ་གོང་ནས་གོང་དུ་འཇུ
723	terminal-particle+maxcap+terminal-particle(merged)	30		བཀུར་བ་དང་། བསྔགས་པ་སངས་རྒྱས་ལ་སོགས་པ་མཛད་དོ། །ཞེས་སྟོན་པ་ལ་སོགས་པས་བསྟན་པར་བཞེད
724	terminal-particle+maxcap	29		ལ་ལས་གངྒཱའི་ཀླུང་གི་བྱེ་མ་སྙེད་ཀྱི་སངས་རྒྱས་ཀྱི་ཞིང་རྣམས་ཀྱི་སེམས་ཅན་ཇི་སྙེད་པ་ཀ
725	terminal-particle+maxcap	31		གང་གིས་ཤེས་རབ་ཀྱི་ཕ་རོལ་ཏུ་ཕྱིན་པ་འདི་ལྟ་སྟེ་གཞུང་གི་བདག་ཉིད་ལ་མོས་པར་བྱེད་པ་གང་
726	terminal-particle+maxcap	30		སེམས་ཅན་གཞན་རྣམས་ལ་གླེགས་བམ་བྱིན་ན་དེ་བས་འདི་བསོད་ནམས་རབ་ཏུ་མང་པོ་སྐྱེ་སྟེ། སྔ་མ
727	terminal-particle	33		གང་གིས་གླེགས་བམ་ཙམ་བྱིན་པས་བསོད་ནམས་ཁྱད་པར་དུ་འཕགས་ཤེ་ན། ལན་དུ་ཅི་ཕྱིར་ཞེས་བྱ་བ་
728	terminal-particle+maxcap	31		ཤེས་རབ་ཀྱི་ཕ་རོལ་ཏུ་ཕྱིན་པ་འདིར་མཉན་པས་ཉན་ཐོས་ཀྱི་རང་གི་རྣམ་པར་གྲོལ་བ་དང་། རང་སང
729	terminal-particle+maxcap	16		དེ་བཞིན་གཤེགས་པའི་སངས་རྒྱས་ཏེ་བསམ་པ་དང་བསྒོམ་པས་མྱུར་དུ་རེག་གོ། །
730	terminal-particle	30		འདི་ལྟར་གླེགས་བམ་ནི་འདིར་ཡུལ་ཡིན་ཏེ། བླངས་ནས་དེ་ལ་བསླབས་པས་མུ་སྟེགས་ཅན་ངན་པ་སྨྲ་
731	terminal-particle+maxcap	21		འདིར་སྟོང་པ་ཉིད་ནི་བྱང་ཆུབ་རྣམ་པ་གསུམ་པོ་མ་ལུས་པ་དེའི་རྒྱུ་མཚན་ཡིན་པའི་ཕྱིར་རོ། 
732	terminal-particle	29		དེ་བས་ན་མ་ཚང་བ་མེད་པ་ནི་བྱང་ཆུབ་གསུམ་བྱིན་པ་ཡིན་པའི་ཕྱིར་གླེགས་བམ་ཙམ་བྱིན་པ་བསོད
733	terminal-particle+maxcap	38		འདི་ཉེ་བར་མཚོན་པ་ཡིན་པའི་ཕྱིར་ཡུམ་ལ་འདིར་གང་ཡང་རུང་བའི་བྱང་ཆུབ་སེམས་དཔའ་མོས་པ་ནི
734	terminal-particle+terminal-particle(merged)	36		བྱང་ཆུབ་ཀྱི་སེམས་ཀྱི་བདག་ཉིད་ཆོས་ཐམས་ཅད་ཀྱི་གཞི་ཡིན་ནོ། །དེ་བས་ན་སྟོང་པ་ལ་སོགས་པ
735	terminal-particle+maxcap+objection-close(merged)	36		དཔེར་ན་ཉེ་བར་ལེན་པའི་རྒྱུ་མྱུ་གུ་མེད་ན་འཇིག་རྟེན་དུ་སྡོང་བུ་དང་ལྗོན་པ་འབྱུང་བ་ཡོ
736	objection-close+maxcap	40		དེ་བཞིན་དུ་བྱང་ཆུབ་ཀྱི་སེམས་ཉེ་བར་ལེན་པའི་རྒྱུ་ས་བོན་ཡོང་ཡེ་མེད་ན། ཡང་བརྒྱ་བྱིན་
737	objection-close+maxcap+terminal-particle(merged)	40		ཅི་སྟེ་བྱང་ཆུབ་ཀྱི་སེམས་མེད་པས་སེམས་ཅན་རྣམས་སངས་རྒྱས་སུ་མི་འགྱུར་རོ་ཞེས་བྱ་བ་ལ་ས
738	terminal-particle+maxcap	82	STAGE2_REVIEW	དཔེར་ན་ཉི་མའི་དཀྱིལ་འཁོར་འོད་ཟེར་སྟོང་ཕྲག་དུ་མ་འགྱེད་པ་དེའི་ཚེ་མུན་པ་བསལ་ནས་སེམས
739	terminal-particle+maxcap+terminal-particle(merged)	37		ཡོན་ཏན་གྱི་ཆོས་སངས་རྒྱས་ལ་སོགས་ལ་ཡང་དག་པར་སྤྱོད་དོ། །གཞན་དུ་ན་སྙིང་རྗེ་མེད་པ་དང་
740	terminal-particle	51	STAGE2_REVIEW	རྗེས་སུ་འགྲོ་བའི་སྒོ་ནས་བྱང་ཆུབ་ཀྱི་སེམས་གང་ཡིན་པ་དེ་ཉིད་ཀྱི་ཆོས་ཐམས་ཅད་ནས་དེ་མེ
741	terminal-particle+maxcap	32		དཔེར་ན་མ་དྲོས་པའི་ཀླུ་བདག་མེད་པར་དེའི་མཐུས་ངེས་པར་འབྱུང་བས་འཛམ་བུའི་གླིང་འདིར་ཆུ
742	terminal-particle	22		ཡང་ཆུ་ཀླུང་དེ་དག་མེད་ན་མེ་ཏོག་འབྲས་བུ་རྣམས་ཆུ་མེད་པས་གང་ཡང་འབྱུང་བར་མི་འགྱུར་རོ།
743	terminal-particle+terminal-particle(merged)	32		རྒྱ་མཚོ་ལ་ཡང་རིན་པོ་ཆེ་སྣ་ཚོགས་པ་ཆུས་རེག་པའི་སྦྱོར་བས་འབྱུང་བའི་གཟུགས་མང་པོ་ཡང་མ
744	terminal-particle+maxcap	56	STAGE2_REVIEW	བྱང་ཆུབ་ཀྱི་སེམས་སྟོང་པ་ཉིད་དང་སྙིང་རྗེའི་སྙིང་པོ་ཅན་མེད་ན་དེ་བཞིན་གཤེགས་པའི་མཐུ
745	terminal-particle+terminal-particle(merged)	40		ཡང་ཡེ་ཤེས་དེ་དག་མེད་ན་སྦྱིན་པའི་ཕ་རོལ་ཏུ་ཕྱིན་པ་ལ་སོགས་པའི་ཡོན་ཏན་འཕེལ་བ་མེད་དོ།
746	terminal-particle	24		སངས་རྒྱས་ནས་དུས་ཕྱིས་འབྱུང་བར་འགྱུར་བ་ཆོས་སྟོན་པ་གཞན་གྱི་དོན་ཕུན་སུམ་ཚོགས་པ་ཡང་མ
747	terminal-particle	38		རྒྱ་ཆེ་བའི་བདག་ཉིད་ཀྱི་དཔེ་བསྟན་པའི་ཕྱིར་འཇིག་རྟེན་ཞེས་བྱ་བ་ལ་སོགས་པ་གསུངས་ཏེ། འ
748	terminal-particle+maxcap	65	STAGE2_REVIEW	མེ་ཁྱེར་ལ་སོགས་པའི་སྲོག་ཆགས་སུ་གྱུར་པ་ཀུན་གྱིས་འགྲོ་བ་སྣང་བར་བྱ་བའི་ཕྱིར་འོད་རྣམ
749	terminal-particle+terminal-particle(merged)	37		དེ་བཞིན་དུ་ཉན་ཐོས་ལ་སོགས་པ་ཀུན་གྱི་ཆར་མི་ཕོད་དོ། །དེ་ལྟ་བས་ན་བྱང་ཆུབ་སེམས་དཔའ་ལ་
750	line-end	24		ཡོན་ཏན་རིན་པོ་ཆེ་སྡུད་པ་ཚིགས་སུ་བཅད་པ་ལས་བསོད་ནམས་ཀྱི་རྣམ་གྲངས་ཀྱི་ལེའུ་སྟེ་ལྔ་པ
751	terminal-particle	27		སངས་རྒྱས་ཐམས་ཅད་ཀྱིས་བསྟོད་པ་དང་། བཀུར་བ་དང་། བསྔགས་པའི་མོས་པ་ཡིད་ལ་བྱེད་པ་ལ་རྗེ
752	terminal-particle+maxcap	34		ད་ནི་རྗེས་སུ་ཡི་རང་བ་ཡིད་ལ་བྱེད་པ་བརྗོད་པར་བྱ་སྟེ། དེ་ཡང་ཡོངས་སུ་བསྔོ་བ་སྔོན་དུ་
753	terminal-particle+maxcap	44	STAGE2_REVIEW	གང་གི་ཚེ་བདག་གི་དགེ་བའི་རྩ་བ་རྗེས་ལས་བྱུང་བའི་སེམས་ཀྱིས་ཡོངས་སུ་བསྔོས་ནས་རྗེས་ལས
754	terminal-particle	43	STAGE2_REVIEW	ཡང་གང་གི་ཚེ་བདག་ཉིད་ཀྱི་སེར་སྣ་ལ་སོགས་པའི་སེམས་ཚར་བཅད་ནས་གཞན་གྱིས་སྦྱིན་པ་ལ་སོགས
755	terminal-particle	26		གཙོ་བོ་ཡིན་པས་རྗེས་སུ་ཡི་རང་བ་ཡིད་ལ་བྱེད་པ་བསྟན་པའི་ཕྱིར། ཉན་ཐོས་ཚོགས་ཞེས་བྱ་བ་ལ
756	terminal-particle+maxcap	110	STAGE2_REVIEW	ཉན་ཐོས་ཚོགས་རྣམས་ཇི་སྙེད་སྦྱིན་དང་ཚུལ་ཁྲིམས་དང་བསྒོམ་པ་དེས་ནི་གང་གི་ཚེ་བྱང་ཆུབ་ས
757	terminal-particle	33		ཡང་དག་པའི་རྗེས་སུ་ཡི་རང་བ་དེས་ནི་ཡོངས་སུ་སྔོ་བར་བྱེད་པ་ཡིན་པས་དེའི་རྗེས་ལ་ཡོངས་ས
758	terminal-particle+maxcap	21		དེ་ཡང་རྗེས་སུ་ཡི་རང་བ་སྔོན་དུ་འགྲོ་བ་དང་མི་འགྲོ་བའི་དབྱེ་བས་རྣམ་པ་གཉིས་སོ། །
759	terminal-particle	47	STAGE2_REVIEW	འདི་ལྟར་གང་གི་ཚེ་རང་གི་དང་གཞན་གྱི་བསོད་ནམས་མཉམ་དུ་ཐོབ་པར་བྱ་བའི་ཕྱིར་གཞན་གྱིས་བྱ
760	terminal-particle	31		གང་གི་ཚེ་ཡང་བདག་ཉིད་ཀྱི་སྦྱིན་པ་ལ་སོགས་པ་མི་ཟད་པར་བྱ་བའི་ཕྱིར་ཡོངས་སུ་སྔོ་བར་བྱེ
761	terminal-particle	39		གཙོ་བོ་ཡིན་པའི་ཕྱིར་ཡོངས་སུ་བསྔོ་བ་ཡིད་ལ་བྱེད་པ་དང་པོར་བསྟན་པའི་ཕྱིར། འདས་དུས་ཞེ
762	terminal-particle	18		བཅོམ་ལྡན་འདས་མཐའ་ཡས་གང་ཞིང་མང་བྱེ་སྟོང་དག་ན་གང་བཞུགས་པར་གྱུར་པ་སྟེ།
763	terminal-particle+maxcap	32		ཕུང་པོ་ལྷག་མ་དང་བཅས་པའི་མྱ་ངན་ལས་འདས་པ་བརྙེས་ནས་ཆོས་བསྟན་པས་འགྲོ་བའི་སྡུག་བསྔལ་ས
764	terminal-particle	27		དེ་དག་གི་དང་པོ་བྱང་ཆུབ་མཆོག་ཏུ་སེམས་བསྐྱེད་པ་ནས་རྣམ་པར་འདྲེན་པ་རྣམས་ཀྱི་དམ་ཆོས་ཟ
765	terminal-particle+maxcap	32		དེ་དག་གི་དབུས་ཀྱི་རྒྱལ་བ་རྣམས་ཀྱི་བསོད་ནམས་ཀྱི་ཚོགས་དང་། མོས་པས་སྤྱོད་པའི་ས་གཉིས
766	terminal-particle	32		མི་དམིགས་པར་ཞུགས་པ་དང་ལྡན་པས་སྤྱོད་ཅིང་སྦྱིན་པ་ལ་སོགས་པའི་ཕ་རོལ་ཏུ་ཕྱིན་པས་རབ་ཏུ
767	terminal-particle+maxcap	22		མ་འདྲེས་པ་བཅོ་བརྒྱད་ལ་སོགས་པ་སངས་རྒྱས་ཀྱི་ཆོས་གང་དག་ནི་ཀུན་ཏུ་འོད་སངས་རྒྱས་ཀྱི་ས
768	terminal-particle+terminal-particle(merged)	37		གང་ཡང་སངས་རྒྱས་སྲས་རྣམས་དང་ནི་ཉན་ཐོས་རྣམས་ཏེ། སློབ་དང་མི་སློབ་དགེ་བ་ཟག་བཅས་ཟག་མེ
769	terminal-particle+maxcap	40		ཚད་མེད་པ་ལ་སོགས་པ་རྣམས་ཀྱི་རང་བཞིན་ཡོངས་སུ་བསྡུས་ནས་དེ་དག་ཐམས་ཅད་སེམས་ལ་གཞག་སྟེ་
770	terminal-particle+maxcap	20		ཤིན་ཏུ་དགའ་བར་བྱེད་ཅིང་རང་གི་དེ་དག་ཐམས་ཅད་སྒྲུབ་པའི་ཆེད་དུ་དགེ་བ་བྱེད་པའོ། །
771	terminal-particle	27		རྗེས་སུ་ཡི་རང་བའི་བསོད་ནམས་དང་། ཆོས་ཐམས་ཅད་མི་དམིགས་པའི་ཚུལ་གྱིས་བསྔོ་བས་འགྲོ་བའ
772	terminal-particle+maxcap	38		ངེས་པར་ལེགས་པའི་གཞིའི་མཚན་ཉིད་བྱང་ཆུབ་ཀྱི་རྒྱུར་གྱུར་པ་བླ་ན་མེད་པའི་བྱང་ཆུབ་ཏུ་བ
773	terminal-particle	33		དེས་སྤྱིར་བསྟན་པ་མ་ཡིན་ནམ་ཇི་ལྟར་མི་དམིགས་པས་ཡོངས་སུ་བསྔོ་བ་ཁྱད་པར་དུ་བྱས་ཤེ་ན། 
774	terminal-particle+maxcap	34		ཡོངས་སུ་བསྔོ་ན་བྱང་ཆུབ་སེམས་དཔའ་གལ་ཏེ་འདི་ནི་ཡོངས་སུ་བསྔོ་བའི་སེམས་སོ་ཞེས་སེམས་པ
775	terminal-particle	22		དེ་བཞིན་དུ་བྱང་ཆུབ་གང་དུ་ཡོངས་སུ་བསྔོ་བ་དེར་དམིགས་པ་ནི་བྱང་ཆུབ་ཏུ་དམིགས་པ་ཡིན་ནོ
776	terminal-particle	21		ཡོངས་སུ་བསྔོ་བའི་ཡིད་ཀྱིས་བསོད་ནམས་ཡོད་པར་རྟོགས་པ་ནི་སེམས་ཅན་དུ་འདུ་ཤེས་པ་ཡིན་ནོ
777	terminal-particle	37		དེ་བས་འདུ་ཤེས་ནི་མཚན་མར་འཛིན་པའི་བདག་ཉིད་ཡིན་པས་དམིགས་པའི་རྒྱུ་ལྟ་གནས་ཏེ། མངོན་པ
778	terminal-particle	25		ལས་དང་། བྱེད་པ་དང་། བྱ་བར་དམིགས་པ་ཐམས་ཅད་ལ་མངོན་པར་ཞེན་པ་དང་ལྡན་པའི་ཕྱིར་འབྲེལ་པ
779	terminal-particle+objection-close(merged)	37		དེ་བས་ན་ཚད་མས་གནོད་པའི་ཕྱིར་དམིགས་པ་ནི་ཕྱིན་ཅི་ལོག་གི་རང་བཞིན་ཡིན་པའི་ཕྱིར་ཡོངས་
780	terminal-particle	10		གལ་ཏེ་ཞེས་བྱ་བ་ལ་སོགས་པ་གསུངས་ཏེ།
781	terminal-particle+maxcap	85	STAGE2_REVIEW	གལ་ཏེ་འདི་ལྟར་བྱང་ཆུབ་སེམས་དཔའ་ཞེས་ཡོངས་སུ་བསྔོ་བའི་ཆོས་ཉིད་རང་བཞིན་གྱིས་འགགས་པར
782	terminal-particle+maxcap+terminal-particle(merged)	30		སྒྱུ་མའི་སྐྱེས་བུ་ལྟར་ཡོངས་སུ་སྔོ་བར་བྱེད་ན་དེའི་ཚེ་ཡོངས་སུ་བསྔོ་བར་གྱུར་པ་ཡིན་ན
783	terminal-particle	38		ལས་དང་བྱ་བ་ལ་སོགས་པ་ཤེས་རབ་ཀྱིས་ཡིད་ལ་མི་བྱེད་པ་དེ་ལྟ་ཡིན་ན། ཁ་ཅིག་ཏུ་ཇི་ལྟར་དམི
784	terminal-particle+maxcap	25		གལ་ཏེ་བྱང་ཆུབ་སེམས་དཔའ་སྒྱུ་མ་ལྟ་བུར་རྟོགས་པ་ཉིད་བདེན་གྱི་གཞན་ནི་མ་ཡིན་ནོ་ཞེས་འཛ
785	terminal-particle+maxcap	40		དེའི་ཚེ་ཕྱིན་ཅི་ལོག་གི་རང་བཞིན་དུ་ཡོངས་སུ་བསྔོས་པའི་ཕྱིར་དེ་བས་ན་གཅིག་ཏུ་མཚན་མར་
786	terminal-particle+maxcap+terminal-particle(merged)	35		ཡང་དག་པར་ཞུགས་པའི་ཕྱིར་རོ། །ཇི་ལྟར་དུག་དང་འདྲེས་པའི་ཁ་ཟས་ཟོས་ན་མཐར་རྣམ་པར་སྨིན་པ
787	terminal-particle	58	STAGE2_REVIEW	དེ་བཞིན་དུ་དཀར་པོའི་ཆོས་རྣམས་ལ་དམིགས་པས་ཡོངས་སུ་བསྔོ་བ་ནི་བྱང་ཆུབ་ཉམས་པའི་རྒྱུ་ཡ
788	terminal-particle+maxcap	28		ཡོངས་སུ་བསྔོ་བའི་ཡིད་ལ་བྱེད་པ་བསྟན་པ་དང་། རྗེས་སུ་ཡི་རང་བའི་ཡིད་ལ་བྱེད་པ་བསྟན་པའ
789	terminal-particle	37		དེ་ལྟར་ཡིད་ལ་བྱེད་པ་གཉིས་རྒྱ་ཆེར་བསྟན་ནས་ཉེ་བར་བསྡུ་བའི་ཕྱིར། དེ་ལྟས་ཞེས་བྱ་བ་ལ་
790	terminal-particle+maxcap	53	STAGE2_REVIEW	དམིགས་པ་ངེས་པ་ཡིན་པས་སྒྱུ་མ་ལྟ་བུར་རྟོགས་པ་མེད་ཀྱང་ཇི་ལྟར་སངས་རྒྱས་བཅོམ་ལྡན་འདས་
791	terminal-particle+maxcap	28		གཅིག་དང་དུ་མའི་རང་བཞིན་དང་བྲལ་བའི་མཚན་ཉིད་གང་ཡིན་པ་རབ་ཏུ་མཁྱེན་པ་དེ་ལྟར་བདག་གིས་
792	terminal-particle+maxcap	27		དེ་ལྟར་བདག་གིས་ཡོངས་སུ་བསྔོ་བར་བྱའོ་ཞེས་དེ་བཞིན་དུ་རྗེས་སུ་ཡི་རང་བ་དང་། ཡོངས་སུ་
793	terminal-particle+objection-close+terminal-particle(merged)	39		དེ་ལྟ་བུ་ནི་ཕྱིན་ཅི་མ་ལོག་པ་ཡིན་པའི་ཕྱིར་ཡང་དག་པར་ཞུགས་པ་ཡིན་པར་དགོངས་སོ། །དེ་ལས
794	terminal-particle+maxcap	43	STAGE2_REVIEW	དེ་ལྟར་དེ་བཞིན་དུ་བསྔོ་བ་ལ་མངོན་པར་ཞེན་པ་མེད་པའི་སྦྱོར་བས་བསོད་ནམས་བྱང་ཆུབ་ཏུ་ཡོ
795	terminal-particle+maxcap	23		དེ་ཉིད་ཀྱི་ཕྱིར་ཕྱིན་ཅི་མ་ལོག་པ་ལ་ཞུགས་པ་ཉིད་ཀྱི་འབྲས་བུ་མཐོང་བས་སངས་རྒྱས་མི་སྤོ
796	terminal-particle+maxcap	33		དེ་བས་ན་དེ་ཉིད་ཀྱི་ཕྱིར་དེས་གསུངས་པའི་རིམ་པ་བཞིན་སྨྲ་ཞིང་རྗེས་སུ་ཡི་རང་བར་བྱེད་པ
797	terminal-particle+maxcap	33		འགྲོ་བ་ཇི་སྙེད་པ་ལ་དམིགས་པ་ཅན་གྱི་བྱང་ཆུབ་སེམས་དཔའ་དེ་དག་ཐམས་ཅད་ཟིལ་གྱིས་གནོན་པ་
798	terminal-particle	39		ཇི་སྐད་བསྟན་པའི་རིགས་པས་ཡོངས་སུ་བསྔོ་བ་དང་། རྗེས་སུ་ཡི་རང་བ་ནི་དམིགས་པ་ཐམས་ཅད་ཀྱ
799	terminal-particle	39		ཡིད་ལ་བྱེད་པ་འདི་ཡང་སྔ་ཕྱི་ངེས་པ་ནི་མ་ཡིན་ཏེ། སྟོང་ཕྲག་བརྒྱ་པ་ལས་དང་པོ་བསྔོ་བ་ཡི
800	terminal-particle+line-end(merged)	31		འདིར་བཟློག་པར་ཤེས་པར་བྱེད་པ་རྟོགས་པར་བྱའོ། །ཡོན་ཏན་རིན་པོ་ཆེ་སྡུད་པ་ཚིགས་སུ་བཅད་
801	terminal-particle+terminal-particle(merged)	28		བསྒོམ་པའི་ལམ་ཟག་པ་དང་བཅས་པ་ནི་རྣམ་པ་གསུམ་མོ། །དེའི་རྗེས་ལ་བསྒོམ་པའི་ལམ་ཟག་པ་མེད་
802	terminal-particle+maxcap	35		དེ་ཡང་རྒྱུ་དང་འབྲས་བུའི་དབྱེ་བས་རྣམ་པ་གཉིས་ཡོད་པས་དང་པོ་སྒྲུབ་པའི་མཚན་ཉིད་བསྒོམ་
803	terminal-particle+maxcap	51	STAGE2_REVIEW	དཔེར་ན་དམུས་ལོང་བྱེ་བ་ཁྲག་ཁྲིག་རྣམས་ལོང་ཁྲིད་དང་བྲལ་བའི་ཕྱིར་ཁྲིད་པ་མེད་པ་རྣམས་ཀ
804	terminal-particle	89	STAGE2_REVIEW	དེ་བཞིན་དུ་སྒྲུབ་པའི་མཚན་ཉིད་ཀྱི་ཤེས་རབ་ཀྱི་ཕ་རོལ་ཏུ་ཕྱིན་པ་དང་བྲལ་བས་སྦྱིན་པ་ལ་
805	terminal-particle+maxcap+objection-close+terminal-particle(merged)	38		རྣམ་པ་ཐམས་ཅད་མཁྱེན་པའི་གྲོང་ཁྱེར་དུ་འཇུག་པར་མི་ནུས་ཞེས་བྱ་བའི་བར་དུའོ། །དེ་ལྟ་ན་
806	terminal-particle+maxcap	57	STAGE2_REVIEW	གང་གི་ཚེ་མཐོང་བ་དང་ཤིན་ཏུ་རྣམ་པར་དག་པའི་ལམ་གཉིས་ཀྱི་དབུས་མཚམས་ཟག་པ་མེད་པའི་རྒྱུའ
807	terminal-particle+maxcap+terminal-particle(merged)	27		མིག་འཐོབ་པར་འགྱུར་རོ། །དེ་ཉིད་ཀྱི་ཕྱིར་སངས་རྒྱས་སུ་འགྲོ་བས་སྦྱིན་པ་ལ་སོགས་པས་ཀྱང
808	terminal-particle	37		གཞན་དུ་ན་མིག་མེད་པས་དཔེར་ན་རི་མོའི་ལས་ནི་ཡོངས་ཟིན་ཏེ་ཐམས་ཅད་རྫོགས་ཀྱང་རི་མོ་མཁན་
809	terminal-particle+maxcap	19		མིག་མ་བྱས་པ་དེ་བཞིན་དུ་ཐམས་ཅད་ཕུན་སུམ་ཚོགས་པར་མི་འགྱུར་རོ་ཞེས་དགོངས་སོ། །
810	objection-close	30		གལ་ཏེ་སྒྲུབ་པའི་ཤེས་རབ་ཀྱི་སྟོབས་ཀྱིས་སྦྱིན་པ་ལ་སོགས་པ་ཕ་རོལ་ཏུ་ཕྱིན་པའི་རང་བཞིན
811	terminal-particle	34		གང་ཚེ་ཞེས་བྱ་བ་ལ་སོགས་པ་གསུངས་ཏེ། གང་གི་ཚེ་འདོད་པའི་ཁམས་ལ་སོགས་པ་འདུས་བྱས་དང་། ས
812	terminal-particle+maxcap	14		ཉན་ཐོས་ལ་སོགས་པ་དང་འབྲེལ་པ་དོར་བར་བྱ་བ་ཡིན་ནོ། །
813	line-end	49	STAGE2_REVIEW	དཀར་པོ་ནི་རྡུལ་ཕྲ་རབ་ཙམ་ཡང་མི་དམིགས་པའི་ཤེས་རབ་སྒྲུབ་པའི་བདག་ཉིད་ཀྱི་བྱང་ཆུབ་སེམ
814	verse-stanza	17		འཇིག་རྟེན་ཇི་ལྟར་གྱུར་པ་ཞིག་ཅེ་ན། །↵ནམ་མཁའ་གང་ལའང་ཅུང་ཟད་མི་གནས་ཏེ། །
815	terminal-particle	29		ཅུང་ཟད་ཅིག་གི་རང་བཞིན་དེ་དང་འདྲ་བར་ཡོངས་སུ་དག་པ་སངས་རྒྱས་དང་བྱང་ཆུབ་སེམས་དཔའ་ལ་ས
816	terminal-particle	31		དེ་ལྟ་བུར་གྱུར་པའི་ཆོས་ཀྱི་དབྱིངས་ལ་མངོན་པར་ཞེན་པ་ཕྱིན་ཅི་ལོག་ཡིན་ནོ་ཞེས་བསྟན་པའ
817	terminal-particle+maxcap	46	STAGE2_REVIEW	འདི་སྙམ་དུ་རྒྱལ་བའི་ཤེས་རབ་ཀྱི་ཕ་རོལ་ཏུ་ཕྱིན་པ་སྒྲུབ་པའི་རང་བཞིན་ལ་གང་གི་ཕྱིར་སྤ
818	terminal-particle	34		དགྲོལ་སྙམ་སེམས་པ་དེའི་ཚེ་ཕྱིན་ཅི་ལོག་ཏུ་ཞུགས་པའི་ཕྱིར་སེམས་ཅན་འདུ་ཤེས་ཡོངས་རྟོག་
819	terminal-particle+maxcap	30		དེ་ནི་ཤེས་རབ་ཇི་སྐད་བསྟན་པའི་རང་བཞིན་ཕ་རོལ་ཕྱིན་མཆོག་སྤྱོད་མ་ཡིན་ཞེས་བྱ་བ་ནས་སྒྲ
820	terminal-particle	71	STAGE2_REVIEW	དེའི་རྗེས་ལ་གཉིས་པ་ཤིན་ཏུ་རྣམ་པར་དག་པའི་མཚན་ཉིད་ཀྱི་བསྒོམ་པའི་ལམ་བསྒོམ་པར་བྱ་བ་ཡ
821	terminal-particle+maxcap	39		བྱང་ཆུབ་སེམས་དཔའ་གང་ཞིག་གིས་དེ་བཞིན་གཤེགས་པ་གཉིས་པ་སྔོན་དུ་འགྲོ་བས་ཤེས་རབ་ཀྱི་ཕ་
822	terminal-particle+maxcap	24		ཐབས་ལ་མཁས་པའི་སྟོབས་ཀྱིས་མཁས་པ་ཡང་ཡིན་ཏེ། ཐོས་མ་ཐག་ཏུ་དེ་ནི་སྟོན་པའི་འདུ་ཤེས་བསྐ
823	terminal-particle+terminal-particle(merged)	36		སྐྱེ་བའི་རྒྱུ་དེ་ཉིད་དང་ལྡན་པས་ཤིན་ཏུ་རྣམ་པར་དག་པའི་མཚན་ཉིད་བསྒོམ་པའི་ལམ་མྱུར་དུ
824	terminal-particle+terminal-particle(merged)	30		གནོད་པ་ཐམས་ཅད་ཞི་བས་ན་ཞི་བའོ། །སྐྱེད་པའི་རྒྱུའི་རྗེས་ལ་མི་བསྐྱེད་པའི་རྒྱུ་བསྟན་པ
825	terminal-particle+maxcap	36		སྔོན་སྤྱད་པ་སྤྱོད་པའི་ཚེ་ན་སངས་རྒྱས་ཁྲག་ཁྲིག་ལ་ཡང་དག་པར་མཆོད་ཅིང་འཁོར་ལ་སོགས་པ་ཕ
826	terminal-particle+maxcap	16		ཕུང་པོར་མངོན་པར་ཞེན་པ་དང་། མི་དགེ་བའི་གྲོགས་པོ་བསྟེན་པ་དང་།
827	terminal-particle+maxcap	39		བདུད་ཀྱིས་བྱིན་གྱིས་བརླབས་པའི་རྒྱུས་རྒྱལ་བའི་ཡུམ་ལ་མ་དད་པ་ནི་དེ་མི་སྐྱེ་བའི་རྒྱུ
828	terminal-particle	37		གང་གིས་དེ་བཞིན་དུ་ཡུམ་ཐོས་ཀྱང་ཆོས་ཟབ་མོ་མི་རྟོགས་པས་བློ་ཆུང་བ་དེ་ཡིས་འདི་སྤོང་བར
829	terminal-particle+maxcap	28		ཤེས་རབ་ཀྱི་ཕ་རོལ་ཏུ་ཕྱིན་པ་སྤངས་པ་ཉིད་ཀྱིས་སངས་རྒྱས་དཀོན་མཆོག་ལ་སོགས་པས་འཛིན་པའི
830	terminal-particle	16		ཉེ་བར་བསྡུ་བའི་ཕྱིར། དེ་ལྟ་བས་ན་ཞེས་བྱ་བ་ལ་སོགས་པ་གསུངས་ཏེ།
831	terminal-particle+maxcap	54	STAGE2_REVIEW	གང་ལ་མ་དད་པ་ཉིད་ཉེས་པ་ཡིན་པས་དེ་ལྟ་བས་ན་བྱང་ཆུབ་སེམས་དཔའ་ཁྱོད་ཀྱིས་གལ་ཏེ་སངས་རྒྱ
832	terminal-particle+maxcap+terminal-particle+maxcap(merged)	22		དཔེར་ན་ཚོང་པ་རིན་ཆེན་གླིང་དུ་སོང་ནས་ནི། །ཟོང་ཟད་སླར་ལོག་ལྟ་བུར་གྱུར་ན་མི་རུང་ངོ་
833	terminal-particle+maxcap	37		དེ་བཞིན་དུ་ཤེས་རབ་ཀྱི་ཕ་རོལ་ཏུ་ཕྱིན་པ་རིན་པོ་ཆེའི་གླིང་དུ་ཕྱིན་ན་སྔོན་ཉེ་བར་བསགས
834	line-end	20		ཡོན་ཏན་རིན་པོ་ཆེ་སྡུད་པ་ཚིགས་སུ་བཅད་པ་ལས་དམྱལ་བའི་ལེའུ་སྟེ་བདུན་པའི་བཤད་པའོ།། །།
835	terminal-particle	42	STAGE2_REVIEW	སྐྱེ་བ་དང་ནི་སྐྱེ་བའི་རྒྱུ་ཐོབ་པ་དང་སྤང་བའི་ཡུལ་བསྟན་ནས་དེ་བཞིན་དུ་སྐབས་ལ་བབ་པ་ཤ
836	terminal-particle+maxcap	26		གཟུགས་ཀྱི་དག་པ་འབྲས་བུ་དག་པར་རིག་པར་བྱ་ཞེས་བྱ་བ་གསུངས་ཏེ། གཟུགས་ནི་རང་བཞིན་ཏེ་ཕུ
837	line-end	22		བདག་དང་གཞན་ལ་སོགས་པའི་རྒྱུས་མངོན་པར་ཞེན་པ་དང་བྲལ་ཏེ་སྒྱུ་མ་ལྟ་བུ་ཉིད་ནི་དག་པའོ། 
838	verse-stanza	19		དང་པོའི་འབྲས་བུ་ཞེས་བྱ་བ་ནི་ཚིག་ལྷག་མའོ། །↵དེ་ལ་སོགས་པ་དག་པར་རིག་པར་བྱའོ། །
839	terminal-particle	35		གཞན་དུ་ན་འབྲས་བུ་དག་པ་སྐྱེ་མི་སྲིད་པ་དེ་བཞིན་དུ་འབྲས་བུ་རྣམ་པར་དག་པས་ཀྱང་གཟུགས་ར
840	terminal-particle+maxcap	10		རྒྱུ་ནི་འབྲས་བུའི་རྗེས་སུ་འབྲང་བའི་ཕྱིར་རོ། །
841	terminal-particle	33		རྣམ་པར་དག་པ་སྤྱིར་བསྟན་ནས་ཁྱད་པར་དུ་བསྟན་པ་ནི་འབྲས་བུ་གཟུགས་དག་ཐམས་ཅད་མཁྱེན་པ་ཉི
842	terminal-particle+maxcap	21		མི་ལྕོགས་མེད་པ་ནས་བརྩམས་ཏེ་ཅི་ཡང་མེད་པའི་སྐྱེ་མཆེད་ཀྱི་བར་གྱི་ནི་བསྒོམ་པའི་ལམ་ཏེ
843	terminal-particle+maxcap	63	STAGE2_REVIEW	ཆོས་ཐམས་ཅད་བདག་མེད་དོ་ཞེས་དེ་ལྟར་སྤྱི་ལ་ཡང་དང་ཡང་དུ་དམིགས་པས་ས་རེ་རེའི་ཉོན་མོངས་
844	terminal-particle	12		དེའི་ཚེ་རྩེ་མོའི་གནས་སྐབས་སུ་འབྲས་བུ་གཟུགས་དག་སྟེ།
845	terminal-particle+maxcap	44	STAGE2_REVIEW	ཤིན་ཏུ་རྣམ་པར་དག་པའི་མཚན་ཉིད་བསྒོམ་པའི་ལམ་ཐོབ་པས་ཐམས་ཅད་མཁྱེན་པ་ཉིད་གསུམ་སྤྱིར་ཡ
846	terminal-particle	29		དེ་བཞིན་དུ་ཐམས་ཅད་མཁྱེན་པ་ཉིད་དག་པས་འབྲས་བུ་གཟུགས་དག་པར་ཡང་བཟུང་སྟེ། སྟོང་ཕྲག་བར
847	objection-close	17		དེ་ལྟ་ཡིན་ན་དག་པ་ཐ་དད་པས་ཕྱིན་ཅི་ལོག་ཏུ་འགྱུར་རོ་ཞེ་ན།
848	terminal-particle	37		ཐམས་ཅད་མཁྱེན་ཞེས་བྱ་བ་ལ་སོགས་པ་གསུངས་ཏེ། ཀུན་རྫོབ་ཏུ་རྣལ་འབྱོར་པའི་དག་པའི་བྱེ་བྲ
849	terminal-particle	35		རིགས་པ་ཐམས་ཅད་མཁྱེན་པ་ཉིད་འབྲས་བུ་དག་དང་གཟུགས་དག་པ། ནམ་མཁའི་ཁམས་དང་མཚུངས་ཏེ། སྟོ
850	terminal-particle+line-end(merged)	13		འདིས་ནི་ལམ་ཤེས་པ་བསྟན་པ་ཡིན་ནོ། །དེ་སྐད་དུ་ཡང་།
851	verse-stanza	27		མོག་མོག་པོར་བྱེད་ལ་སོགས་དང་། །↵སློབ་མ་བསེ་རུའི་ལམ་གང་དང་། །↵འདི་དང་གཞན་པའི་ཡོན་ཏ
852	verse-stanza	28		བྱེད་པ་དང་ནི་མོས་པ་དང་། །↵བསྟོད་དང་བཀུར་དང་བསྔགས་པ་དང་། །↵བསྔོ་བ་རྗེས་སུ་ཡི་རང་ད
853	verse-stanza	25		སྒྲུབ་དང་ཤིན་ཏུ་དག་པ་ཞེས། །↵བྱ་བ་འདི་ནི་བསྒོམ་པའི་ལམ། །↵བྱང་ཆུབ་སེམས་དཔའ་མཁས་རྣམ
854	terminal-particle	5		ཅེས་གསུངས་པ་ཡིན་ནོ། །
855	terminal-particle	39		དངོས་པོ་ཐམས་ཅད་ཡོངས་སུ་ཤེས་པ་མེད་པར་ལམ་ཡང་དག་པར་ཡོངས་སུ་ཤེས་པ་མེད་པས་ཐམས་ཅད་ཤེས་
856	terminal-particle+maxcap	23		ཇི་ལྟ་བ་བཞིན་དུ་གྱུར་པའི་ཤེས་རབ་ཀྱིས་འཁོར་བའི་ཉེས་པ་མཐོང་ནས་ཁམས་གསུམ་སྟེ་འདོད་པ་
857	terminal-particle+maxcap	109	STAGE2_REVIEW	གཟུགས་དང་གཟུགས་མེད་པ་ལས་ཡང་དག་པར་འདས་པ་དང་ལྡན་པའི་བྱང་ཆུབ་སེམས་དཔའ་སྙིང་རྗེས་སེམ
858	terminal-particle	30		གང་དུ་ཤེས་རབ་ཀྱི་ཕ་རོལ་ཏུ་ཕྱིན་པ་ལ་སྤྱོད་པ་ན་མཚན་མའི་རྣམ་པར་གཡེང་བས་རབ་ཏུ་མི་གཡོ
859	terminal-particle	25		རྣམ་པ་ཐམས་ཅད་དུ་ཐབས་ལ་མཁས་པའི་སྟོབས་ཀྱིས་ཉེ་བར་གྱུར་པ་ཐོབ་པ་ཡིན་ནོ་སྙམ་དུ་དགོངས་
860	terminal-particle	59	STAGE2_REVIEW	དེ་ལྟར་ཉེ་བར་གྱུར་པའི་རྒྱལ་བའི་སྲས་ཐབས་ལ་མཁས་པ་དང་ཕྱིན་ཅི་མ་ལོག་པའི་ཤེས་རབ་ཀྱི་ཕ
861	terminal-particle+maxcap	21		ཐབས་ལ་མི་མཁས་པས་ཡང་དག་པའི་ཤེས་རབ་ཀྱི་ཕ་རོལ་ཏུ་ཕྱིན་པ་དང་རིང་བར་གྱུར་ཏེ།
862	terminal-particle+maxcap	46	STAGE2_REVIEW	ཉན་ཐོས་ལ་སོགས་པ་རྣམས་ནི་རང་གི་རྟོག་པ་ཙམ་གྱི་ཤེས་རབ་ཀྱི་ཕ་རོལ་ཏུ་ཕྱིན་པ་སྙིང་རྗེ་
863	terminal-particle+maxcap	16		དངོས་པོ་དང་དངོས་པོ་མེད་པ་གཉིས་ལ་དམིགས་པ་ཡིན་པར་ཤེས་པར་བྱའོ། །
864	terminal-particle	36		དེ་བས་ན་ཉན་ཐོས་ལ་སོགས་པའི་གཉེན་པོ་ནི་བྱང་ཆུབ་སེམས་དཔའི་མི་མཐུན་པའི་ཕྱོགས་ཡིན་ནོ་
865	terminal-particle+maxcap+terminal-particle(merged)	39		འདོད་པ་ནི་འདོད་པ་སྟེ། མི་རྟག་པ་ལ་སོགས་པའི་རྣམ་པ་དང་ལྡན་པར་ཉན་ཐོས་ལ་སོགས་པ་མངོན་པ
866	terminal-particle+terminal-particle+terminal-particle(merged)	38		གཟུགས་ཀྱི་རང་བཞིན་ནོ། །འགྲོ་བ་འདི་དག་ནི་བཅུད་དང་སྣོད་ཀྱི་འཇིག་རྟེན་གཉིས་སོ། །འདི
867	terminal-particle	30		འགྲོ་བ་དྲུག་པོ་དེ་དག་འཁོར་བའི་འཁོར་ལོར་ནི་ཕྱིན་ཅི་ལོག་མ་སྤངས་པའི་ཕྱིར་འཁྱམས་ཏེ་མ
868	terminal-particle	25		མི་ཤེས་པའི་ཕྱིར་འཁྲུལ་པས་དེའི་ངོ་བོ་མ་ཡིན་པ་ལས་མ་གྲོལ་བས་ཆོས་དང་ཆོས་ཅན་དུ་འཛིན་པ
869	terminal-particle+objection-close(merged)	39		རི་དྭགས་རྒྱར་ཆུད་པ་དང་འདྲ་བས་དེའི་མི་མཐུན་པའི་ཕྱོགས་ཡིན་པའི་ཕྱིར་འཇུག་པར་མི་བྱ་བ
870	terminal-particle	33		ཤེས་རབ་ལྡན་པ་ཞེས་བྱ་བ་ལ་སོགས་པ་གསུངས་ཏེ། ཇི་ལྟར་ནམ་མཁའ་ལ་ངང་པ་ལ་སོགས་པའི་བྱ་རྣམས
871	terminal-particle+maxcap+terminal-particle(merged)	36		ནམ་མཁའ་ལ་དངོས་པོའི་རང་བཞིན་དུ་གྱུར་པ་མ་ཡིན་པའི་ཕྱིར་རོ། །དེ་ནམ་མཁའི་བྱ་དང་འདྲ་བར
872	terminal-particle+objection-close(merged)	36		དེ་ལ་ཆོས་དང་ཆོས་ཅན་གྱི་དངོས་པོར་མི་རྟེན་ཏེ། གཟུགས་ལ་སོགས་པ་མེད་པའི་ཕྱིར་རོ། །དེ་
873	objection-close+maxcap	25		མི་མཐུན་པ་དང་གཉེན་པོ་དེ་གཉིས་དོར་བ་དང་བླང་བར་བྱ་བའི་ཕྱིར་རིམ་པ་ཇི་ལྟར་བསྒོམ་པར་བ
874	terminal-particle	18		སྦྱོར་བ་དང་མཉམ་པ་ཉིད་བསྟན་པའི་ཕྱིར། སྤྱོད་པ་ཞེས་བྱ་བ་ལ་སོགས་པ་གསུངས་ཏེ།
875	terminal-particle+maxcap	39		གཟུགས་ལ་སོགས་པའི་ཕུང་པོ་ལྔ་པོ་བྱང་ཆུབ་སེམས་དཔའ་གང་ཞིག་གིས་མཉམ་པར་རྟོགས་པའི་སྟོབས
876	terminal-particle+maxcap	10		མངོན་པར་ཞེན་པ་མེད་པས་སྦྱོར་བའི་ཕྱིར་རོ། །
877	terminal-particle	45	STAGE2_REVIEW	དེ་ལྟར་དེ་རིམ་པ་བཞིན་དུ་སྟོང་པ་ཉིད་ལ་གོམས་པར་བྱས་པས་མི་མཐུན་པའི་ཕྱོགས་སྤངས་ནས་གཉ
878	terminal-particle+maxcap+terminal-particle(merged)	39		བདེ་གཤེགས་རྣམས་ཀྱི་ཤེས་རབ་སྤྱོད་དོ། །ཉན་ཐོས་ལ་སོགས་པ་ཡང་གཟུགས་ལ་སོགས་པ་ལ་མི་རྟག་
879	line-end	22		ཡོན་ཏན་རིན་པོ་ཆེ་སྡུད་པ་ཚིགས་སུ་བཅད་པ་ལས་རྣམ་པར་དག་པའི་ལེའུ་སྟེ་བརྒྱད་པའི་བཤད་པའ
880	terminal-particle	30		མཉམ་པ་ཉིད་དུ་བསྒོམ་པའི་སྦྱོར་བས་མཐོང་བའི་ལམ་བསྒོམ་པར་བྱ་བ་ཡིན་པས་དེ་བསྟན་པའི་ཕྱི
881	terminal-particle+maxcap	63	STAGE2_REVIEW	དེ་ལྟར་སྦྱོར་བའི་རིམ་གྱིས་སྤྱོད་པའི་བྱང་ཆུབ་སེམས་དཔའ་མཁས་གསལ་བ་གཟུགས་ལ་སོགས་པ་རྣ
882	terminal-particle+maxcap	24		ཆགས་པ་བཅད་ནས་གྲོལ་ཏེ། གོང་ནས་གོང་དུ་ཁྱད་པར་དུ་རྣལ་འབྱོར་པ་འགྲོ་ཞིང་འགྲོ་བ་ལ་ཆགས་
883	terminal-particle	26		དེ་བས་ན་ཉི་མ་སྒྲ་གཅན་གཟའ་བྲལ་ལྷང་ངེར་འདུག་པ་དང་། །མེ་བཏང་རྩྭ་དང་ཤིང་དང་ནགས་ཚལ་བས
884	terminal-particle	23		དེ་བཞིན་དུ་དེས་བསྒོམ་པ་དང་ལྡན་པས་སྤང་བར་བྱ་བའི་ཉོན་མོངས་པའི་ཚོགས་སྲེག་ཅེས་བྱ་བ་ལ
885	terminal-particle	39		ཉན་ཐོས་ལ་སོགས་པས་ནི་རྟག་པ་ལ་སོགས་པའི་རྣམ་པ་བཀག་ནས་མི་རྟག་པ་ལ་སོགས་པའི་རྣམ་པས་རང་
886	terminal-particle+line-end(merged)	12		དེ་དག་གིས་ཐམས་ཅད་ཤེས་པ་ཉིད་བསྟན་ཏོ། །དེ་སྐད་དུ།
887	verse-stanza	28		ཤེས་པས་སྲིད་ལ་མི་གནས་ཤིང་། །↵སྙིང་རྗེས་ཞི་ལ་མི་གནས་དང་། །↵ཐབས་མ་ཡིན་པས་རིང་བ་དང་
888	verse-stanza	27		མི་མཐུན་གཉེན་པོའི་ཕྱོགས་དག་དང་། །↵སྦྱོར་དང་དེ་ཡི་མཉམ་ཉིད་དང་། །↵ཉན་ཐོས་ལ་སོགས་མཐ
889	terminal-particle	5		ཅེས་གསུངས་པ་ཡིན་ནོ། །
890	terminal-particle	37		ཐམས་ཅད་མཁྱེན་པ་ཉིད་གསུམ་རྟོགས་ནས་དབང་དུ་བྱ་བའི་ཕྱིར་ཁྱད་པར་གྱི་ལམ་དེའི་དེ་བཞིན་ཉ
891	terminal-particle+maxcap	15		དེའི་རྣམ་པ་བསྟན་པའི་ཕྱིར། ཆོས་རྣམས་ཞེས་བྱ་བ་ལ་སོགས་པ་གསུངས་ཏེ།
892	terminal-particle+maxcap	29		རང་བཞིན་དེ་རང་གི་ངོ་བོ་བསྒོམས་པས་སྒྱུ་མ་ལྟ་བུར་རྟོགས་པའི་ཕྱིར་ཆོས་རྣམས་འདི་དག་ཐམ
893	terminal-particle	31		ཤེས་རབ་ཀྱི་ཕ་རོལ་ཏུ་ཕྱིན་པ་ནི་རྣམ་པ་ཀུན་མངོན་པར་རྫོགས་པར་རྟོགས་པའི་རང་བཞིན་གྱི་ལ
894	terminal-particle	26		བྱང་ཆུབ་སེམས་དཔའ་དེ་ལྟར་བྱེད་པ་པོ་ཡང་མི་དམིགས་ཏེ། ཀུན་ཏུ་བརྟགས་པའི་བདག་དང་གཟུགས་
895	terminal-particle+maxcap	18		རང་གི་སྡེ་པས་གཞན་པ་དེ་དག་མེད་པའི་ཕྱིར་མི་དམིགས་ཏེ་ཐོབ་པ་མེད་དོ། །
896	terminal-particle	54	STAGE2_REVIEW	དེ་བས་ན་གང་ཟག་དང་ཆོས་བདག་མེད་པ་རྣམ་པ་གཉིས་རྟོགས་པས་རྣམ་པ་ཐམས་ཅད་རྟོགས་པའི་ཕྱིར་འ
897	line-end	20		ཡོན་ཏན་རིན་པོ་ཆེ་སྡུད་པ་ཚིགས་སུ་བཅད་པ་ལས་བསྟོད་པའི་ལེའུ་སྟེ་དགུ་པའི་བཤད་པའོ།། །།
898	terminal-particle	37		ཁྱད་པར་ཅན་གྱི་སྦྱོར་བས་རྣམ་པ་རྣམས་བསྒོམ་པར་བྱ་བ་ཡིན་པས་དེ་ཡང་སྦྱོར་བ་པོ་ཁྱད་པར་ཅ
899	terminal-particle+maxcap	20		རྒྱལ་བ་ཞེས་བྱ་བ་ལ་སོགས་པ་གསུངས་ཏེ། རྒྱལ་བ་ལ་ནི་ལྷ་རྒྱལ་བརྒྱ་བྱིན་གྱིས་ཞུས་པ།
900	terminal-particle+maxcap	33		ཤེས་རབ་ཀྱི་ཕ་རོལ་ཏུ་ཕྱིན་པ་རྣམ་པའི་བདག་ཉིད་འདི་ལ་ཇི་ལྟར་བརྩོན་པར་བྱེད་ཅིང་བྱང་ཆུ
901	terminal-particle	38		བཅོམ་ལྡན་འདས་ཀྱིས་བཀའ་སྩལ་པ། ཕུང་པོ་ཁམས་ལ་རྡུལ་ཙམ་བརྩོན་པར་མི་བྱེད་ཅིང་། རྡུལ་ཙམ
902	terminal-particle+maxcap+objection-close(merged)	26		དེ་ནི་བྱང་ཆུབ་སེམས་དཔའ་ཕྱིན་ཅི་མ་ལོག་པ་ལ་ཞུགས་པའི་ཕྱིར་བརྩོན་པ་ཡིན་ནོ། །གང་གི་རྒ
903	terminal-particle	33		གང་ཞིག་ཅེས་བྱ་བ་ལ་སོགས་པ་གསུངས་ཏེ། སེམས་ཅན་དེ་ནི་ཡུན་རིང་པོ་ནས་ཐེག་པ་ཆེན་པོ་འདི་
904	terminal-particle+maxcap	23		སངས་རྒྱས་བྱེ་བ་ཁྲག་ཁྲིག་མང་ལ་གཙུག་ལག་ཁང་ལ་སོགས་པ་བྱས་ཏེ་ཕུལ་བ་ནི་ལྷག་བྱས་ཡིན་ནོ།
905	terminal-particle	22		གང་ཞིག་ཆོས་འདི་ནི་ཡུམ་སྟེ། གཟུགས་ལ་སོགས་པ་རང་གི་རྒྱུ་ལས་སྒྱུ་མ་བྱེད་པས་སྤྲུལ་པ་ད
906	terminal-particle+maxcap+terminal-particle(merged)	33		སྒྱུ་མ་འདྲ་བར་ཐོས་ནས་རྟོགས་པས་སོམ་ཉི་མེད་ཅིང་ཡང་སློབ་པ་ལ་ཕྱིར་ཞིང་སྦྱོར་བར་བྱེད་
907	terminal-particle	63	STAGE2_REVIEW	རྒྱལ་བ་སྐྱེད་མ་ལ་འཇུག་པའི་སྦྱོར་བ་ཉན་ཐོས་ལ་སོགས་པའི་བྱེད་པའི་ཁྱད་པར་ཅན་དུ་ཡིད་ལ་
908	terminal-particle+maxcap	35		དགོན་པའི་ཞེས་བྱ་བ་ལ་སོགས་པ་གསུངས་ཏེ། དཔེར་ན་འཇིགས་པ་དུ་མ་ཕལ་པོ་ཆེའི་དགོན་པའི་ལམ་
909	terminal-particle+maxcap	39		གང་གི་ཚེ་འབད་པའི་སྟོབས་ཀྱིས་གནག་རྫི་མཚམས་ཀྱི་ནགས་ཚལ་ཕུན་སུམ་ཚོགས་པ་མཐོང་ན་དེའི་ཚ
910	terminal-particle	30		གང་གི་ཕྱིར་གོམས་པར་བྱས་ནས་འདི་དག་གྲོང་དང་གྲོང་ཁྱེར་གྱི་སྔོན་གྱི་མཚན་མ་ལ་བ་ལང་རྫི
911	terminal-particle+maxcap	28		གང་གི་ཚེ་ཤེས་རབ་ཀྱི་ཕ་རོལ་ཏུ་ཕྱིན་པ་གང་གིས་མཉན་པ་ནི་ཉེ་བར་མཚོན་པ་སྟེ། སེམས་དཔའ་ལ
912	terminal-particle+maxcap	40		བྱང་ཆུབ་སེམས་དཔའ་གང་ཞིག་བྱང་ཆུབ་ཐོབ་པར་བྱེད་པའི་ཆོས་ཡོངས་སུ་ཚོལ་བའི་དུས་དེའི་ཚེ་
913	terminal-particle	30		གང་གི་ཕྱིར་ཡུམ་མཉན་པ་ལ་སོགས་པའི་སྦྱོར་བ་ཕུན་སུམ་ཚོགས་པ་ན་དགྲ་བཅོམ་ས་ལ་མི་གནས་རྐྱ
914	terminal-particle	27		ད་ནི་ཡང་ཡུམ་མཉན་པ་ལ་སོགས་པས་ཕུན་སུམ་ཚོགས་པ་ཐམས་ཅད་སྟེར་བར་བྱེད་པ་བསྟན་པ་འདིར་ཡང་
915	terminal-particle+maxcap	34		ཆོས་ཀྱི་སྐུ་ཐོབ་པར་བྱེད་པ་བསྟན་པའི་སྒོ་ནས་རེ་ཞིག་སྦྱོར་བ་དཔེ་སྔོན་དུ་འགྲོ་བས་རྟོ
916	terminal-particle+maxcap	37		དཔེར་ན་མི་ཞིག་རྒྱ་མཚོའི་ཆུ་ནི་བལྟ་ཕྱིར་འགྲོ་བ་ཡིས། གལ་ཏེ་དེས་ཤིང་དང་ནགས་ཚལ་རིར་བ
917	terminal-particle	25		ཡང་གང་གི་ཚེ་ཅི་སྟེ་ཤིང་ལ་སོགས་པའི་རྟགས་མ་མཐོང་ན་དེའི་ཚེ་རྒྱ་མཚོ་ཆེན་པོ་ནི་ཉེ་བར་
918	terminal-particle+maxcap+terminal-particle(merged)	37		ཤིན་ཏུ་མི་རིང་ངོ་སྙམ་དུ་དེ་ལ་སོམ་ཉི་མེད་དེ་ཡིད་གཉིས་མེད་པར་རིག་པར་བྱའོ། །དེ་ལྟར་
919	terminal-particle+terminal-particle(merged)	35		རྒྱལ་བའི་ཤེས་རབ་ཀྱི་ཕ་རོལ་ཏུ་ཕྱིན་པ་འདི་ཉན་པ་ནི་ཉེ་བར་མཚོན་པ་སྟེ། སེམས་པ་དང་། བས
920	terminal-particle	32		མངོན་སུམ་དུ་བླ་ན་མེད་པའི་བྱང་ཆུབ་ཏུ་ལུང་བསྟན་པར་མ་གྱུར་ཀྱང་མཉན་པ་ལ་སོགས་པ་ལ་ནུས་
921	terminal-particle+maxcap+terminal-particle(merged)	20		ཆོས་ཀུན་མངོན་པར་རྫོགས་པར་རྟོགས་པ་ཞེས་བྱ་བའི་བར་དུའོ། །རིང་པོར་མི་ཐོགས་བདག་རེག་འག
922	terminal-particle	25		ལོངས་སྤྱོད་རྫོགས་པའི་སྐུ་ཐོབ་པར་བྱ་བ་བསྒྲུབ་པའི་སྒོ་ནས་བསྟན་པའི་ཕྱིར། དཔྱིད་དུས་
923	terminal-particle+maxcap	32		དཔེར་ན་དཔྱིད་དུས་བཟང་ལ་ཡལ་ག་དང་ལོ་མ་རྙིངས་པ་རྣམས་ལྷགས་གྱུར་ན་ཡལ་གས་རིང་པོར་མི་ཐོ
924	terminal-particle	47	STAGE2_REVIEW	དེ་བཞིན་དུ་ཤེས་རབ་ཕ་རོལ་ཕྱིན་འདི་སུའི་ལག་ཏུ་ཐོབ་པ་ན་ཡུན་རིང་པོར་མི་ཐོགས་པར་དེས་བ
925	terminal-particle+maxcap	32		སྤྲུལ་པའི་སྐུ་ཐོབ་པར་བྱ་བའི་སྒོ་ཡང་བསྟན་པའི་ཕྱིར། དཔེར་ན་ཞེས་བྱ་བ་ལ་སོགས་པ་གསུངས
926	line-end	14		གང་གི་ཚེ་དེ་ནི་བཙའ་བའི་དུས་ལ་བབ་ཅེས་བྱ་བ་སྟེ།
927	verse-stanza	19		ཡན་ལག་རྣམས་རྒྱས་པ་ནི་དུས་ལ་བབ་བོ། །↵ཚོར་བ་ནི་ཉམས་སུ་མྱོང་བའི་རང་བཞིན་ནོ། །
928	terminal-particle	12		དེ་བཙའ་བའི་དུས་ཏེ་སྐྱེ་བ་ཡིན་པར་ཤེས་པར་བྱའོ། །
929	objection-close	52	STAGE2_REVIEW	དེ་བཞིན་དུ་བྱང་ཆུབ་སེམས་དཔའ་སྔར་མཉན་ནས་སེམས་པ་ན་རྒྱལ་བའི་ཤེས་རབ་ཕ་རོལ་ཕྱིན་པ་ལ་ག
930	objection-close+maxcap+objection-close+maxcap(merged)	30		སྤྲུལ་པའི་སྐུ་ཐོབ་པོ། །ཡང་མཉན་པ་ལ་སོགས་པའི་བླང་བར་བྱ་བ་དང་དོར་བར་བྱ་བའི་ཆོས་ཇི་ལ
931	terminal-particle	28		ཤེས་རབ་ཅེས་བྱ་བ་ལ་སོགས་པ་གསུངས་ཏེ། ཤེས་རབ་ཕ་རོལ་ཕྱིན་མཆོག་སྤྱོད་ཚེ་རྣལ་འབྱོར་པ་ཉ
932	terminal-particle+terminal-particle(merged)	36		རྣལ་འབྱོར་པ་གང་ཞིག་གཟུགས་ལ་སོགས་པ་ཆོས་ཐམས་ཅད་དེ་ཁོ་ན་ཉིད་དུ་འཕེལ་བ་སྟེ་སྐྱེ་བ་མི
933	terminal-particle+maxcap	33		དེ་ལྟ་བས་ན་གང་ཞིག་ཆོས་དང་ཆོས་མིན་མི་མཐོང་ཞིང་། འདི་དག་སོ་སོར་སྣང་བ་གནས་པར་མཐོང་བ
934	terminal-particle+maxcap	32		སྟོང་པ་ཉིད་ཀྱི་རྣམ་པའི་སྙིང་པོ་ཅན་ཡེ་ཤེས་ཀྱི་རང་བཞིན་དེ་དག་ཇི་ལྟ་བ་བཞིན་གནས་པ་རྟ
935	terminal-particle+maxcap	27		ཉན་ཐོས་ལ་སོགས་པའི་བྱང་ཆུབ་ལ་མི་རེག་པར་གནས་པ་དེ་ནི་སྐུ་གསུམ་ཐོབ་ནས་ཆོས་ཀྱི་དབྱིངས
936	terminal-particle+terminal-particle(merged)	37		དེ་ལྟར་ཇི་སྐད་བསྟན་པའི་ཕྱིན་ཅི་མ་ལོག་པའི་ལམ་ལ་གོམས་པར་བྱས་པས་འབྲས་བུ་དེ་དག་ཐམས་ཅ
937	line-end	36		རྣམ་པ་ཕུལ་དུ་བྱུང་བའི་ཆེ་བའི་བདག་ཉིད་བཤད་ནས། ཡོན་ཏན་བརྗོད་ན་དེ་རྟོགས་པ་སྔོན་དུ་འ
938	line-end+maxcap	29		གང་ཞིག་འདིར་ཞེས་བྱ་བ་ལ་སོགས་པ་གསུངས་ཏེ། བྱང་ཆུབ་སེམས་དཔའ་ཆོས་དང་གང་ཟག་ལ་བདག་མེད་
939	verse-stanza	18		ཡང་སྦྱོར་བ་ལ་གནས་པ་ནི་སྤྱོད་པའོ། །↵སྤྱིའི་སངས་རྒྱས་ཀྱི་ཆོས་ནི་རྒྱུ་དང་འབྲས་བུའོ།
940	terminal-particle	31		ཁྱད་པར་ནི་དད་པ་ལ་སོགས་པ་ལྔ་དང་། འདུན་པ་ལ་སོགས་པ་དང་ལྷན་ཅིག་བྱེད་པ་རྫུ་འཕྲུལ་གྱི་
941	terminal-particle+maxcap	33		དྲན་པ་ཉེ་བར་གཞག་པ་ལ་སོགས་པ་ཡང་རྒྱུར་གྱུར་པ་རྣམས་ལ་མི་གནས་ཏེ། མི་རྟོག་ཅིང་བྱང་ཆུབ
942	terminal-particle	18		འབྲས་བུར་གྱུར་པ་རྣམས་ལ་དེ་སྦྱོར་བའི་སྟོབས་ཀྱིས་རྣམ་པར་མི་རྟོག་པ་དང་།
943	terminal-particle+maxcap	43	STAGE2_REVIEW	རྣམ་པར་རྟོག་པ་དང་བཅས་པའི་ཡེ་ཤེས་ཀྱི་ཡུལ་དུ་གྱུར་པ་གནས་པ་དང་མི་གནས་པ་གང་ཡང་རུང་བ་
944	terminal-particle	29		བདུད་ཀྱི་མཐུ་བཅོམ་པ་ལ་སོགས་པའི་ཡོན་ཏན་ལ་སོགས་པ་བསྐྱེད་པས་རང་དབང་དུ་སྤྱོད་པ་ནི་བྱ
945	terminal-particle	24		འདི་ནི་ཤེས་རབ་སྟེ་སྤྱོད་པའི་རང་བཞིན་ཡིན་པའི་ཕྱིར་ཕ་རོལ་ཕྱིན་མཆོག་སྤྱོད་པ་ཡིན་ཏེ།
946	line-end	29		ཡོན་ཏན་རིན་པོ་ཆེ་སྡུད་པ་ཚིགས་སུ་བཅད་པ་ལས་ཡོན་ཏན་གཟུང་བར་ཡོངས་སུ་བརྗོད་པ་ཞེས་བྱ་བ
947	terminal-particle	38		ཡོན་ཏན་གྱི་རྗེས་ལ་གང་ཡང་སྦྱོར་བའི་བར་ཆད་བྱེད་པའི་སྐྱོན་སྤངས་ནས་བསྒོམ་པར་བྱ་བ་ཡིན
948	terminal-particle+maxcap	15		ཕྱིན་ཅི་ལོག་གི་ཞེན་པ་སེལ་བ་ལ་མཁས་པས་སྨྲ་བའི་ཟླ་བའོ། །
949	terminal-particle	38		སངས་རྒྱས་ལ་ནི་རབ་འབྱོར་ཞུས་པ་ནི་ཡོན་ཏན་གྱི་རྒྱུ་ཡིན་པའི་ཕྱིར་ཡོན་ཏན་ལ་སྦྱོར་བ་ལ་
950	terminal-particle+terminal-particle(merged)	34		སྟོན་པས་བཀའ་སྩལ་བར་དུ་གཅོད་པར་འགྱུར་མང་སྟེ། དེ་ལས་ཅུང་ཟད་ནི་ཉེ་བར་མཚོན་པའོ། །དེ་
951	terminal-particle	34		དེ་ཉིད་ནི་རྒྱལ་བའི་ཞེས་བྱ་བ་ལ་སོགས་པ་གསུངས་ཏེ། རྒྱལ་བའི་ཤེས་རབ་ཕ་རོལ་ཕྱིན་འདི་ཡི
952	terminal-particle	31		སྤོབས་པ་ནི་ཡུལ་ལ་ཁྱད་པར་ཅན་གྱི་ཡེ་ཤེས་ཀྱི་རང་བཞིན་ཐ་དད་པ་རྣམ་པ་དུ་མ་འབྱུང་འགྱུར་
953	terminal-particle+maxcap	33		སྔ་མ་དང་ཕྱི་མ་དཔྱད་པས་མི་བསྟན་པར་གྱུར་པའི་ཕྱིར་དེ་ཡང་གློག་བཞིན་དུ་མྱུར་དུ་ཉམས་པར
954	terminal-particle+terminal-particle(merged)	35		འདི་བཤད་ཚེ་ན་ཁ་ཅིག་སོམ་ཉི་ཟ་འགྱུར་ཏེ་ཞེས་བྱ་བ་ལ། བཤད་པ་ནི་བཤད་པར་གྱུར་པའོ། །སངས་
955	terminal-particle	36		དེས་ཡོངས་སུ་མ་ཤེས་པར་འདྲེན་པ་བཅོམ་ལྡན་འདས་ཀྱིས་འདིར་ནི་བདག་གི་མིང་ཡང་མ་བརྗོད། རི
956	terminal-particle+maxcap+objection-close+terminal-particle(merged)	36		འོན་ཀྱང་འདི་ནི་སངས་རྒྱས་ཀྱི་བཀའ་མ་ཡིན་ཞེས་སྤང་འགྱུར་ཏེ་ཡང་བདུད་ཀྱི་ལས་སོ། །དེ་ནི
957	terminal-particle+maxcap	54	STAGE2_REVIEW	དེ་ལྟར་བདུད་ཀྱིས་བྱིན་གྱིས་བརླབས་པའི་གང་ཟག་མི་ཤེས་པ་དེ་དག་རྩ་བའི་རྒྱུ་བོར་ནས་སངས
958	terminal-particle	34		གླང་པོ་རྙེད་ནས་དཔེར་ན་འགའ་ཞིག་གི་དོན་དུ་གླང་པོའི་རྗེས་ནི་ཚོལ་བ་ལྟར། ཤེས་རབ་ཕ་རོལ
959	terminal-particle	25		དཔེར་ན་ལ་ལས་རོ་བརྒྱ་ལྡན་པའི་ཟས་རྙེད་ལ། ཟས་མཆོག་རྙེད་ནས་ཞག་དྲུག་ཅུ་པའི་འབྲས་ཆན་ཚོ
960	terminal-particle+maxcap	32		དེ་བཞིན་དུ་བྱང་ཆུབ་སེམས་དཔའ་ཤེས་རབ་ཀྱི་ཕ་རོལ་ཏུ་ཕྱིན་པ་འདི་རྙེད་ནས། དགྲ་བཅོམ་པའི
961	terminal-particle+maxcap+line-end(merged)	36		ཡང་དེ་ལ་རྗེས་སུ་འབྲང་ཞིང་བློ་བསྐྱེད་པར་འགྱུར་རོ་ཞེས་བྱ་བ་ནི་ལྷག་མའོ། །བདུད་ཀྱི་ལ
962	verse-stanza	17		གྲགས་པ་ཙམ་འདོད་པ་ནི་བསྟི་སྟང་འདོད་པའོ། །↵ནོར་འདོད་པ་ནི་རྙེད་པ་འདོད་པའོ། །
963	terminal-particle+terminal-particle(merged)	40		ཡོ་བྱད་ལ་ལྟོས་པ་ནི་ལྟོས་པ་དང་བཅས་པའི་སེམས་ཀྱིས་སོ། །བསོད་སྙོམས་ཀྱི་དོན་དུ་ཁྱིམ་པ
964	terminal-particle+terminal-particle(merged)	33		དེས་ཆོས་ཅུང་ཟད་ཡིན་པ་ནི་ཆོས་མིན་ཏེ། ཉན་ཐོས་ལ་སོགས་པའི་ཐེག་པས་བྱ་བ་སྤྱོད་པར་འགྱུར
965	terminal-particle	32		གང་དག་དེའི་ཚེ་མ་བྱོན་པའི་རྒྱལ་བ་རྣམས་བསྐྱེད་མ་ལ་འདུད་ཅིང་དད་པར་གྱུར་ནས་ཏེ། ལས་དང
966	terminal-particle	35		ཆོས་ཀྱི་དམ་པ་འདི་མཉན་པར་འདོད་ཅིང་འདོད་པ་ལས་དེ་དག་གིས་ནི་ཆོས་སྨྲ་བ་ལྡན་རིག་པ་ནི་བ
967	terminal-particle	36		དད་པ་དང་བྲལ་ནས་དགའ་བ་མེད་ཅིང་ཡིད་མི་བདེ་བར་གྱུར་ནས་གཞན་དུ་འགྲོ་བ་དོན་དུ་གཉེར་བའི
968	line-end	36		བདུད་ཀྱི་ལས་ཇི་སྙེད་པ་རྣམ་པ་ཐམས་ཅད་མཐའ་ཡས་པས་བརྗོད་པར་མི་ནུས་པའི་ཕྱིར་ཉེ་བར་བསྡུ
969	verse-stanza	18		འདི་ཞེས་བྱ་བ་ནི་རྗེས་ཐོགས་ལ་མངོན་པའོ། །↵འབྱུང་བར་གྱུར་པ་ནི་བདུད་ཀྱི་ལས་སོ། །
970	terminal-particle+terminal-particle(merged)	28		དེའི་ཚེ་གང་དག་ལ་མ་འོངས་པའི་དུས་ན་བར་དུ་གཅོད་པ་རྣམས་མང་ནི་དུ་མའོ། །གཅོད་པ་ནི་བགེག
971	objection-close	33		གང་ཞིག་ཉེས་པས་གཡེང་བའི་ཕྱིར་དགེ་སློང་མང་པོ་དཀྲུགས་པས་དེའི་ཚེ་ཤེས་རབ་ཀྱི་ཕ་རོལ་ཏུ
972	objection-close+maxcap	18		གཞན་དགེ་བསྙེན་ལ་སོགས་པ་ལྟ་ཅི་སྨོས་ཅིའི་རྒྱུས་རྣམ་པ་མང་པོར་འགྱུར་ཞེ་ན།
973	terminal-particle	30		རིན་ཆེན་ཞེས་བྱ་བ་ལ་སོགས་པ་གསུངས་ཏེ། རིན་ཆེན་རིན་ཐང་མེད་པ་རྙེད་གྱུར་གང་དག་ཡིན། ཆོ
974	terminal-particle	17		དུས་རྣམས་རྟག་ཏུ་ཐམས་ཅད་འདི་འདོད་པའི་ཕྱིར་དུ་དོན་དུ་གཉེར་བ་ཡིན་ནོ། །
975	objection-close	38		དེ་བཞིན་དུ་རྒྱལ་བའི་ཤེས་རབ་ཕ་རོལ་ཕྱིན་པ་མཆོག །རིན་ཆེན་ཆོས་ཀྱང་དཀོན་ལ་རྟག་ཏུ་འཚེ་
976	terminal-particle	23		ཐེག་པ་གསར་ཞེས་བྱ་བ་ལ་སོགས་པ་གསུངས་ཏེ། མངོན་པར་ཞུགས་པའི་ཕྱིར་ཐེག་པ་ལ་གསར་དུ་ཞུགས་
977	terminal-particle+maxcap	32		བྱང་ཆུབ་སེམས་དཔའ་བསོད་ནམས་ཆུང་བའི་ཕྱིར་བློ་ཆུང་བར་གྱུར་པ་གང་གི་ཡུམ་དཀོན་པའི་རིན་
978	terminal-particle	34		དེ་བཞིན་དུ་ལས་དང་པོ་པ་ཇི་སྙེད་པ་དེ་དག་ཐམས་ཅད་ཀྱི་དེ་ལྟར་རྙེད་པ་མི་འགྱུར་བར་བསྟེན
979	terminal-particle+maxcap	33		གང་གི་ཚེ་བདུད་རྣམས་རྒྱལ་བ་སྐྱེད་མ་ལ་ཇི་ལྟར་བགེགས་བྱ་ཞེས་བརྩོན་པ་དང་ལྡན་པས་སྤྲོ་བ
980	terminal-particle	43	STAGE2_REVIEW	དེ་བཞིན་དུ་ཡང་ཕྱོགས་བཅུའི་བཅོམ་ལྡན་འདས་བསོད་ནམས་ཆེན་པོ་དང་ལྡན་པས་ཡུམ་ཡོངས་སུ་འཛི
981	quote-open	12		ཡོན་ཏན་རིན་པོ་ཆེ་སྡུད་པ་ཚིགས་སུ་བཅད་པ་ལས།
982	line-end	11		བདུད་ཀྱི་ལས་ཀྱི་ལེའུ་སྟེ་བཅུ་གཅིག་པའི་བཤད་པའོ།། །།
983	objection-close	12		དེ་ལ་བཅོམ་ལྡན་འདས་ཅིའི་ཕྱིར་དགོངས་པ་མཛད་ཅེ་ན།
984	terminal-particle	33		དཔེ་སྔོན་དུ་འགྲོ་བས་རྟོགས་པར་བྱ་བའི་ཕྱིར། མ་ཞིག་ཅེས་བྱ་བ་ལ་སོགས་པ་གསུངས་ཏེ། མ་ཞི
985	terminal-particle+maxcap+terminal-particle(merged)	40		དེ་ཀུན་ཡིད་མི་བདེ་ཞིང་རིམ་གྲོ་ལ་སོགས་པའི་ཕྱིར་བྱས་པ་གཟོ་བས་བརྩོན་པ་ལ་རབ་ཏུ་སྦྱོར
986	terminal-particle+maxcap	33		བཅོམ་ལྡན་འདས་རྣམས་ཀྱང་བདུད་ཀྱི་ལས་བསལ་བར་བྱ་བའི་ཕྱིར་བྱས་པ་གཟོ་བས་བརྩོན་པར་མཛད་ཅ
987	terminal-particle	34		ཡོན་ཏན་དང་སྐྱོན་བླང་བ་དང་དོར་བ་སྔོན་དུ་འགྲོ་བས་མཚན་ཉིད་ཤེས་པའི་སྒོ་ནས་ངེས་པར་བསྒ
988	terminal-particle+maxcap	40		དེ་ལ་རེ་ཞིག་མཚོན་པར་བྱེད་པ་གང་ཡིན་པ་བྱེད་པར་སྒྲུབ་པར་བྱེད་པ་ཡོངས་སུ་འཛིན་པའི་ཤེས
989	terminal-particle+terminal-particle(merged)	39		དེའི་ལས་སུ་སྒྲུབ་པར་བྱེད་པ་རྟེན་གྱི་མཚན་ཉིད་དང་བཞིར་འགྱུར་རོ། །དེ་ལ་རེ་ཞིག་ཤེས་པ
990	terminal-particle+maxcap	39		དེ་བཞིན་གཤེགས་པ་འབྱུང་བ་ཤེས་པ་ཞེས་བྱ་བ་ལ་སོགས་པ་རེ་ཞིག་བསྟན་པའི་ཕྱིར། གང་དག་ཅེས་
991	terminal-particle+maxcap	8		གང་ཡིན་པ་ནི་བཅོམ་ལྡན་འདས་སོ། །
992	terminal-particle	35		དེ་དག་ཤེས་རབ་ཀྱི་ཕ་རོལ་ཏུ་ཕྱིན་པ་ཡུམ་འདི་ལས་བྱུང་བར་རིམ་པ་ཇི་ལྟ་བ་བཞིན་དུ་སྦྱར་ཏ
993	terminal-particle+maxcap+terminal-particle+terminal-particle(merged)	37		མ་འོངས་པ་ན་བསྐྱེད་པར་འགྱུར་རོ། །སངས་རྒྱས་དེ་དག་གིས་ཡང་དག་པ་ཇི་ལྟ་བ་བཞིན་དུ་དེ་ཁོ
994	terminal-particle	21		འགྲོ་བའི་སྤྱོད་པ་ཐུགས་སུ་ཆུད་པས་སེམས་ཅན་གཞན་གྱིས་སེམས་ཀྱི་སྤྱོད་པ་ཡང་དག་པར་སྟོན་
995	objection-close	35		ཕྱིན་ཅི་མ་ལོག་པའི་ལམ་ལ་སྦྱོར་བའི་སྟོབས་དང་ལྡན་པ་དེས་དེ་བཞིན་གཤེགས་པ་རྣམས་བསྐྱེད་
996	terminal-particle	10		འཇིག་རྟེན་ཞེས་བྱ་བ་ལ་སོགས་པ་གསུངས་སོ། །
997	terminal-particle	32		འཇིག་རྟེན་གྱི་སེམས་ཅན་གྱི་ཁམས་གང་ཡིན་པ་སྒྱུ་མ་ལྟ་བུའི་དེ་བཞིན་ཉིད་དང་། གང་ཡང་དགྲ
998	terminal-particle+maxcap	28		རང་རྒྱལ་བའི་དེ་བཞིན་ཉིད་གང་ཡིན་པ་དང་། རྒྱལ་སྲས་རྣམས་ཀྱི་ཕྱིན་ཅི་ལོག་པའི་དེ་བཞིན་
999	terminal-particle+maxcap	38		རང་གི་ངོ་བོར་བྱེ་བྲག་མེད་པར་རྟོགས་པ་ནི་གཞན་མིན་ཏེ་དེ་བཞིན་ཉིད་དེ། ཤེས་རབ་ཀྱི་ཕ་ར
1000	terminal-particle+maxcap	26		གང་གི་ཕྱིར་དེ་བཞིན་གཤེགས་པས་ཆོས་ཀྱི་དབྱིངས་རྣམ་པར་གྲོལ་བ་ཉིད་དུ་འཇིག་རྟེན་མི་གཟི
1001	terminal-particle+maxcap	19		གཞན་དུ་ན་ཐམས་ཅད་མཁྱེན་པ་ཉིད་རྣམ་པར་གཞག་པར་མི་ནུས་པར་འགྱུར་བའི་ཕྱིར་རོ། །
1002	line-end	28		དེའི་རྗེས་སུ་ལམ་ཤེས་པའི་སྒོ་ནས་སྟོང་པ་ཉིད་ལ་སོགས་པའི་མཚན་ཉིད་བསྟན་པའི་ཕྱིར། མཁས་
1003	verse-stanza	16		གནས་པ་ནི་ད་ལྟར་བྱུང་བ་ཉིད་དོ། །↵འཇིག་རྟེན་མཁས་པ་ནི་མ་འོངས་པའོ། །
1004	terminal-particle	14		མྱ་ངན་ལས་འདས་ཀྱང་རུང་བ་ནི་འདས་པའི་བཅོམ་ལྡན་འདས་སོ། །
1005	terminal-particle	30		གང་གི་ཕྱིར་ཆོས་ཉིད་སྐྱོན་མེད་ཆོས་རྣམས་སྟོང་པ་འདི་གནས་ཏེ། ངེས་པར་ཆོས་ཉིད་ཀྱི་རང་བ
1006	terminal-particle+terminal-particle(merged)	28		ཕྱིན་ཅི་ལོག་གི་རང་བཞིན་ཡིན་པའི་ཕྱིར་གྲོལ་བར་མི་རིགས་སོ། །དེ་ལྟ་བས་ན་སྟོང་པ་ཉིད་ཀ
1007	terminal-particle+maxcap	31		སྟོང་པ་ཉིད་ལ་སོགས་པར་སྦྱོར་བའི་ཤེས་པའི་རང་བཞིན་བྱང་ཆུབ་སེམས་དཔའ་དེ་བཞིན་ཉིད་གཞན་
1008	terminal-particle	36		དེ་ལྟ་བས་ན་དེ་ཡང་ཐམས་ཅད་ཀྱི་དེ་བཞིན་ཉིད་དུ་ཐུགས་སུ་ཆུད་པས་དེ་བཞིན་གཤེགས་ཞེས་སངས་
1009	terminal-particle	36		གལ་ཏེ་དེ་ལྟར་སྟོང་པ་ཉིད་ལ་སོགས་པའི་ཡེ་ཤེས་ཡིན་ན། སེམས་ཅན་གྱི་དོན་ཇི་ལྟར་བྱེད་པ་བ
1010	terminal-particle+maxcap	41	STAGE2_REVIEW	དེ་ནི་ཐུན་མོང་མ་ཡིན་པའི་ཆོས་ཉིད་རྟོགས་པའི་སྤྱོད་ཡུལ་དུ་གྱུར་པས་སངས་རྒྱས་སུ་འཁྲུང
1011	terminal-particle+maxcap+terminal-particle(merged)	21		ཤིན་ཏུ་མཐོ་བའི་རི་ལ་བརྟེན་པར་རིག་པར་བྱའོ། །སྟོབས་བཅུ་རྣམ་འདྲེན་རྣམས་ཀྱི་སྤྱོད་ཡུ
1012	terminal-particle+maxcap	53	STAGE2_REVIEW	འདི་ལྟར་སྙིང་རྗེ་ཆེན་པོ་ལ་མངོན་དུ་ཕྱོགས་པར་གྱུར་པས་ཕྱིན་ཅི་ལོག་གི་སྐྱེ་བ་ལ་སོགས་
1013	terminal-particle+maxcap	23		སྟོང་པ་ཉིད་ཀྱི་ཡེ་ཤེས་ཕུན་སུམ་ཚོགས་པས་སེམས་ཅན་དུ་འདུ་ཤེས་པར་དེ་དག་ནམ་ཡང་མི་འགྱུར
1014	objection-close	23		དམིགས་པ་ལ་མངོན་པར་ཞེན་པ་མ་ཡིན་ནམ། སྟོང་པ་ཉིད་ཀྱི་ཆོས་བསྟན་པས་ཇི་ལྟར་འདུལ་བར་འགྱུ
1015	terminal-particle	32		དཔེར་ན་ཞེས་བྱ་བ་ལ་སོགས་པ་གསུངས་ཏེ། དཔེར་ན་སེང་གེ་རི་སུལ་ཕྱོགས་གཅིག་ལ་བརྟེན་ནས་འཇ
1016	terminal-particle+maxcap	37		ཞུམ་པ་མེད་པར་གནས་ནས་རི་དགས་ཕྲ་མོ་མང་སྐྲག་བྱེད་ཅིང་སྒྲ་སྒྲོགས་ལྟར། དེ་བཞིན་དུ་ཤེས
1017	terminal-particle+maxcap	58	STAGE2_REVIEW	མིའི་སེང་གེ་བྱང་ཆུབ་སེམས་དཔའ་ཚད་མས་གནོད་པ་མེད་པའི་སྟོང་པ་ཉིད་ལ་སོགས་པའི་ཆོས་བསྟན
1018	terminal-particle	38		དེའི་རྗེས་ལ་རྣམ་པ་ཐམས་ཅད་མཁྱེན་པའི་སྒོ་ནས་ཉིད་ཀྱི་ཆོས་ལ་བརྟེན་ནས་ཞུགས་པ་ལ་སོགས་པ
1019	terminal-particle+maxcap	36		དཔེར་ན་ནམ་མཁར་གནས་པའི་ཉི་མའི་འོད་ཟེར་ནི་ས་འདི་སྐེམས་པར་བྱེད་ཅིང་སྟེ། ཆུ་སྐམས་ནས་
1020	terminal-particle	44	STAGE2_REVIEW	དེ་བཞིན་དུ་སྦྱོར་བ་ལས་གོམས་པས་ཤེས་རབ་ཀྱི་ཕ་རོལ་ཏུ་ཕྱིན་པ་རང་གི་ཆོས་ཉིད་ལ་བརྟེན་ན
1021	terminal-particle+maxcap+objection-close(merged)	31		བཅོམ་ལྡན་འདས་ཀྱིས་འཛིན་པ་མ་ལུས་པའི་སྲེད་པའི་ཆུ་ཀླུང་སྐེམས་ཤིང་ཉིད་ཀྱིས་ངེས་པའི་ཆ
1022	terminal-particle	33		གཟུགས་ཞེས་བྱ་བ་ལ་སོགས་པ་གསུངས་ཏེ། ཕུང་པོ་ལྔར་ཆོས་ཐམས་ཅད་འདུས་པས་གཟུགས་ཀྱང་གང་འདི
1023	terminal-particle+maxcap	21		དེ་བཞིན་དུ་ཚོར་བ་དང་། སེམས་པ་གང་ཡིན་པ་དང་། གང་ལ་རྣམ་པར་ཤེས་པ་ཉིད་དང་།
1024	terminal-particle+maxcap	35		དགེ་བ་ལ་སོགས་པའི་ཆོས་ཀྱི་བག་ཆགས་སེམས་ལ་བསགས་པ་དེ་ཡིས་གང་ཡང་རྗེས་སུ་མཐོང་བ་མེད་དེ
1025	terminal-particle	31		དེ་ལྟར་ཤེས་རབ་ཀྱི་མིག་གིས་མཐོང་བ་འདི་ནི་ཆོས་མཐོང་ཡིན་ཞེས་དེ་བཞིན་གཤེགས་པས་བསྟན་པ
1026	terminal-particle+maxcap	32		དམུས་ལོང་ལ་སོགས་པ་ལྟར་སྤྱན་མ་ཚང་བ་དང་། བལྟ་ན་སྙམ་པའི་ཡིད་ལ་བྱེད་པས་མ་མཐོང་བ་ནི་ཡ
1027	terminal-particle+maxcap	15		དེ་ནི་འདི་ལྟར་འདུ་ཤེས་མེད་པའི་སྙོམས་པར་འཇུག་པ་ལས་ལངས་ནས།
1028	terminal-particle+maxcap	34		དངོས་པོ་དང་དངོས་པོ་མེད་པ་ལ་མངོན་པར་ཞེན་པའི་རྩ་བ་རྣལ་འབྱོར་པ་དེའི་ཉོན་མོངས་པ་དང་ཤ
1029	objection-close+terminal-particle(merged)	33		འདིར་ཅི་འདྲ་བ་མཐོང་བ་ཡིན་ཞེ་ན། ནམ་མཁའ་ཞེས་བྱ་བ་ལ་སོགས་པ་གསུངས་ཏེ། ཇི་ལྟར་ནམ་མཁའ་
1030	terminal-particle+maxcap	22		རྗེས་སུ་དཔག་པའི་ཡུལ་ལས་འདས་པས་མཐོང་བ་མེད་ཀྱང་སེམས་ཅན་ཀུན་རྫོབ་ཀྱི་ཐ་སྙད་དུ་ཡིན་ག
1031	terminal-particle+maxcap+terminal-particle(merged)	40		ཡང་དག་པ་དེ་ཁོ་ན་ཉིད་དུ་ནི་ནམ་མཁའ་མེད་པའི་ཕྱིར་གཅིག་ཏུ་གཟུགས་ཇི་ལྟར་མཐོང་སྟེ་མཐོང
1032	terminal-particle+terminal-particle(merged)	31		དེ་བས་ན་ནམ་མཁའ་ཞེས་བྱ་བ་ནི་ཐ་སྙད་དོ། །མཐོང་བ་མེད་པ་ཉིད་མཐོང་བ་ཡིན་ནོ་ཞེས་བྱ་བ་ལྷ
1033	terminal-particle	12		དེ་ལྟར་ཆོས་མཐོང་བ་ཡང་དེ་བཞིན་གཤེགས་པས་བསྟན་ཏོ། །
1034	terminal-particle	30		གང་གི་ཕྱིར་མཐོང་བ་མེད་པ་ནི་གཅིག་ཏུ་ངེས་པའི་རང་བཞིན་མཐོང་བར་མི་ནུས་ཏེ། དངོས་པོ་ཐམ
1035	line-end	23		ཡོན་ཏན་རིན་པོ་ཆེ་སྡུད་པ་ཚིགས་སུ་བཅད་པ་ལས་འཇིག་རྟེན་བསྟན་པའི་ལེའུ་སྟེ་བཅུ་གཉིས་པའ
1036	terminal-particle	27		ཤེས་པའི་རྣམ་པ་སྤྱིའི་རང་བཞིན་ཡོངས་སུ་ཤེས་པས་ཁྱད་པར་དུ་ཤེས་པར་བྱ་དགོས་པས། ཁྱད་པར་
1037	terminal-particle+maxcap	60	STAGE2_REVIEW	དེ་ཡང་ཉན་ཐོས་ལ་སོགས་པའི་ལམ་རྣམས་ཀྱི་ཁྱད་པར་གྱི་ལམ་གྱི་བདག་ཉིད་བསམ་གྱིས་མི་ཁྱབ་པ་
1038	terminal-particle+maxcap	22		མཐོང་བ་ཞེས་བྱ་བ་ལ་སོགས་པ་གསུངས་ཏེ། བྱང་ཆུབ་སེམས་དཔའ་གང་ཞིག་བསམ་གྱིས་མི་ཁྱབ་པ་དང་
1039	terminal-particle+maxcap	69	STAGE2_REVIEW	མི་མཉམ་པ་ཉིད་ལ་སོགས་པ་ཉིད་ཀྱི་རྣམ་པ་རྣམས་ཡིད་ལ་བྱེད་པས་ཡུམ་མཐོང་བ་ཡིན་པས་དེ་མཐོང
1040	terminal-particle+maxcap	11		རྒྱལ་པོ་བཏང་སྙོམས་འདུག་ཅིང་བློན་པོ་ཀུན་བྱེད་ལྟར། །
1041	terminal-particle+maxcap	36		དེ་བཞིན་དུ་ཇི་སྙེད་པ་དང་། སངས་རྒྱས་ཀྱི་སྒྲ་གང་ཡིན་པ་ཀུན་ལ་སྦྱར་ཏེ། ཡང་དག་པར་རྫོག
1042	terminal-particle+maxcap+line-end(merged)	39		དེ་བཞིན་དུ་ཉན་ཐོས་རྣམས་ཀྱི་བྱ་བ་ཇི་སྙེད་པ་དེ་དག་ཤེས་རབ་ཀྱི་ཕ་རོལ་ཏུ་ཕྱིན་པས་བྱེད
1043	verse-stanza	16		རྒྱལ་པོའི་གྲོང་ནི་ལུས་འཕགས་ལ་སོགས་པའོ། །↵ཡུལ་ནི་མ་ག་དྷཱ་ལ་སོགས་པའོ། །
1044	terminal-particle	26		འཁོར་ནི་རྒྱལ་པོའི་ཁབ་ལ་སོགས་པ་སྟེ། དེར་མི་འགྲོ་བར་རྒྱལ་པོ་དེའི་རང་བཞིན་ཡུལ་མིས་འ
1045	terminal-particle+maxcap	19		བསྐྱེལ་བ་ལྟར་དེ་བཞིན་དུ་བྱང་ཆུབ་སེམས་དཔའ་ཆོས་ཉིད་གང་དུ་ཡང་མི་འགྲོ་ལ་སྟེ།
1046	terminal-particle+maxcap	29		སྡུག་བསྔལ་ལ་ཆོས་ཤེས་པའི་བཟོད་པ་ལ་སོགས་པ་ཁྱད་པར་གྱི་ལམ་གྱི་རང་བཞིན་གྱི་སངས་རྒྱས་ཀ
1047	line-end	24		ཡོན་ཏན་རིན་པོ་ཆེ་སྡུད་པ་ཚིགས་སུ་བཅད་པ་ལས་བསམ་གྱིས་མི་ཁྱབ་པའི་ལེའུ་སྟེ་བཅུ་གསུམ་པ
1048	objection-close	16		ཡང་གང་གི་ཚེ་སངས་རྒྱས་ཀྱི་ཡོན་ཏན་ཁྱད་པར་ཅན་རྣམས་ཐོབ་ཅེ་ན།
1049	terminal-particle	33		གང་ལ་ཞེས་བྱ་བ་ལ་སོགས་པ་གསུངས་ཏེ། གང་གིས་སངས་རྒྱས་སུ་བྱེད་པའི་ཆོས་སངས་རྒྱས་ཞེས་བྱ
1050	terminal-particle+maxcap	34		མི་མཐུན་པའི་ཕྱོགས་ཀྱི་ཟིལ་གྱིས་མི་ནོན་པའི་བྱང་ཆུབ་སེམས་དཔའ་ལ་དད་པ་བརྟན་པོ་ཡོད་ན།
1051	terminal-particle+maxcap+terminal-particle(merged)	31		མཆོག་ནི་ཆེན་པོ་ཡིན་པའི་ཕྱིར་རོ། །ཡང་དག་པའི་སྦྱོར་བ་ལ་རྗེས་སུ་གནས་པ་ཡོད་ན། དེའི་ཚ
1052	terminal-particle+maxcap	40		ཉན་ཐོས་རང་རྒྱལ་ས་གཉིས་ཤིན་ཏུ་འདས་བྱས་ནས་བདུད་དང་མུ་སྟེགས་ལ་སོགས་པས་ཟིལ་གྱིས་མི་ག
1053	terminal-particle	21		དད་པ་དང་ཤེས་རབ་ཡུལ་ལ་དྲག་ཏུ་སྒྲུབ་པ་ནི་བྱ་བ་ཡིན་ནོ་ཞེས་བསྟན་པར་འགྱུར་རོ། །
1054	objection-close	22		ཆོས་ཐམས་ཅད་ཀྱི་སྔོན་དུ་དད་པ་འགྲོ་བ་མ་ཡིན་ནམ། ཇི་ལྟར་ཤེས་རབ་ཀྱི་བྱ་བ་ཡིན་ཞེ་ན།
1055	line-end	28		ལན་དུ་རྗེས་སུ་འགྲོ་བ་དང་ལྡོག་པའི་དཔེ་སྔོན་དུ་འགྲོ་བའི་སྒོ་ནས་བསྟན་པའི་ཕྱིར། དཔེར
1056	verse-stanza	29		དཔེར་ན་རྒྱ་མཚོར་འཇུག་པའི་གྲུ་ནི་ཆག་གྱུར་པ། །↵མི་གང་རོའམ་རྩྭའམ་ཤིང་ནི་མི་འཛིན་པ། 
1057	terminal-particle	21		ཡང་གང་ཞིག་རོ་ལ་སོགས་པ་ལ་འཛིན་པ་དེ་ནི་བདེ་བར་ཕ་རོལ་ཏུ་ཕྱིན་པར་འགྱུར་ཏེ།
1058	terminal-particle+maxcap	30		དེ་ཐང་ལ་གནས་པར་དེ་ལྟར་དད་ལྡན་དང་བ་ཙམ་ཐོབ་པ་གང་ཞིག་གིས་ནི་ཤེས་རབ་ཕ་རོལ་ཏུ་ཕྱིན་ཡུ
1059	terminal-particle+maxcap	32		དམིགས་པ་ལ་སོགས་པ་མ་སྤངས་པས་འདོད་ཆགས་ལ་སོགས་པའི་སྡུག་བསྔལ་བརྒལ་དཀའ་བའི་ཕྱིར་འཁོར་
1060	terminal-particle+maxcap+terminal-particle+terminal-particle+terminal-particle(merged)	30		དད་པ་ཙམ་གྱིས་ཕྱིན་ཅི་ལོག་མི་སྤོང་བའི་ཕྱིར་རོ། །སྐྱེ་བ་ནི་འབྱུང་བའོ། །རྒ་བ་ནི་རྙི
1061	terminal-particle+terminal-particle(merged)	35		བུ་དང་བུ་མོ་ལ་སོགས་པ་དང་བྲལ་བས་ཡིད་མི་བདེ་བ་ནི་མྱ་ངན་ནོ། །དེ་དག་ཉིད་རླབས་ཏེ་གང་ག
1062	quote-close	13		དེ་ལ་དེ་སྐད་ཅེས་བརྗོད་དེ། དེ་བས་ན་སྦྱོར་ཞེས་བྱ་བའོ། །
1063	terminal-particle	36		གང་ཞིག་དེ་ཡང་དད་པ་སྟོབས་སུ་གྱུར་པས་ཤེས་རབ་ཕ་རོལ་ཕྱིན་མཆོག་གིས་ཟིན་པ་སྟེ། དངོས་པོ
1064	terminal-particle	25		རྟེན་ཅིང་འབྲེལ་པར་འབྱུང་བའི་ཆོས་ཉིད་ཀྱི་སྟོབས་ཀྱིས་མྱ་ངན་ལས་འདས་པ་ཡང་མཐོང་བའི་ཕྱ
1065	terminal-particle	37		དེ་བས་ན་དད་པ་དང་ཤེས་རབ་ཀྱི་སྟོབས་ལ་སོགས་པས་རིམ་པ་ཇི་ལྟ་བ་བཞིན་དུ་བསོད་ནམས་དང་ཡེ་
1066	terminal-particle+maxcap+terminal-particle(merged)	39		རབ་ཏུ་དགའ་བ་ལ་སོགས་པའི་ས་རང་བཞིན་དེ་དག་དང་ལྡན་པ་ལ་དེ་སྐད་བརྗོད་དོ། །ཉན་ཐོས་ལ་སོག
1067	terminal-particle+maxcap	24		ཁྱད་པར་གྱི་མཚན་ཉིད་དོན་དུ་གཉེར་བས་གཉིས་པོ་རྒྱུན་མི་འཆད་པར་དམིགས་པར་བྱའོ་ཞེས་བསྟན
1068	line-end	21		དམིགས་པ་དང་དམིགས་པ་མེད་པའི་དཔེས་རིམ་པ་ཇི་ལྟ་བ་བཞིན་དུ་རེས་འགའ་བྱེད་པ་དང་།
1069	line-end+maxcap	40		རྒྱུན་མི་འཆད་པར་བྱེད་པ་མི་མཐུན་པའི་ཕྱོགས་དང་གཉེན་པོ་བསལ་བར་བྱ་བའི་ཕྱིར་དེ་གཉིས་ཉ
1070	line-end+maxcap+line-end+maxcap(merged)	36		དཔེར་ན་ཞེས་བྱ་བ་ལ་སོགས་པ་གསུངས་ཏེ། དཔེར་ན་ལ་ལས་རྫ་སོ་མ་བཏང་ཆུ་བསྐྱེད་ན། །ཉམ་ཆུང་
1071	verse-stanza	20		སོ་བཏང་བུམ་པར་ཆུ་བསྐྱེད་ལམ་དུ་འཇིག་པ་ཡི། །↵འཇིགས་པ་མེད་ཅིང་ཕྱི་མ་ལ་ཡང་སྦྱར་རོ། །
1072	terminal-particle	19		ཕྱིན་པར་གྱུར་པ་ནི་བར་ཆད་ཀྱི་གནོད་པ་མེད་པར་གྱུར་པས་ཁྱིམ་དུ་བདེ་བར་རོ། །
1073	terminal-particle	28		དེ་བཞིན་དུ་བྱང་ཆུབ་སེམས་དཔའ་དད་པ་མང་གྱུར་ཀྱང་། ཤེས་རབ་རྣམ་པར་ཉམས་ནས་གཉིས་སུ་ལྟུང
1074	terminal-particle	39		དད་པ་དེ་ཉིད་ཀྱིས་ཤེས་རབ་ཀྱི་དོན་ནི་ཆོས་རྣམ་པར་འབྱེད་པའི་མཚན་ཉིད་ཡོངས་སུ་ཟིན་གྱུར
1075	terminal-particle+maxcap	30		བུམ་པ་སོ་མ་བཏང་བ་དང་བཏང་བས་མི་ཐོབ་པ་དང་། ཐོབ་པའི་ཆོས་ཀྱི་རྟེན་མ་ཡིན་པ་དང་རྟེན་དུ
1076	objection-close	20		རྟེན་གཞན་ཡང་དད་པ་ལ་སོགས་པ་མ་ཡིན་ནམ། ཅིའི་ཕྱིར་དེ་གཉིས་ཁོ་ན་གཙོར་བསྟན་ཅེ་ན།
1077	terminal-particle	39		ལན་འདི་དཔེར་ན་ཞེས་བྱ་བ་ལ་སོགས་པ་གསུངས་ཏེ། དཔེར་ན་ཤིང་རྙིང་པ་དབྱུང་བ་ལ་སོགས་པའི་བ
1078	terminal-particle	30		ཡང་གྲུ་ལེགས་པར་བཅོས་ལེགས་པར་བྱས་པ་དང་། མཐུན་པའི་རླུང་དང་ལྡན་པར་བྱས་ན་མི་འཇིག་ནོར
1079	terminal-particle	30		དེ་ལྟར་བྱང་ཆུབ་སེམས་དཔའ་དད་པས་ཡོངས་བཟུང་ཡང་། །ཤེས་རབ་མེད་ན་བླ་ན་མེད་པའི་བྱང་ཆུབ་
1080	terminal-particle+terminal-particle(merged)	35		བྱང་ཆུབ་སེམས་དཔའ་དད་པ་དེ་ཉིད་ཡོངས་བསྒོམས་པས་ཤེས་རབ་ཕ་རོལ་ཕྱིན་པ་མཆོག་ལྡན་པ་ནི་བཟ
1081	terminal-particle+maxcap	33		མ་རྨས་མ་ཉམས་པར་དེ་ཡང་རང་གི་ཐེག་པ་ལ་ཡང་དག་པར་ཞུགས་པའི་ཕྱིར་དེ་བཞིན་ཉིད་རྒྱལ་བ་རྣམ
1082	terminal-particle+maxcap	16		གཉིས་པོ་ཁོ་ནས་གྲུབ་པས་མ་ཚང་བ་མེད་པ་ཡིན་པ་ཤེས་པར་བྱའོ། །
1083	terminal-particle	39		ཟག་ལྷན་བྱས་པ་དང་མ་བྱས་པའི་གྲུས་འགྲུབ་པ་དང་མི་འགྲུབ་པ་དང་། ཚང་བ་དང་མ་ཚང་བ་ཤེས་པར་
1084	terminal-particle+maxcap	9		ལོ་བརྒྱ་ཞེས་བྱ་བ་ལ་སོགས་གསུངས་ཏེ།
1085	terminal-particle+maxcap	44	STAGE2_REVIEW	དཔེར་ན་སྐྱེས་བུ་གང་ཞིག་རྒས་ཤིང་གཉེར་མ་དང་ལྡན་པས་འཁོགས་པ་ཟས་ལ་སོགས་པ་དང་མི་ལྡན་པས
1086	terminal-particle+maxcap	27		དེ་བཞིན་དུ་ཡང་རང་གིས་རྒྱང་གྲགས་ཕྱེད་དམ། རྒྱང་གྲགས་སུ་གྲོགས་མེད་པར་ནུས་པ་མེད་པའི་
1087	terminal-particle+maxcap	40		དེ་ནི་གཡས་གཡོན་གཉིས་ཀྱི་ལག་པ་གཉིས་མི་དག་གིས་བརྟེན་བྱས་པར་གྱུར་ན་དེའི་ཚེ་འགྱེལ་བའ
1088	terminal-particle+maxcap	29		དེ་བཞིན་བྱང་ཆུབ་སེམས་དཔའ་ཤེས་རབ་ལ་འདི་ལྟར་རྨོངས་པས་སྟོབས་ཆུང་བ་གང་གི་ཚེ་ཡང་དད་པ་
1089	terminal-particle+maxcap	30		འདི་ལྟར་ཡང་ཆོས་ཉིད་ཀྱིས་མ་བཟུང་ཞིང་བྲལ་ན་ཉན་ཐོས་ལ་སོགས་པའི་སར་ལྟུང་བའི་བར་ཐོབ་པས
1090	terminal-particle	38		དེ་ཉིད་ཐབས་དང་ཤེས་རབ་མཆོག་གིས་ཡོང་ཟིན་ན། །མི་ཉམས་ཏེ་དེ་བཞིན་གཤེགས་ཀྱི་སྟེ། ཁྱད་པ
1091	terminal-particle	26		དེས་ན་སྐྱེས་བུ་རྒས་པ་བརྟེན་པ་དང་མ་བརྟེན་པའི་དཔེས་ཤེས་རབ་དང་ཐབས་ལ་མཁས་པས་ཡོངས་སུ་
1092	terminal-particle+maxcap	32		མ་བཟུང་བ་དག་ཅི་རིགས་པར་འཁོར་བ་དང་མྱ་ངན་ལས་འདས་པར་ལྟུང་བ་དང་། མི་ལྟུང་བ་དག་བསལ་བར
1093	line-end	20		ཡོན་ཏན་རིན་པོ་ཆེ་སྡུད་པ་ཚིགས་སུ་བཅད་པ་ལས་དཔེའི་ལེའུ་སྟེ་བཅུ་བཞི་པའི་བཤད་པའོ།། །།
1094	terminal-particle	38		ཇི་སྐད་བསྟན་པའི་རིམ་པས་ཁྱད་པར་གྱི་ལམ་ཐོབ་ནས་དམིགས་པའི་རོ་མྱང་བ་མེད་པར་དགེ་བའི་བཤ
1095	terminal-particle+maxcap	39		བྱང་ཆུབ་སེམས་དཔའ་ཞེས་བྱ་བ་ལ་སོགས་པ་གསུངས་ཏེ། བྱང་ཆུབ་སེམས་དཔའ་དང་པོའི་ལས་ཅན་ནི་ཁ
1096	terminal-particle+terminal-particle(merged)	36		དགེ་བ་འདོད་པའི་ཕྱིར་ལྷག་པའི་བསམ་པའོ། །སངས་རྒྱས་བྱང་ཆུབ་མཆོག་ཞུགས་པ་བླ་མའི་སྐྱོན་
1097	terminal-particle+terminal-particle+objection-close(merged)	39		དགེ་བའི་བཤེས་གཉེན་ལ་དུས་ཐམས་ཅད་དུ་བསྙེན་བཀུར་ལ་སོགས་པ་བྱས་པ་ཡིན་པར་རིག་པར་བྱའོ། 
1098	terminal-particle	33		ལན་དུ་མཁས་པ་ཞེས་བྱ་བ་ལ་སོགས་པ་གསུངས་ཏེ། གང་གི་ཕྱིར་དགེ་བའི་བཤེས་གཉེན་དེ་རྣམས་ལས་
1099	terminal-particle	19		དེས་གདམས་ངག་དང་རྗེས་སུ་བསྟན་པས་སློབ་མ་དམིགས་པའི་རོ་མྱང་བ་མེད་པས་མཁས་པའོ། །
1100	terminal-particle	34		དགེ་བའི་བཤེས་གཉེན་དེ་དག་གིས་ཤེས་རབ་ཀྱི་ཕ་རོལ་ཏུ་ཕྱིན་པ་རྗེས་སུ་སྟོན། དེ་བས་ན་སངས
1101	terminal-particle	37		སྒྲིབ་པ་ཐམས་ཅད་སྤང་བའི་ཕྱིར་ཡོན་ཏན་གྱི་མཆོག་དགེ་བའི་བཤེས་གཉེན་ལ་བརྟེན་ཏོ་ཞེས་རྒྱ
1102	objection-close	15		དེ་དག་གི་གདམས་ངག་དང་རྗེས་སུ་བསྟན་པའི་འདྲ་བ་ཞིག་ཅེ་ན།
1103	terminal-particle	27		སྦྱིན་དང་ཞེས་བྱ་བ་ལ་སོགས་པ་གསུངས་ཏེ། སྦྱིན་པ་ལ་སོགས་པའི་ཆོས་ཐམས་ཅད་བསྡུས་པའི་རང་
1104	terminal-particle+maxcap	20		ཕ་རོལ་ཏུ་ཕྱིན་པ་དྲུག་པོ་རྣམས་ལས་བྱེད་པ་པོ་དང་བྱ་བ་མི་དམིགས་པས་ཡིན་ཏེ།
1105	terminal-particle+maxcap	32		རང་བཞིན་གཞན་དུ་འགྱུར་བའི་ཕྱིར་ས་དང་པོ་ལ་སོགས་པ་ལ་དམིགས་པའི་རོ་མྱང་བ་སྤངས་ནས་བྱང་
1106	objection-close	43	STAGE2_REVIEW	བྱང་ཆུབ་ཕུང་པོ་ནི་ཟག་པ་མེད་པའི་འབྲས་བུར་གྱུར་པ་ཚུལ་ཁྲིམས་ཀྱི་ཕུང་པོ་ལ་སོགས་པའི་ར
1107	terminal-particle	34		དང་པོའི་ལས་ཅན་དེ་དག་ལ་རིག་པས་ངེས་པར་སྒྱུ་མ་ལྟ་བུར་རྟོགས་པའི་ཕྱིར་དང་པོ་རབ་ཏུ་སྦྱ
1108	terminal-particle+terminal-particle(merged)	28		གཞན་དུ་ན་དད་པ་ཙམ་ཡང་མེད་པར་འགྱུར་རོ། །རང་དང་གཞན་གྱི་དོན་ཕུན་སུམ་ཚོགས་པ་ཤེས་པ་ཁྱད
1109	terminal-particle+maxcap	36		མཇུག་ཐོགས་སུ་གཞན་གྱི་དོན་ཕུན་སུམ་ཚོགས་པ་ལ་སྦྱོར་བ་རྣམས་ཀྱི་ཕན་པ་ལ་སོགས་པ་བྱེད་པའ
1110	terminal-particle+maxcap	37		དེ་ལྟར་ཤེས་པའི་མཚན་ཉིད་ཡོངས་སུ་ཤེས་ནས་སྦྱོར་བ་རྣམས་བསྒོམས་པའི་སྟོབས་ཀྱིས་བྱང་ཆུབ
1111	terminal-particle+terminal-particle(merged)	25		ཡོན་ཏན་གྱི་ཚོགས་རྟོགས་པར་དཀའ་བའི་ཕྱིར་རྒྱ་མཚོའོ། །ད་ལྟར་བྱུང་བའི་བདེ་བ་ཐོབ་པས་དག
1112	terminal-particle	28		ཡང་དག་པར་སྨིན་པར་མི་འགྱུར་བའི་ཆོས་ཉིད་ལ་འཇོག་པར་བྱེད་པའི་ཕྱིར་དོན་བྱེད་པས་ན་སེམས
1113	terminal-particle+terminal-particle(merged)	32		དེ་བཞིན་དུ་ཤིན་ཏུ་ཕན་པ་ཀུན་ནས་འབྱུང་བའི་རྟེན་ཡིན་པའི་ཕྱིར་དཔུང་གཉེན་ནོ། །སྡུག་བས
1114	terminal-particle	27		འཁོར་བ་དང་མྱ་ངན་ལས་འདས་པ་མཉམ་པར་རྟོགས་པར་ཁྱད་པར་དུ་འགྲོ་བས་སངས་རྒྱས་ཀྱི་རྒྱུ་ཡིན
1115	terminal-particle	29		ཆུ་སྤངས་ནས་དམ་པའི་ཆོས་ཀྱི་སྐམ་ས་མཐའ་གཉིས་སྤངས་པ་བདག་དང་གཞན་གྱི་དོན་ཐོབ་པའི་རྟེན་
1116	terminal-particle+maxcap+terminal-particle(merged)	39		སྣ་འདྲེན་པར་གྱུར་པས་གཞན་གྱི་དོན་རབ་ཏུ་བསྐྱེད་པའི་ཕྱིར་ཡོངས་སུ་འདྲེན་པའོ། །སེམས་ཅ
1117	terminal-particle	29		ཐེག་པ་ཐམས་ཅད་ཀྱི་ངེས་པར་འབྱུང་བ་ཡང་མངོན་སུམ་དུ་མི་བྱེད་ཅིང་བྱང་ཆུབ་ཀྱི་ལམ་གསལ་བར
1118	terminal-particle+terminal-particle(merged)	39		ཆོས་ཐམས་ཅད་ཀྱི་དེ་ཁོ་ན་ཉིད་གཏམ་གྱི་གཞི་དང་སྒོ་ཡིན་པའི་ཕྱིར་ཆོས་མཆོག་སྨྲ་བའོ། །དེ
1119	terminal-particle	51	STAGE2_REVIEW	བདག་དང་གཞན་གྱི་དོན་ཕུན་སུམ་ཚོགས་པར་བྱེད་པ་ནི་བྱ་བ་ཡིན་པས་གང་གིས་དེ་ལྟ་བུའི་རང་བཞ
1120	terminal-particle+maxcap	25		གྲགས་ཆེན་ཞེས་བྱ་བ་ལ་སོགས་པ་གསུངས་ཏེ། བདག་ཉིད་ཆེ་བ་ཐོབ་པའི་ཕྱིར་གྲགས་ཆེན་ལྡན་པ་ནི
1121	terminal-particle+terminal-particle+terminal-particle(merged)	35		སྡུག་བསྔལ་དང་དུ་ལེན་པའི་ཕྱིར་བྱ་དགའ་བ་ལ་རབ་ཏུ་སྦྱོར་བའི་རང་བཞིན་ཅན་ནོ། །འབད་པས་བ
1122	terminal-particle	26		མི་མཐུན་པའི་ཕྱོགས་དམིགས་པ་མེད་པས་ཕུང་པོ་ལྔ་དང་། སྐྱེ་མཆེད་བཅུ་གཉིས་དང་། ཁམས་བཅོ་
1123	terminal-particle+maxcap	21		གཉེན་པོར་མངོན་པར་ཞེན་པ་དང་བྲལ་བས་ཉན་ཐོས་ལ་སོགས་པ་ཐེག་པ་གསུམ་འདུ་ཤེས་བྲལ་ལོ། །
1124	terminal-particle	29		ཡང་དེ་ལྟ་བས་ན་དོར་བར་བྱ་བ་དང་བླང་བར་བྱ་བའི་ཆོས་ཡོངས་སུ་འཛིན་པ་དང་བྲལ་བའི་ཕྱིར་ཡོ
1125	terminal-particle	16		རང་གི་དོན་ཕུན་སུམ་ཚོགས་པ་ལས་ལྡོག་པ་མེད་པའི་ཕྱིར་མི་ལྡོག་པའོ། །
1126	terminal-particle	39		གཞན་གྱི་དོན་ཕུན་སུམ་ཚོགས་པ་ལས་མི་གཡོ་བའི་ཕྱིར་གཡོ་བ་མེད་ཅིང་ངོ་། །གཉི་གའི་དོན་ཕུ
1127	objection-close+terminal-particle(merged)	26		རང་བཞིན་ཇི་ལྟ་བུ་ལ་སྦྱོར་ཞེ་ན། དེ་དག་ཅེས་བྱ་བ་ལ་སོགས་པ་གསུངས་ཏེ། དེ་དག་འདི་འདྲ་ན
1128	terminal-particle+terminal-particle(merged)	36		སྦྱོར་བ་བསྒོམས་པའི་སྟོབས་ཀྱིས་ཉོན་མོངས་པ་ལ་སོགས་པ་སྤངས་པའི་རང་གི་མཚན་ཉིད་ནི་ཆོས་
1129	line-end	6		ཐེ་ཚོམ་དང་།བརྫུན་དང་།
1130	verse-stanza	29		ཕྱིན་ཅི་ལོག་སྤངས་པས་ཐེ་ཚོམ་ཡིད་གཉིས་བྲལ་ལོ། །↵ཡང་དག་པའི་ཤེས་པ་ལྡན་པའི་ཕྱིར་དོན་ལ
1131	terminal-particle+terminal-particle(merged)	33		རྟོགས་པ་ཐོབ་པ་ནས་མི་ནུར་བའོ། །དེ་ཉིད་ཀྱི་ཕྱིར་གཞན་གྱི་དྲིང་མི་འཇོག་ཅིང་རང་གི་ས་ལ
1132	terminal-particle	36		དེ་ལྟ་བུར་གྱུར་པ་ནི་བདེ་བར་གཤེགས་པའི་གནས་པར་གྱུར་པ་སྤངས་ནས་རྣམ་པ་ཐམས་ཅད་ཀྱི་རང་བ
1133	terminal-particle+maxcap	10		འདྲེན་པ་ཞེས་བྱ་བ་ལ་སོགས་པ་གསུངས་ཏེ།
1134	terminal-particle+maxcap	34		ཆོས་འདི་དག་གི་རང་བཞིན་སྒྱུ་མ་ལྟ་བུ་ཡིན་པའི་ཕྱིར་ཟབ་སྟེ་རྟོགས་པར་དཀའ་བ་ཉིད་ཀྱིས་མ
1135	terminal-particle	33		གཞན་སུས་ཀྱང་སྟེ་ཉན་ཐོས་ལ་སོགས་པས་རྣམ་པ་ཐམས་ཅད་རྟོགས་པ་མེད་པས་ཅུང་ཟད་ཐོབ་པ་ཡང་མེད
1136	terminal-particle	43	STAGE2_REVIEW	དེའི་ཕྱིར་འདི་ལྟར་སེམས་ཅན་གྱི་དོན་གཙོར་མཛད་པས་དེ་བཞིན་གཤེགས་པ་ཉིད་ཞར་ལ་བརྙེས་པས་
1137	terminal-particle+terminal-particle(merged)	36		སྦྱོར་བའི་ངོ་བོ་རང་གི་མཚན་ཉིད་ལས་མ་གཏོགས་པའི་གྲོལ་བ་མི་རིགས་པའི་ཕྱིར་རོ། །སེམས་ཅ
1138	terminal-particle+maxcap	32		འོན་ཀྱང་འདི་དག་ནི་དམིགས་པ་ལ་མངོན་པར་ཞེན་པའི་ཕྱིར་རོ་སྙམ་དུ་སེམས་ཅན་གྱི་དོན་ལ་ཉེ་
1139	terminal-particle+maxcap	28		དེ་བས་ན་ཆོས་བསྟན་པའི་ཐུགས་མ་འཁྲུངས་པ་དེ་ལྟ་བུ་ཡང་ཚངས་པས་ཆོས་ཀྱི་འཁོར་ལོ་བསྐོར་བར
1140	objection-close	15		དེ་ལྟ་མོད་ཀྱི་སེམས་ཅན་གྱི་ཆོས་ཇི་ལྟ་བུ་དང་ལྡན་ཞེ་ན།
1141	line-end	40		སེམས་ཅན་རྣམས་ནི་ཞེས་བྱ་བ་ལ་སོགས་པ་གསུངས་ཏེ། གང་གི་ཚེ་ཡང་སེམས་ཅན་རྣམས་འདོད་ཆགས་ལ་
1142	line-end+maxcap	25		ཡུལ་རྣམས་འདོད་པ་ནི་དེ་ལ་ཡོན་ཏན་དུ་ལྟ་བའི་ཕྱིར་ཡིད་ལ་བྱེད་པ་མི་སྤོང་བས་འཛིན་པ་ལ་ག
1143	verse-stanza	20		མི་ཤེས་པ་དང་ལྡན་པས་ན་མི་མཁས་པའོ། །↵ཐེ་ཚོམ་གྱི་ཤེས་པ་ཡོད་པས་ན་བླུན་རྨོངས་པའོ། །
1144	terminal-particle	12		ལོག་པའི་ཤེས་པ་དང་ལྡན་པའི་ཕྱིར་མུན་པ་བཞིན་ནོ། །
1145	terminal-particle	37		འདི་ལྟར་ཡང་ངོ་བོ་ཉིད་ཀྱི་ཆོས་རྟོགས་པ་ནི་འདོད་ཆགས་ལ་སོགས་པའི་གཉེན་པོ་ཡིན་པའི་ཕྱིར
1146	terminal-particle+maxcap	13		དེ་ཐོབ་པར་བྱ་བའི་ཕྱིར་སངས་རྒྱས་ལ་སོགས་པ་དང་།
1147	terminal-particle+maxcap	35		འཇིག་རྟེན་པ་དག་ཅིག་འདི་ལས་བཟློག་པ་མཚན་ཉིད་མི་མཐུན་པ་ཚད་མས་གནོད་པ་མེད་པའི་ཕུང་པོ་
1148	terminal-particle+maxcap+line-end(merged)	35		རྒྱལ་པོའི་བཙུན་མོ་ཡིད་དུ་འོང་བ་ཤི་བ་བརྡ་སྤྲོད་པའི་ཚུལ་གྱིས་སོ། །ཡོན་ཏན་རིན་པོ་ཆེ
1149	objection-close	28		འདི་ལྟར་གང་གི་ཚེ་སེམས་ཅན་ཐ་དད་པར་ཤེས་པས་ཐ་དད་པར་རྟོགས་པའི་ཕྱིར་སྤྱོད་པའི་རང་བཞིན
1150	terminal-particle	34		ནམ་མཁའི་ཞེས་བྱ་བ་ལ་སོགས་པ་གསུངས་ཏེ། དཔེར་ན་ནམ་མཁའི་ཁམས་ནི་ཤར་གྱི་ཕྱོགས་དང་། དེ་བ
1151	terminal-particle+maxcap	21		སྟེང་དང་འོག་དང་མཚམས་བཞི་དང་བཅུའི་རང་བཞིན་དང་། མཐར་ཐུག་པའི་མཐར་བྱེད་པས་ན་མཐའ་ཡས་པ
1152	terminal-particle	29		དེ་བཞིན་དུ་ཕྱོགས་བཅུ་རྣམས་ན་ཡང་ནམ་མཁའ་ཡོད་པ་དེའི་སྤྱིའི་མཚན་ཉིད་དང་བྲལ་བའི་ཕྱིར་
1153	terminal-particle+maxcap	16		རང་གི་མཚན་ཉིད་དང་བྲལ་བ་ས་ཡང་བྱེ་བྲག་ཏུ་གྱུར་པ་མེད་དོ། །
1154	terminal-particle	31		འཇིག་རྟེན་པ་ལ་གྲགས་པའི་དཔེས་བསྟན་ནས། འཇིག་རྟེན་ལས་འདས་པའི་དཔེས་ཤེས་པར་བྱ་བའི་ཕྱི
1155	terminal-particle+maxcap	39		འདས་པའི་དངོས་པོའི་དེ་བཞིན་ཉིད་གང་ཡིན་པ་དང་། མ་འོངས་པ་སྟེ། མ་ཐོབ་པའི་དེ་བཞིན་ཉིད་
1156	terminal-particle+maxcap	38		ཟག་པ་ཟད་པའི་དེ་བཞིན་ཉིད་གང་ཡིན་པ་དང་། དེ་དག་ལས་བཟློག་པའི་ཆོས་ཀུན་གྱི་དེ་བཞིན་ཉིད
1157	terminal-particle+maxcap	36		བསྟན་མ་ཐག་པའི་ཆོས་ཐམས་ཅད་ཀྱི་བདག་ཉིད་རྣམ་པར་གྲོལ་བ་ཐ་དད་པ་མེད་དེ། བྱེ་བྲག་ཏུ་གྲུ
1158	terminal-particle	21		དེ་བཞིན་དུ་སྦྱོར་བའི་རང་བཞིན་མངོན་སུམ་དུ་བྱས་པ་མང་ཡང་གཅིག་ཁོ་ན་ཡིན་པར་དགོངས་སོ། 
1159	terminal-particle	36		ཇི་སྐད་བསྟན་པའི་མཚན་ཉིད་ཡོངས་སུ་ཤེས་པ་ནི་ཐར་པའི་ཆ་དང་མཐུན་པའི་དགེ་བའི་རྩ་བ་དང་ལྡ
1160	terminal-particle+maxcap	10		བདེ་གཤེགས་ཞེས་བྱ་བ་ལ་སོགས་པ་གསུངས་ཏེ།
1161	terminal-particle+maxcap	86	STAGE2_REVIEW	བྱང་ཆུབ་སེམས་དཔའ་གང་ཞིག་རང་གི་མཚན་ཉིད་ཡོངས་སུ་ཤེས་པ་ལས་མངོན་སུམ་དུ་ཐོབ་པར་འདོད་པ
1162	terminal-particle	22		དངོས་པོ་མ་ལུས་པའི་རྣམ་པ་ཐམས་ཅད་ཡོངས་སུ་ཤེས་པ་ནི་ཤེས་རབ་ཕ་རོལ་ཕྱིན་ལ་སྦྱོར་རོ། །
1163	terminal-particle	32		གང་གི་ཕྱིར་ཤེས་རབ་མེད་པ་ནི་ཉེ་བར་མཚོན་པ་སྟེ། དད་པ་རབ་ལ་སོགས་པ་མེད་པ་ན་ཡང་མིའི་འད
1164	objection-close+terminal-particle(merged)	40		སངས་རྒྱས་ཐོབ་པར་བྱེད་པ་གཞན་ཡང་ཡོད་པ་མ་ཡིན་ནམ། ཅིའི་ཕྱིར་ཐབས་དང་ཤེས་རབ་ཁོ་ན་བསྟན་
1165	terminal-particle+maxcap	24		དཔེར་ན་བྱ་ཞིག་དཔག་ཚད་བརྒྱ་ལ་སོགས་པའི་ལུས་ཆེ་བ་ནི་དཔག་ཚད་བརྒྱ་རྩ་ལྔ་བཅུ་ཐོབ་པར་གྱ
1166	terminal-particle+terminal-particle(merged)	38		འདབ་གཤོག་མ་སྐྱེས་ཤིང་ཉམ་ཆུང་བ་ནི་འདབ་གཤོག་ཟད་དེ་ཉམས་རྩལ་ཡོད་མིན་ནའོ། །དེ་ཡིས་སུམ
1167	terminal-particle+maxcap	22		གང་གི་ཚེ་བདག་ཉིད་མཆོངས་ནས་ལྷུང་བ་དེའི་ཚེ་དེའི་འདབ་གཤོག་མ་ཚང་བས་ཉམས་ཉེས་འགྱུར་བ་ཡ
1168	terminal-particle+maxcap	50	STAGE2_REVIEW	དེ་བཞིན་དུ་གང་གི་ཚེ་ཡང་སྦྱིན་པ་ལ་སོགས་པ་ཕ་རོལ་ཏུ་ཕྱིན་པ་ལྔ་པོ་འདི་རྒྱལ་བ་རྣམས་ཀྱ
1169	terminal-particle+terminal-particle+terminal-particle(merged)	34		ཤིན་ཏུ་རྒྱ་ཆེ་བའི་ཆོས་ལ་དམིགས་པའི་ཕྱིར་རྒྱ་ཆེན་ནོ། །གོམས་པར་བྱས་པས་ན་རྟག་རྟེན་ནོ
1170	terminal-particle+terminal-particle(merged)	38		ཇི་སྐད་བསྟན་པའི་ཤེས་རབ་སྤངས་པས་ཤེས་རབ་བྲལ་ལོ། །གཤོག་པ་གཉིས་པོ་དེ་མ་ཚང་བས་ཉན་ཐོས་
1171	terminal-particle	17		དེའི་ཕྱིར་ཤེས་རབ་དང་ཐབས་གཉིས་ཁོ་ན་གཙོ་བོ་ཡིན་པར་གསལ་བར་མཛད་དོ། །
1172	terminal-particle	34		ཐར་པའི་ཆ་དང་མཐུན་པ་ཐོབ་ནས་བརྩོན་པ་གང་ཡིན་པ་ལ་ངེས་པར་འབྱེད་པའི་ཆ་དང་མཐུན་པ་སྐྱེ་བ
1173	terminal-particle+maxcap	20		སངས་རྒྱས་ཞེས་བྱ་བ་ལ་སོགས་པ་གསུངས་ཏེ། དྲོ་བ་ལ་སོགས་པ་ནི་ངེས་པར་འབྱུང་ངོ་། །
1174	terminal-particle+maxcap	36		ཡང་བྱང་ཆུབ་སེམས་དཔའ་གང་ཞིག་ཡང་དག་པར་སངས་རྒྱས་ཀྱི་ཡེ་ཤེས་འདོད་པ་དེས་ཐོག་མར་དྲོ་བ་
1175	line-end	16		འདིར་འགྲོ་བ་ཐམས་ཅད་ལ་དམིགས་པའི་རང་བཞིན་ཡིན་པས་ཕ་རོལ་གནོན་པའོ། །
1176	verse-stanza	27		ཕར་འདུ་ཤེས་པའི་ཕྱིར་ཕར་འདུ་ཤེས་པའོ། །↵མར་འདུ་ཤེས་པའི་ཕྱིར་མར་འདུ་ཤེས་པའོ། །↵མ་འོ
1177	terminal-particle+terminal-particle(merged)	33		ད་ལྟར་བྱུང་བའི་དོན་ལ་ཡིད་མངོན་དུ་ཕྱོགས་པའི་ཕྱིར་བྱམས་པའི་སེམས་ཀྱི་ཕ་རོལ་གནོན་པའོ
1178	terminal-particle	23		སྤུན་དང་སྲིང་མོ་ལ་སོགས་པར་འདུ་ཤེས་པའི་ཕྱིར་དྲང་བས་ཕ་རོལ་གནོན་པའོ་ཞེས་སྔ་མ་དང་འབྲ
1179	terminal-particle	32		རྩེ་མོ་ལ་སོགས་པ་ཐོབ་པར་བྱ་བའི་ཕྱིར་བདག་ཉིད་སྒྲུབ་ཅིང་གཞན་དག་ཀྱང་དགེ་བ་ལ་སྦྱོར་ཞི
1180	terminal-particle	23		འདིར་ཁྱད་པར་གྱི་རང་བཞིན་མ་ཡིན་ནམ། ངེས་པར་འབྱེད་པའི་ཆ་ལ་སོགས་པ་བསྟན་པར་ཇི་ལྟར་རིག
1181	terminal-particle+maxcap	94	STAGE2_REVIEW	ས་བརྒྱད་པ་ལ་མཚན་མ་མེད་པར་ལྷུན་གྱིས་གྲུབ་པ་ཐོབ་པས་རེ་ཞིག་གི་དུས་སུ་སེམས་ཅན་གྱི་དོ
1182	terminal-particle+line-end(merged)	40		ཕྱི་མ་རྣམས་ལ་ཡང་ཇི་ལྟར་སྲིད་པ་བཞིན་རིགས་པར་བྱའོ་ཞེས་བྱ་བར་དགོངས་སོ། །ཡོན་ཏན་རིན་
1183	terminal-particle	24		ཕྱིར་མི་ལྡོག་པ་བྱང་ཆུབ་སེམས་དཔའི་དགེ་འདུན་ཇི་སྐད་བསྟན་པའི་ངེས་པར་འབྱེད་པའི་ཆ་ལ་ས
1184	terminal-particle+maxcap+terminal-particle(merged)	37		མཐོང་བའི་ལམ་ལ་སོགས་པ་ལ་གནས་པ་ནི་ཕྱིར་མི་ལྡོག་པའི་བྱང་ཆུབ་སེམས་དཔའི་དགེ་འདུན་ཡིན་
1185	terminal-particle+terminal-particle(merged)	38		དེ་བཞིན་དུ་མཐོང་བའི་ལམ་ལ་གནས་པ་དེ་ནི་ཆོས་ཤེས་པའི་བཟོད་པ་ལ་སོགས་པའོ། །རྒྱུན་གཞན་ན
1186	terminal-particle	32		དེ་ལ་ཕྱིར་མི་ལྡོག་པའི་སྤྱིའི་མཚན་ཉིད་ཞུས་པ་ནི་འཇིག་རྟེན་ཞེས་བྱ་བ་ལ་སོགས་པ་གསུངས་
1187	terminal-particle+maxcap	27		ཅི་བདག་དང་གཞན་གྱི་ཐེ་ཚོམ་བསལ་ནས་མ་འཁྲུལ་པར་གྲུབ་པའི་རྒྱུ་མཚན་ཉོན་མོངས་པ་མེད་པའི་
1188	terminal-particle	24		དེ་ནི་འདིར་ཉེ་བར་མཚོན་པ་ཡིན་ཏེ། རྣམ་པ་ནི་གཉེན་པོ་ཡིན་པར་གཟུང་ངོ་། །མཚན་མ་ནི་དགོས
1189	terminal-particle	18		ཡོན་ཏན་དཔག་ཏུ་མེད་པའི་རང་བཞིན་གྱི་སྐུ་མངའ་བའི་ཕྱིར་ཡོན་ཏན་ཕྱོགས་ཙམ་མོ། །
1190	terminal-particle	28		དུས་གཅིག་ལ་བཅོམ་ལྡན་འདས་ཁྱོད་ཀྱིས་བསྟན་དུ་གསོལ། བདག་དང་གཞན་གྱི་དོན་ཕུན་སུམ་ཚོགས་
1191	quote-close	16		བྱང་ཆུབ་སེམས་དཔའ་རྟགས་ལ་སོགས་པ་དང་ཇི་ལྟར་ལྡན་པར་འགྱུར་ཞེས་སོ། །
1192	terminal-particle+terminal-particle(merged)	30		རྒྱལ་བའི་སྲས་རྣམས་བླ་ན་མེད་པའི་བྱང་ཆུབ་ལས་ལྡོག་པ་མེད་པར་འགྱུར་བ་ནི་སླར་ལྡོག་པར་མ
1193	terminal-particle	23		གཉེན་པོའི་མི་མཐུན་པའི་ཕྱོགས་ཡིན་པའི་ཕྱིར་གཟུགས་ལ་སོགས་པ་རྣམས་ལས་ལོག་པ་ནི་ཡོན་ཏན་
1194	quote-close	17		གསལ་བར་རྟོགས་པའི་ཆེད་དུ་ཀྱེ་བཅོམ་ལྡན་འདས་ཀྱིས་ལུང་བསྟན་དུ་གསོལ་ཞེས་པའོ། །
1195	terminal-particle	33		དེ་ལ་རེ་ཞིག་ངེས་པར་འབྱེད་པའི་ཆ་ལ་གནས་པའི་ཕྱིར་མི་ལྡོག་པའི་མཚན་ཉིད་བསྟན་པར་བཞེད་ན
1196	terminal-particle+maxcap	17		གཟུགས་ལ་སོགས་པར་འཛིན་པ་ལས་ལོག་པའི་ཕྱིར་སྣ་ཚོགས་སུ་འདུ་ཤེས་བྲལ་ལོ། །
1197	terminal-particle	25		སྒྱུ་མ་ལྟ་བུར་དོན་གསལ་བའི་ཕྱིར་དོན་དང་ལྡན་པའི་ངག་བྱུང་བས་ཐེ་ཚོམ་སེལ་བས་ན། ཅི་རིག
1198	terminal-particle	34		བྱང་ཆུབ་སེམས་དཔའ་དེ་དགེ་སྦྱོང་སྐྱེ་བོ་ལ་སོགས་པ་དགེ་སྦྱོང་དང་བྲམ་ཟེ་ལ་སྐྱབས་སུ་འག
1199	terminal-particle+line-end(merged)	37		ལོག་པར་ལྟ་བ་ལ་སོགས་པ་སྤངས་ཏེ་དོར་བར་བྱ་བ་དང་། བླང་བར་བྱ་བའི་དེ་ཁོ་ན་ཉིད་ཡོངས་སུ་
1200	verse-stanza	12		མི་ཁོམ་པ་བརྒྱད་སྤངས་ཏེའོ། །↵རྟག་ཏུ་ནི་འཇིག་རྟེན་འདིར་རོ། །
1201	terminal-particle	37		དེ་དག་བདག་དང་གཞན་གཉི་ག་གཅིག་ཏུ་སྲོག་གཅོད་པ་སྤོང་བ་ལ་སོགས་པ་བཅུ་པོ་རྣམས་ལ་འགོད་ཅི
1202	terminal-particle	29		སེམས་ཅན་ཐམས་ཅད་ཀྱི་ཡུལ་ལ་སྦྱིན་པ་ལ་སོགས་པ་ཡོངས་སུ་བསྔོ་ཞིང་འབྲས་བུ་ལ་སོགས་པ་ལ་ལྟ
1203	terminal-particle+maxcap+terminal-particle(merged)	37		ཟང་ཟིང་མེད་པར་འགྲོ་བ་ལ་ཆོས་ཀྱི་སྦྱིན་པ་རྗེས་སུ་སྟོན་ཏོ། །ཡང་ཆོས་ཟབ་མོ་ལ་ཐེ་ཚོམ་མ
1204	terminal-particle+maxcap	20		བྱམས་པའི་ལུས་དང་ངག་དང་ཡིད་ཀྱི་ལས་དང་ལྡན་པས་སྙན་པར་སྨྲ་བས་ཚིག་འཇམ་ལྡན་ནོ། །
1205	terminal-particle	29		འགྲོ་འཆག་ཉལ་དང་འདུག་པར་ཤེས་བཞིན་རབ་ཏུ་ལྡན་ཏེ། རབ་ནི་ཡང་དག་པ་སྟེ། དེ་ནི་གསལ་བའི་ར
1206	terminal-particle+terminal-particle(merged)	33		ཤེས་བཞིན་གྱི་སྲོག་ཆགས་ལ་སོགས་པ་མཐོང་ནས་གསལ་བའི་ཕྱིར། གཉའ་ཤིང་གང་ཙམ་ལྟ་ཞིང་འགྲོ་བ
1207	terminal-particle	11		མི་དགེ་བ་བཅུའི་ལས་སྤངས་པས་ན་གཙང་བྱས་སོ། །
1208	terminal-particle	38		སྣ་ཚོགས་པའི་གོས་བཟང་པོ་འབྱོར་པས་ན་གཙང་མའི་གོས་འཆང་ངོ་། །མཚན་ལ་སོགས་པས་བརྒྱན་པའི་
1209	terminal-particle+terminal-particle(merged)	31		སེར་སྣ་ལ་སོགས་པའི་སེམས་མི་བསྐྱེད་པས་ན་རྙེད་འདོད་མ་ཡིན་པའོ། །ཐམས་ཅད་དུ་ཆོས་ཉིད་དང
1210	terminal-particle+terminal-particle(merged)	37		འགྲོ་བ་ལ་རྗེས་སུ་བརྩེ་བའི་ཕྱིར་དམྱལ་བ་ལ་སོགས་པར་སྐྱེ་བར་འདོད་པས་ན་རྟག་ཏུ་ཆོས་འདོ
1211	terminal-particle	32		བདུད་བཅོམ་པའི་གཟུགས་ངེས་པར་ཤེས་པས་ན་གཞན་གྱི་དྲིང་མི་འཇོག་པ་དང་། སངས་རྒྱས་ཀྱི་སྣང
1212	terminal-particle	56	STAGE2_REVIEW	ངེས་པར་འབྱེད་པའི་ཆ་ལ་གནས་པའི་ཕྱིར་མི་ལྡོག་པའི་མཚན་ཉིད་ཀྱི་རྗེས་ལ་ཆོས་ཉིད་གོམས་པར
1213	terminal-particle+maxcap	26		གྲགས་པ་ཞེས་བྱ་བ་ལ་སོགས་པ་གསུངས་ཏེ། གཟུགས་ལ་སོགས་པའི་འདུ་ཤེས་ལས་ལོག་པས་ན་གྲགས་པ་འ
1214	terminal-particle	22		ཐེག་པ་ཆེན་པོ་ལ་ཞུགས་པ་ཉིད་ཀྱིས་ཉེས་པ་ཐམས་ཅད་མེད་པའི་ཕྱིར་ཁྲོ་བས་སེམས་དཀྲུགས་མེད་
1215	terminal-particle	33		བདག་མེད་པ་རྟོགས་པ་དང་སེམས་ཅན་གྱི་དོན་ལ་ཐབས་ལ་མཁས་པའི་སྟོབས་ཀྱིས་ཁྱིམ་པར་གྱུར་ན་ཡ
1216	terminal-particle+maxcap	27		དུས་ཐམས་ཅད་དུ་ཡུལ་གྱི་ཉེས་པ་མཐོང་བས་ཚངས་པར་སྤྱོད་པ་ཡིན་པའི་ཕྱིར་ཞེན་པ་མེད་པས་དངོ
1217	terminal-particle	24		སྐྱེས་བུ་དམ་པའི་ཆོས་ཉིད་ཀྱིས་འཚོ་བའི་ཕྱིར་ཡང་བས་ཉོ་ཚོང་ལ་སོགས་པ་ལོངས་སྤྱོད་འཚོ་བ
1218	terminal-particle	48	STAGE2_REVIEW	དེ་བཞིན་དུ་སེམས་ཅན་ལ་གནོད་པའི་དོན་དུ་ཙ་མུནྚི་ལ་སོགས་པའི་མངོན་སྤྱོད་ཀྱི་སྔགས་དང་ས
1219	terminal-particle	30		འདོད་པའི་ལས་ཅན་དེ་བྱས་པར་གྱུར་པས་སྐྱེས་པའམ་བུད་མེད་དུ་ངེས་པར་འགྱུར་རོ་ཞེས་བྱ་བ་ལ
1220	terminal-particle	33		བདེན་པ་གཉིས་ལ་བརྟེན་པའི་ཕྱིར་རབ་ཏུ་དབེན་པའི་ཤེས་རབ་ཕ་རོལ་ཕྱིན་མཆོག་བརྩོན། ལུས་དང
1221	terminal-particle+terminal-particle(merged)	34		སེམས་ཅན་ཐམས་ཅད་ལ་བདེ་བ་ཕུལ་དུ་བྱུང་བ་བསྐྱེད་པའི་སེམས་དང་ལྡན་པའི་ཕྱིར་བྱམས་པའི་སེ
1222	terminal-particle	17		ཆོས་ཅུང་ཟད་ཀྱང་དམིགས་པ་མེད་པས་རྟག་ཏུ་བསྟན་པ་ལ་གཞོལ་སེམས་ལྡན་ནོ། །
1223	terminal-particle	40		རང་འདོད་པའི་སྐྱེ་བ་དེར་སྐྱེ་བ་ཐོབ་པས་མཐའ་འཁོབ་ཀླ་ཀློའི་སྐྱེ་བོའི་ཡུལ་མཐའ་རྣམ་པར་
1224	terminal-particle	40		མངོན་པར་ཡིད་ཆེས་པས་ངེས་པ་སྐྱེད་པའི་ཕྱིར་ཀུན་མཁྱེན་གསུམ་གྱི་བདག་ཉིད་ནི་རང་གི་ས་ལ་
1225	line-end	28		མཆོག་ཏུ་གཞོལ་བ་ཉིད་རྣམ་པ་ཐམས་ཅད་མཁྱེན་པ་ལ་སོགས་པའི་ཆོས་ཀྱི་ཕྱིར་བསམས་ནས་གཏོང་བ་ན
1226	line-end+maxcap	17		ཚད་མ་དང་ལྡན་པའི་ཡིད་ལ་བྱེད་པའི་ཕྱིར་རྣལ་འབྱོར་པ་རབ་ཏུ་བརྩོན་ནོ། །
1227	verse-stanza	18		འདིར་ཕྱིར་མི་ལྡོག་པའི་ཕྱོགས་ཙམ་ཞིག་བརྗོད་དོ། །↵དེ་ཡང་རྒྱུ་ཚོགས་པ་ཡིས་འབྲས་སྐྱེ་བ
1228	verse-stanza	19		རྗེས་སུ་དཔོགས་པ་གང་ཡིན་པ། །↵དོན་གཞན་ལ་ནི་མི་ལྟོས་ཕྱིར། །↵དེ་ནི་རང་བཞིན་ཡིན་པར་བར
1229	terminal-particle+line-end(merged)	37		ཅེས་བྱ་བའི་རིགས་པས་འདིར་བསྟན་པའི་རྟགས་ཀྱང་ཤེས་པར་བྱའོ། །ཡོན་ཏན་རིན་པོ་ཆེ་སྡུད་པ་
1230	terminal-particle	54	STAGE2_REVIEW	དེ་ལྟར་བསྒོམ་པའི་ལམ་ལ་གནས་པའི་ཕྱིར་མི་ལྡོག་པའི་མཚན་ཉིད་སྟོན་པ་ན་ཁྱད་པར་མ་རྟོགས་ཁ
1231	terminal-particle+maxcap	21		ཇི་ལྟར་དེ་བཞིན་ཉིད་ཟབ་པ་དེ་བཞིན་དུ་དེ་ཁོ་ན་ཉིད་དུ་གཟུགས་མ་སྐྱེས་པས་ཟབ་བོ། །
1232	terminal-particle	36		དེ་བཞིན་དུ་ཚོར་བ་དང་། འདུ་ཤེས་དང་། སེམས་པ་དང་། རྣམ་པར་ཤེས་པ་རྣམས་ཀྱང་དེ་བཞིན་ཉིད
1233	terminal-particle+maxcap+terminal-particle(merged)	36		སྒྲོ་བཏགས་པའི་ཕྱིར་མེད་དོ། །དེ་བཞིན་དུ་ཀུན་རྫོབ་པའི་གཟུགས་ལ་སོགས་པ་དེ་དག་ཀྱང་ཐ་མ
1234	terminal-particle+terminal-particle(merged)	32		བསླབ་པ་ཐམས་ཅད་ཞི་བས་ན་རབ་ཞི་བའོ། །འདིས་ནི་ཡང་གཟུགས་ལ་སོགས་པ་དེ་བཞིན་ཉིད་ལས་གཞན་མ
1235	terminal-particle	32		དཔེར་ན་འབའ་ཞིག་ཚད་མ་རྟོགས་པ་མདའ་འཕངས་པ་རྒྱ་མཚོའི་གཏིང་ལ་ཐུག་པའི་ཚད་ཚོལ་བ་ལྟར། དེ
1236	terminal-particle+maxcap	40		སྐུར་པ་འདེབས་པའི་མཐའ་དང་བྲལ་བ་ངེས་པར་བརྟགས་ན་གང་གི་ཕྱིར་བརྟགས་པས་གཏིང་ཡོད་པ་མི་ར
1237	terminal-particle	32		ཁྱད་པར་བསྟན་པ་འདི་ཉིད་རྗེས་སུ་བསྟན་པ་དང་བཅས་པ་ཁྱད་པར་ཅན་བསྒོམ་པའི་ལམ་ཡིན་པར་སྟོན
1238	terminal-particle+maxcap	29		བྱང་ཆུབ་སེམས་དཔའ་ཞེས་བྱ་བ་ལ་སོགས་པ་གསུངས་ཏེ། གང་གི་ཕྱིར་བསྒོམ་པའི་ལམ་གྱི་དེ་ཁོ་ན
1239	terminal-particle+maxcap	62	STAGE2_REVIEW	སྐྱེ་མཆེད་ཡོད་པ་ཡིན་པར་ཡང་དང་ཡང་དུ་གོམས་པར་བྱས་པའི་བྱང་ཆུབ་སེམས་དཔའ་གང་ཞིག་གི་གཟ
1240	terminal-particle	44	STAGE2_REVIEW	གང་ཟག་དེའི་བསོད་ནམས་ཀྱི་ཚོགས་དེ་ཇི་སྙེད་སྐྱེ་བ་ནི་ཡེ་ཤེས་ཀྱི་ཚོགས་རབ་ཏུ་ཐོབ་པ་ན་
1241	terminal-particle	38		འབྲས་བུ་གསལ་བར་རྟོགས་པར་བྱ་བའི་ཕྱིར་དཔེར་ན་ཞེས་བྱ་བ་ལ་སོགས་པ་གསུངས་ཏེ། དཔེར་ན་ཡུ
1242	terminal-particle+maxcap	22		བུད་མེད་དང་ལྷན་ཅིག་ཏུ་ཁྱོད་ཆེ་གེ་མོར་ཤོག་ཤིག་ཅེས་སྨྲས་ནས་དུས་བཏབ་དེ་དང་མ་ཕྲད་དེ།
1243	terminal-particle+maxcap	36		འདིར་འོང་ངམ་མི་འོང་སྙམ་པ་ལ་སོགས་པའི་རྣམ་པར་རྟོག་པ་དེ་ལྟ་བུའི་རིམ་པས་རྣམ་པར་རྟོག་
1244	terminal-particle+maxcap	74	STAGE2_REVIEW	དམིགས་པ་ལ་བསྒྲིབས་ནས་ཉིན་ཞག་ཐམས་ཅད་དུ་བྱུང་བའི་སྐྱེས་བུའི་རྣམ་པར་རྟོག་པའི་གྲངས་ད
1245	terminal-particle	39		རྣམ་པར་རྟོག་པ་ཆུང་ངུ་དང་། འབྲིང་དང་། ཆེན་པོ་ཡངས་པའི་རྣམ་པའི་དབྱེ་བས་བསྒོམ་པའི་ལམ
1246	terminal-particle+maxcap	39		དེ་ལ་ཡང་ལམ་ཆུང་ངུས་ནི་རྣམ་པར་རྟོག་པ་ཆེན་པོ་སྤོང་ལ། ཆེན་པོས་ནི་རྣམ་པར་རྟོག་པ་ཆུང་
1247	terminal-particle+maxcap+terminal-particle(merged)	37		ཡང་ལམ་ཆེན་པོ་སྐྱེས་པ་ན་ཉོན་མོངས་པ་ཆེན་པོ་མེད་པའི་ཕྱིར་རོ། །གཞན་དག་ན་རེ་ཕྱི་མ་ཕྱི
1248	terminal-particle+maxcap+terminal-particle(merged)	39		བསོད་ནམས་ཟིལ་གྱིས་གནོན་པར་བསྟན་པ་ནི་མི་མཐུན་པའི་ཕྱོགས་ཀྱི་དབྱེ་བ་བསྟན་པ་ཡིན་ནོ་ཞ
1249	terminal-particle+maxcap	31		བྱང་ཆུབ་སེམས་དཔའ་གང་ཞིག་བསྐལ་མང་བྱེ་སྟོང་དུ་དམིགས་པ་དང་ལྡན་པས་སངས་རྒྱས་ལ་སོགས་པ་
1250	terminal-particle	35		དགྲ་བཅོམ་རང་རྒྱལ་སྦྱིན་བྱེད་ཚུལ་ཁྲིམས་སྲུང་བྱེད་ཀྱང་རྒྱལ་བའི་སྲས་པོ་གཞན་ཞིག་གིས་
1251	terminal-particle+maxcap	10		དེ་ལས་ལངས་ནས་ཡུམ་འདི་ཉིད་ནི་ཆོས་སོ། །
1252	terminal-particle	49	STAGE2_REVIEW	ཇི་ལྟ་བ་བཞིན་དུ་སེམས་ཅན་ལ་སྟོན་ཅིང་དེ་སེམས་ཅན་ཁྱད་པར་ཅན་སྔོན་དུ་འགྲོ་བས་ཆོས་ཀྱི་
1253	terminal-particle	20		སྦྱིན་པ་བྱེད་ཚུལ་ཁྲིམས་བསྲུང་བ་ཡང་སྔ་མ་བཞིན་དུ་བལྟ་བར་བྱ་སྟེ། གནས་སྐབས་དེ་བཞིན་ན
1254	terminal-particle	32		ལམ་འབྲིང་གི་དོན་བསྟན་པའི་ཕྱིར། བྱང་ཆུབ་ཅེས་བྱ་བ་ལ་སོགས་པ་གསུངས་ཏེ། བྱང་ཆུབ་སེམས་
1255	terminal-particle+maxcap	13		དེ་ལས་ལངས་ནས་གོས་པ་མེད་པའི་ཆོས་བརྗོད་ཅིང་ངོ་། །
1256	terminal-particle+maxcap	34		ཆོས་དེ་ཡང་འགྲོ་བ་མངོན་པར་མཐོ་བ་དང་ངེས་པར་ལེགས་པར་འཐོབ་པའི་མཚན་ཉིད་ཀྱི་དོན་ཏེ། རྒ
1257	terminal-particle	39		དེ་བཞིན་དུ་ཆོས་ཀྱི་སྦྱིན་པ་བྱིན་ནས་ཡོངས་སུ་བསྔོ་བ་ལས་བྱུང་བའི་དགེ་བ་གང་ཡིན་པ་དང་
1258	terminal-particle	33		ལམ་ཆེན་པོ་བསྟན་པའི་ཕྱིར། བསོད་ནམས་ཞེས་བྱ་བ་ལ་སོགས་པ་གསུངས་ཏེ། ཇི་སྐད་བསྟན་པའི་ལམ
1259	terminal-particle+maxcap	12		དེ་བཞིན་དུ་བརྟགས་པའི་རང་བཞིན་དང་བྲལ་བའི་ཕྱིར་རོ། །
1260	terminal-particle	40		བརྟགས་པའི་ཆོས་ཀྱིས་དབེན་པས་ན་གསོབ་དང་། དེ་བཞིན་ཉིད་ཀྱི་ཆོས་ཉིད་ཀྱི་རང་བཞིན་མ་ཡིན
1261	terminal-particle+terminal-particle+terminal-particle(merged)	39		དེ་བཞིན་དུ་རྟོགས་པའི་ཆོས་ཀྱིས་དབེན་པས་ན་སྟོང་པའོ། །དེ་བཞིན་ཉིད་ཀྱི་རང་བཞིན་མ་ཡིན
1262	terminal-particle	13		སྒྱུ་མའི་རང་བཞིན་ཡིན་པའི་ཕྱིར་སྙིང་པོ་མེད་པར་ཤེས་པའོ། །
1263	terminal-particle	39		དེ་ལྟར་བདེ་གཤེགས་རྣམས་ཀྱི་ཤེས་རབ་སྤྱད་སྤྱོད་པ་དེ་ནི་ལམ་ཆེན་པོའི་རང་བཞིན་ཡིན་ཏེ། 
1264	objection-close	30		དེ་ཁོ་ན་ཉིད་བསྒོམ་པའི་ལམ་མ་ཡིན་ནམ་དེའི་སྟོབས་ཀྱིས་མི་མཐུན་པའི་ཕྱོགས་དང་གཉེན་པོ་ར
1265	objection-close+maxcap	19		ཐོབ་པ་མི་རིགས་པས་དེའི་ཕྱིར་ཇི་ལྟར་རྒྱལ་བའི་སྲས་རྣམས་ཀྱི་རིམ་པ་ཡིན་ཞེ་ན།
1266	terminal-particle	31		སངས་རྒྱས་ཞེས་བྱ་བ་ལ་སོགས་པ་གསུངས་ཏེ། བརྟགས་པ་ཙམ་གྱི་རང་བཞིན་ཡིན་པའི་ཕྱིར་འདི་ནི་
1267	terminal-particle	19		ཆོས་ཐམས་ཅད་ནི་རང་དང་གཞན་དང་གཉི་གའི་དོན་ཕུན་སུམ་ཚོགས་པ་བྱེད་པར་འདོད་པའོ། །
1268	terminal-particle	35		མངོན་སུམ་དང་རྗེས་སུ་དཔག་པ་དང་། ལུང་གི་ཚད་མས་ངེས་པའི་ཕྱིར་སངས་རྒྱས་ཀྱིས་བཤད་པ་དང་
1269	terminal-particle	66	STAGE2_REVIEW	བྱང་ཆུབ་སེམས་དཔའ་གང་གི་ཐོས་པ་ལ་སོགས་པའི་ཤེས་པ་བསྐྱེད་པས་བསྒོམ་པའི་ལམ་གོམས་པའི་ཤེ
1270	terminal-particle+maxcap+terminal-particle+terminal-particle(merged)	36		གཉེན་པོ་བསྐྱེད་པ་མེད་པས་དེ་ཁོ་ན་ཉིད་དུ་འཕེལ་བ་མེད་དོ། །ཞེས་བྱ་བ་ནི་གྲུབ་པ་སྒྲུབ་
1271	terminal-particle	35		བསྒོམ་པའི་ལམ་གྱི་རང་བཞིན་ཡིན་པའི་ཕྱིར་དེ་བས་ན་ཕ་རོལ་ཏུ་ཕྱིན་པའི་མིང་ཡང་དེ་ཁོ་ན་ཉ
1272	terminal-particle+maxcap	36		རྒྱལ་བ་ཞེས་བྱ་བ་ལ་སོགས་པ་གསུངས་ཏེ། ཤེས་རབ་འབའ་ཞིག་ལ་ཕ་རོལ་ཏུ་ཕྱིན་པ་བརྗོད་མོད་ཀྱ
1273	terminal-particle+maxcap+terminal-particle(merged)	33		རྒྱལ་བའི་ཡུམ་ཡིན་པས་ལྔ་པོ་ཡང་ཁྱད་པར་དུ་འཕགས་པའི་ཆོས་ཀྱི་རང་བཞིན་ཕ་རོལ་ཏུ་ཕྱིན་པར
1274	terminal-particle+terminal-particle(merged)	23		ཀུན་རྫོབ་ཏུ་རྫས་སུ་གནས་པས་བླ་ན་མེད་པའི་བྱང་ཆུབ་ཏུ་ཡོངས་སུ་སྔོ་བར་བྱེད་དོ། །ཡོངས་
1275	terminal-particle	37		བདག་ལ་བསྟོད་པ་དང་། རློམ་སེམས་མེད་པའི་བྱང་ཆུབ་སེམས་དཔའ་གང་ཡིན་པ་དེ་ནི་རྟོགས་པ་ལས་
1276	terminal-particle+maxcap+line-end(merged)	38		ཁྱད་པར་འཕགས་པའི་དོན་ཉིད་གསལ་བར་བྱེད་པ་ནི་སེམས་བསྐྱེད་པ་ཡིན་ནོ། །ཡོན་ཏན་རིན་པོ་ཆེ
1277	objection-close	52	STAGE2_REVIEW	རིམ་པ་བཞིན་སེམས་ཀྱི་སྐད་ཅིག་མ་སྔ་མ་ནི་རྗེས་སུ་འགྲོ་བ་མེད་པར་ཞིག་ནས་ཕྱི་མ་སྐྱེ་བས
1278	terminal-particle	30		དོན་བྱེད་པར་དཔེ་སྔོན་དུ་འགྲོ་བས་བསྟན་པའི་ཕྱིར། འབྲུ་མར་ཞེས་བྱ་བ་ལ་སོགས་པ་གསུངས་ཏ
1279	terminal-particle+maxcap	19		སྙིང་པོ་ཚིག་མིན་ལ་སྟེ། སྐད་ཅིག་མ་གཉིས་པ་ལ་སོགས་པས་བར་དུ་ཆོད་པའི་ཕྱིར་རོ། །
1280	terminal-particle	41	STAGE2_REVIEW	དུས་མཉམ་པ་ཡང་ལྷན་ཅིག་སྐྱེས་པས་ཁྱད་པར་མེད་པའི་ཕྱིར་བྱ་བ་དང་བྱེད་པའི་ངོ་བོའི་མཚན་ཉ
1281	terminal-particle	30		མེ་ལྕེ་ཕྱི་མའི་སྐད་ཅིག་མས་ཀྱང་དང་པོ་དེ་མེད་པར་སྐད་ཅིག་མ་ཕྱི་མ་མ་སྐྱེས་པའི་ཕྱིར་མ
1282	terminal-particle	18		མེ་ལྕེ་ཕྲད་པ་ཐམས་ཅད་ཀྱང་སྙིང་པོ་དེ་ཚིག་མིན་ཏེ། དངོས་པོ་མེད་པའི་ཕྱིར་རོ། །
1283	terminal-particle	34		ཡོད་ན་ནི་རྟག་ཏུ་ཡོད་པར་ཐལ་བར་འགྱུར་བས་ཀུན་རྫོབ་ཏུ་ཡང་སྐྱེ་བ་མེད་པའི་ཕྱིར་རྒྱུ་དང
1284	terminal-particle+maxcap	20		སྲེག་པར་བྱེད་པའི་ངོ་བོར་ཡོད་པར་མི་རིགས་པས་ཕྱི་མ་དང་ཕྲད་པས་ཀྱང་མ་ཡིན་ནོ། །
1285	terminal-particle+terminal-particle(merged)	40		མེ་ལྕེ་ཐ་མའི་སྐད་ཅིག་མ་མེད་པར་ཡང་དང་པོའི་སྐད་ཅིག་མས་ཚིག་མིན་ཏེ། ནུས་པ་མེད་པའི་ཕྱ
1286	terminal-particle	75	STAGE2_REVIEW	དེ་བཞིན་དུ་རེ་རེ་ལ་ནུས་པ་མེད་ཀྱང་རྟེན་ཅིང་འབྲེལ་པར་འབྱུང་བའི་ཆོས་ཉིད་ཀྱིས་མེ་ལྕེ
1287	terminal-particle+maxcap	40		རྒྱུ་དང་འབྲས་བུའི་ངོ་བོ་མཚན་ཉིད་བསྲེག་པར་བྱ་བ་དང་། སྲེག་པར་བྱེད་པའི་ངོ་བོར་ཡོད་པ
1288	terminal-particle	23		དཔེ་བསྟན་ནས་སྐབས་ལ་བབ་པའི་དོན་དང་སྦྱར་བར་བྱ་བའི་ཕྱིར། དང་པོའི་ཞེས་བྱ་བ་ལ་སོགས་པ་
1289	terminal-particle+maxcap	36		དེ་བཞིན་དུ་དང་པོའི་སེམས་ཀྱིས་སངས་རྒྱས་ཀྱི་བྱང་ཆུབ་ཐོབ་པར་བྱེད་པ་དོན་མ་ལུས་པ་སོ་ས
1290	terminal-particle	64	STAGE2_REVIEW	དེ་ཡང་དང་པོའི་སེམས་ཀྱིས་བྱང་ཆུབ་ལ་རེག་པའི་རང་བཞིན་དུ་རྣམ་པ་ཐ་མ་མེད་པའི་ཕྱིར་མེད་
1291	terminal-particle+maxcap	23		སེམས་གཉིས་པ་དེ་ཡིས་ཀྱང་བྱང་ཆུབ་ལ་རེག་པའི་རང་བཞིན་དུ་རྣམ་པ་ཐམས་ཅད་དུ་མེད་པའི་ཕྱིར
1292	terminal-particle	24		དང་པོའི་སེམས་ཀྱང་མེད་པས་ན་འཐོབ་པར་ནུས་པ་མ་ཡིན་ཏེ། ཁྱད་པར་ཕུལ་དུ་བྱུང་བ་མ་བསྐྱེད་
1293	terminal-particle	30		དེ་བས་ན་སྙིང་པོ་ཚིག་པ་བཞིན་དུ་སྔ་མ་དང་ཕྱི་མའི་སེམས་ཀྱི་སྐད་ཅིག་མ་དག་གིས་བྱང་ཆུབ་
1294	terminal-particle	22		སྔ་མ་དང་ཕྱི་མ་གཉིས་ཀྱི་སེམས་ཀྱི་སྐད་ཅིག་རྣམས་སྤྱིར་བྱང་ཆུབ་ཐོབ་པའི་རྒྱུ་ཡིན་པར་བ
1295	terminal-particle+maxcap	39		ད་ནི་དང་པོའི་སྐད་ཅིག་མ་ཉེ་བར་ལེན་པའི་རྒྱུ་ཉིད་རྗེས་སུ་འགྲོ་བ་དང་ལྡོག་པའི་སྒོ་ནས་
1296	terminal-particle+maxcap	59	STAGE2_REVIEW	རྟག་པར་ནི་རིམ་དང་ཅིག་ཅར་གྱི་དོན་བྱེད་པ་འགལ་བའི་ཕྱིར་སྐད་ཅིག་མས་བྱང་ཆུབ་ཀྱི་ཤིང་ལ
1297	terminal-particle+maxcap+ordinal-open+terminal-particle(merged)	37		ས་བོན་དེ་ཡང་སྡོང་བུ་སྐྱེས་པ་ན་འགག་གོ། །དང་པོ་དེ་མེད་ན་བྱང་ཆུབ་ཀྱི་ཤིང་ལ་སོགས་པ་མ
1298	terminal-particle+maxcap	36		བྱང་ཆུབ་ཀྱི་གཞི་དང་པོའི་རྒྱུ་དེ་ཉིད་ཡོངས་སུ་འགྱུར་བའི་ཕྱིར་ཕྱི་མ་སྦྱོར་བ་ལས་སངས་
1299	terminal-particle+terminal-particle(merged)	36		ཡང་དང་པོ་དེ་མེད་ན་བྱང་ཆུབ་མེད་པར་འགྱུར་རོ། །སེམས་ཀྱི་སྐད་ཅིག་མ་གཉིས་པ་ཡང་རྒྱུ་ཡི
1300	terminal-particle+maxcap	27		སྐད་ཅིག་མ་གཉིས་པའི་ངོ་བོ་ནས་དང་སཱ་ལུའི་ས་བོན་ལ་རྟེན་ཅིང་འབྲེལ་པར་འབྱུང་བའི་ཆོས་ཉ
1301	terminal-particle+maxcap	38		འབྲས་བུར་གྱུར་པ་རྣམས་དང་སཱ་ལུ་ལ་སོགས་པ་དེ་དང་དེ་དག་སྟེ། ས་བོན་དེ་དག་འབྲས་བུ་སྐྱེ
1302	terminal-particle	29		རྣམ་པ་ཐམས་ཅད་དུ་སྐད་ཅིག་མའི་རྒྱུན་ཡང་མེད་དོ་ཞེས་ངེས་པར་མི་ནུས་ཏེ། རྒྱུ་དེ་དག་དང་
1303	terminal-particle	29		དེ་བཞིན་དུ་དང་པོའི་སེམས་སྐད་ཅིག་མའི་སྟོབས་ཀྱིས་སྐད་ཅིག་མ་གཉིས་པའི་སེམས་བསྐྱེད་དེ
1304	terminal-particle	28		དེ་ཁོ་ན་ཉིད་དུ་རྒྱུ་དང་འབྲས་བུ་རྟོགས་པར་མི་ནུས་ཏེ། རང་བཞིན་མེད་པའི་ཕྱིར་ཏེ། འདིར
1305	terminal-particle	34		རྒྱ་ཆེར་བསྟན་ནས་ཉེ་བར་བསྡུ་བའི་ཕྱིར། ཆུའི་ཞེས་བྱ་བ་ལ་སོགས་པ་གསུངས་ཏེ། ཆུའི་ཐིགས་
1306	terminal-particle+maxcap	36		དང་པོའི་ཆུ་ཐིགས་པ་རིམ་པ་ཕྱི་མ་ཕྱི་མ་དང་བཅས་པས་དེ་ཡོངས་སུ་འགེངས་པ་ལྟར། དེ་བཞིན་དུ
1307	terminal-particle+maxcap	46	STAGE2_REVIEW	རིམ་གྱིས་སེམས་ཀྱི་སྐད་ཅིག་མ་གཉིས་པ་ལ་སོགས་པ་དང་བཅས་པ་སྦྱོར་བའི་ལམ་ལ་སོགས་པའི་རང་
1308	terminal-particle	40		ཞར་ལ་བྱུང་བ་རྒྱ་ཆེར་བསྟན་ནས། སྐབས་ལ་བབ་པའི་བསྒོམ་པའི་ལམ་ལ་གནས་པའི་བྱང་ཆུབ་སེམས་ད
1309	terminal-particle+maxcap	38		ཟབ་མོ་བསྐྱེད་པའི་སྦྱོར་བའི་འཛིན་པ་ཡང་བའི་ཕྱིར་འབྲས་བུ་དང་། རྒྱུ་དང་རང་བཞིན་དང་བྲ
1310	terminal-particle+maxcap+terminal-particle(merged)	38		སྨོན་པ་མེད་པར་ཆོས་ཐམས་ཅད་རྟོགས་པའི་བྱང་ཆུབ་སེམས་དཔའ་མྱ་ངན་ལས་འདས་པ་ལ་མི་རེག་སྟེ།
1311	terminal-particle	25		དཔེར་ན་སྐྱེས་བུ་མཉན་པ་ཤིན་ཏུ་བསླབས་པའི་ཕྱིར་མཁས་པར་གྱུར་པ་གནོད་པ་མེད་པར་ཕར་འགྲོ་
1312	terminal-particle+maxcap	25		ཟོང་ཐོགས་ནས་ཕར་འགྲོ་ཞིང་ཚུར་འོང་བར་བྱེད་ཀྱང་མཐའ་གཉིས་ཀར་མི་གནས་ཤིང་ལྟུང་བའི་གནས་
1313	terminal-particle	18		རྒྱ་མཚོ་དེར་ཡང་གནས་པ་མེད་པ་བཞིན་ནོ་ཞེས་ཚིགས་སུ་བཅད་པའི་དོན་སྦྱར་རོ། །
1314	terminal-particle	28		ཕྱིར་མི་ལྡོག་པའི་མཚན་ཉིད་བརྗོད་པ་ལས་སློབ་པའི་བྱང་ཆུབ་སེམས་དཔའི་དགེ་འདུན་བསྟན་ནས།
1315	terminal-particle+maxcap	31		རྣམ་པར་བྱང་བའི་རྟོག་པ་སྤངས་པའི་ཕྱིར་གཉི་ག་མཉམ་པར་རྟོགས་པ་ནི་མི་སློབ་པར་འགྱུར་བ་ཡ
1316	terminal-particle	36		དེ་ལྟ་བུའི་མི་སློབ་པའི་དགེ་འདུན་གསལ་བར་བྱ་བའི་ཕྱིར་འཁོར་བ་དང་མྱ་ངན་ལས་འདས་པ་མཉམ་
1317	terminal-particle+maxcap	57	STAGE2_REVIEW	བསྟན་མ་ཐག་པའི་ཕྱིར་མི་ལྡོག་པའི་མཚན་ཉིད་རྟོགས་པའི་འཁོར་བ་དང་མྱ་ངན་ལས་འདས་པ་མཉམ་པར
1318	terminal-particle	30		བྱང་ཆུབ་ཀྱི་རྒྱུ་མཚན་གྱིས་སྐྲག་པ་མེད་དེ། ཀུན་ནས་ཉོན་མོངས་པའི་རྣམ་པར་རྟོག་པ་སྤངས་
1319	terminal-particle+maxcap	33		འདི་དག་སྒྱུ་མ་ལྟ་བུ་ཉིད་ཡིན་པའི་ཕྱིར་དངོས་པོ་ཡོད་པར་ཅུང་ཟད་ཀྱང་མ་སྐྱེས་སོ་ཞེས་དེ
1320	terminal-particle+maxcap	11		གཉི་ག་མཉམ་པར་རྟོགས་པ་ནི་སྤྱོད་པ་ཡིན་ནོ། །
1321	terminal-particle	42	STAGE2_REVIEW	གཉི་ག་མཉམ་པར་བསྒོམས་པས་སངས་རྒྱས་སུ་གྱུར་ནས་དེ་མ་ཐག་ཏུ་རང་གི་སངས་རྒྱས་ཀྱི་ཞིང་སེམ
1322	terminal-particle+maxcap	32		འཇིག་རྟེན་ཞེས་བྱ་བ་ལ་སོགས་པ་གསུངས་ཏེ། ཆུའི་དགོན་པ་དང་། མུ་གེའི་དགོན་པ་དང་། ནད་དང
1323	terminal-particle+maxcap	41	STAGE2_REVIEW	གཞན་ཡང་སེམས་ཅན་དང་སྣོད་དུ་གྱུར་པའི་ལོག་པར་རྟོགས་པའི་གནས་མཐོང་ནས་ཇི་ལྟར་བདག་གིས་ས
1324	terminal-particle+maxcap	34		སྲིང་མོ་གང་གཱའི་ལྷ་མོ་བཞིན་དུ་སྐྲག་པ་མེད་པར་བྱང་ཆུབ་སེམས་དཔའ་བཟློག་པས་ན། ཡང་སངས་
1325	terminal-particle+maxcap+terminal-particle(merged)	33		ཕྱི་མའི་མུའི་མཐའ་རྟག་ཏུ་ཡུལ་ལ་བརྩོན་ཞིང་དེའི་ཐབས་ཡོངས་སུ་ཤེས་པའི་ཕྱིར་རབ་ཏུ་ཤེས་
1326	line-end	23		ཡོན་ཏན་རིན་པོ་ཆེ་སྡུད་པ་ཚིགས་སུ་བཅད་པ་ལས་གང་གཱའི་ལྷ་མོའི་ལེའུ་སྟེ་བཅུ་དགུ་པའི་བཤ
1327	terminal-particle	48	STAGE2_REVIEW	སངས་རྒྱས་ཀྱི་ཞིང་ཡོངས་སུ་དག་པར་བྱས་ནས་ཐབས་ལ་མཁས་པས་འཁོར་བ་ཇི་སྲིད་ཀྱི་བར་དུ་སངས་
1328	terminal-particle+maxcap	21		བྱང་ཆུབ་ཅེས་བྱ་བ་ལ་སོགས་པ་གསུངས་ཏེ། བྱང་ཆུབ་སེམས་དཔའ་རྒྱལ་བའི་ཤེས་རབ་སྤྱོད་བྱེད་
1329	terminal-particle+maxcap	30		ཕུང་པོ་འདི་དག་གཟུགས་ལ་སོགས་པ་སྟེ། བསྒོམས་པའི་སྟོབས་ཀྱིས་ཤེས་ཤིང་གདོད་ནས་སྟོང་པས་
1330	terminal-particle+objection-close(merged)	37		དེ་ལྟ་བས་ན་སྒྱུ་མ་ལྟ་བུར་སྟོང་པ་ཉིད་ཐབས་ལ་མཁས་པའི་ཡུལ་ཡིན་ནོ་ཞེས་བཤད་པར་འགྱུར་རོ
1331	terminal-particle	24		དེའི་ལན་དུ་ཐབས་ལ་མཁས་པའི་སྦྱོར་བ་བསྟན་པའི་ཕྱིར་མཉམ་པར་མ་བཞག་ཅེས་བྱ་བ་ལ་སོགས་པ་གས
1332	terminal-particle+maxcap	31		ཇི་སྐད་བསྟན་པའི་ཆོས་ཉིད་བསྒོམས་པས་ཡང་འགྲོ་བའི་དོན་བྱེད་ཅིང་ཡེ་ཤེས་མཉམ་པར་བཞག་པས་
1333	terminal-particle+maxcap	24		སེམས་ཅན་གྱི་ཁམས་ལ་བལྟས་ནས་དེ་ལྟར་སྙིང་རྗེ་དང་ཤེས་རབ་གཉིས་ཀྱི་དབུས་ན་གནས་པའི་བར་ས
1334	terminal-particle	42	STAGE2_REVIEW	མངོན་སུམ་བྱ་བའི་དུས་དང་དུས་མ་ཡིན་པ་ལ་སྦྱོར་བའི་སྟོབས་ཀྱིས་ཡོངས་སུ་མ་ཉམས་པར་སངས་ར
1335	terminal-particle	31		དེ་ལ་རེ་ཞིག་བར་ཆད་བྱེད་པའི་ཆོས་ལས་འདའ་བའི་ཐབས་དཔེ་སྔོན་དུ་འགྲོ་བས་བསྟན་པའི་ཕྱིར་
1336	terminal-particle+maxcap+line-end(merged)	34		དཔེར་ན་སྐྱེས་བུ་འགའ་ཞིག་འཇིག་རྟེན་གྱི་ཐ་སྙད་ལ་བཟོ་བས་ན་མཁས་པའོ། །དཔའ་བ་ལ་སོགས་པའ
1337	verse-stanza	21		ལུས་ཀྱི་སྟོབས་ཕུན་སུམ་ཚོགས་པའི་ཕྱིར་སྟོབས་ལྡན་ནོ། །↵གཞན་གྱིས་ཟིལ་གྱིས་མི་ནོན་པའི
1338	terminal-particle+terminal-particle(merged)	39		འདི་དག་ཐམས་ཅད་ཀྱི་མཚན་ཉིད་ཡོངས་སུ་ཤེས་པའི་ཕྱིར་བརྩོན་བྱས་སོ། །གཞན་འདུན་པར་བྱེད་པ
1339	terminal-particle+terminal-particle(merged)	31		འཕོང་ལེགས་པར་བསླབ་པའི་ཕྱིར་འཕོང་གི་ཕ་རོལ་ཏུ་ཕྱིན་པའོ། །རི་མོ་ལ་སོགས་པའི་ལས་ཀྱི་ག
1340	terminal-particle+terminal-particle(merged)	40		མ་རུངས་པའི་སྐྱེ་བོ་མང་པོ་སླུ་བ་ལ་གཅིག་ཏུ་མཁས་པའི་ཕྱིར་སྒྱུ་མ་སྒྲུབ་པའི་ཆོ་ག་ཤེས་
1341	terminal-particle	28		དེ་ལྟ་བུ་དེ་ཡང་དགྲའི་གནོད་པ་ཡོད་པ་འགའ་ཞིག་ཏུ་ཕ་དང་མ་དང་ཆུང་མར་བཅས་ཏེ། བུ་དང་བུ་མ
1342	terminal-particle+maxcap	40		དགྲ་བྱེད་མང་པོས་འཇིགས་པ་དང་བཅས་པའི་དགོན་པའི་ལམ་དུ་ཞུགས་པ་སྟེ། ཕྱིན་པ་ན་དགྲ་མང་པོ
1343	terminal-particle	16		གཞན་གྱིས་ཟིལ་གྱིས་མི་ནོན་པའི་ངང་ཚུལ་ཅན་ཡིན་པས་ན་རྟུལ་ཕོད་པའོ། །
1344	terminal-particle	40		སྐྱེས་བུ་མང་པོ་མངོན་པར་སྤྲུལ་ཏེ། བར་ཆད་བྱེད་པ་མང་པོ་ལས་འདས་ནས་དགོན་པ་ལས་བརྒལ་ཏེ།
1345	terminal-particle+maxcap	84	STAGE2_REVIEW	བྱང་ཆུབ་སེམས་དཔའ་མཁས་པ་ཡང་དམིགས་པ་མེད་པའི་བྱམས་པ་མངོན་སུམ་དུ་ཐོབ་པས་བྱམས་པས་བདེ་
1346	terminal-particle+maxcap	15		བྱང་ཆུབ་རེག་པར་མི་བྱེད་དེ། བྱ་བ་ཡོངས་སུ་མ་རྫོགས་པའི་ཕྱིར་རོ། །
1347	line-end	40		མི་གནས་པས་གནས་པའི་ཐབས་དང་དཔེ་སྔོན་དུ་འགྲོ་བས་བསྟན་པའི་ཕྱིར་མཁའ་ལ་ཞེས་བྱ་བ་ལ་སོགས
1348	verse-stanza	19		རླུང་དང་བཅས་པ་ལ་ཆུའི་ཕུང་པོའོ། །↵དེ་ལ་ཡང་གསེར་གྱི་ས་གཞིའོ། །↵དེ་ལ་ཡང་ས་ཆེན་པོ།
1349	terminal-particle+terminal-particle(merged)	30		དེ་ལ་གླིང་བཞི་པའི་འཇིག་རྟེན་གྱི་ཁམས་བརྟེན་ཏོ། །དེ་ནས་སེམས་ཅན་གྱི་ལོངས་སྤྱོད་ཆགས་
1350	terminal-particle	31		གཞན་དུ་ན་དངོས་པོ་ཐམས་ཅད་ཀྱིས་དབེན་པའི་མཚན་ཉིད་ནམ་མཁའ་ཇི་ལྟར་གནས་སུ་འགྱུར། རླུང་ག
1351	terminal-particle	38		འོན་ཀྱང་དེ་གནས་ཡིན་པར་གྲགས་ཏེ། རབ་ཏུ་གྲགས་པའི་ཕྱིར་ཇི་སྐད་བསྟན་པའི་རྒྱུའི་སྟོབས་
1352	terminal-particle+maxcap	31		འདི་ལྟར་དེ་བཞིན་དུ་བྱང་ཆུབ་སེམས་དཔའ་སྟོང་པ་ཉིད་ལ་གནས་པའི་སྦྱོར་བས། འགྲོ་ལ་སེམས་ཅ
1353	terminal-particle+maxcap	19		རང་གི་སྨོན་ནས་ཤེས་པའི་རྒྱུ་དེ་གཉིས་ཙམ་གྱི་བྱིན་གྱི་རླབས་ཅན་ནི་རྟེན་ཅན་ནོ། །
1354	terminal-particle	32		བྱ་བ་རྣམ་པ་སྣ་ཚོགས་ནི་བྱ་བ་དུ་མ་བྱེད་ཅིང་སྤྲུལ་པའི་སྐུ་ནི་རྣམ་པ་སྣ་ཚོགས་པའི་བྱ་བ
1355	terminal-particle+maxcap	33		ཇི་སྐད་བསྟན་པའི་ཐབས་ལ་མཁས་པའི་སྟོབས་ཀྱིས་མྱ་ངན་ལས་འདས་ལ་མི་རེག་པར་དངོས་པོའི་མཚན་
1356	terminal-particle+maxcap	12		དེ་བས་ན་དེ་ཉིད་གནས་པར་གྱུར་པ་ཡིན་ཞེས་བྱའོ། །
1357	terminal-particle	32		སྔོན་གྱི་སྨོན་ལམ་ཡང་མི་འདོར་བའི་ཐབས་བསྟན་པའི་ཕྱིར། གང་གི་ཚེ་ཞེས་བྱ་བ་ལ་སོགས་པ་གས
1358	terminal-particle+maxcap	28		ཆོས་ཐམས་ཅད་མི་དམིགས་པས་སྟོང་པ་ཉིད་ཀྱི་མཆོག་དེ་ཉིད་དང་། རྣམ་པར་གཡེང་བ་མ་ལུས་པ་ཉེ་
1359	terminal-particle	16		དཔའ་བར་འགྲོ་བ་ལ་སོགས་པའི་ཏིང་ངེ་འཛིན་བསྒོམ་པ་ནི་འདི་སྤྱོད་པའོ། །
1360	terminal-particle	35		དེ་ལྟར་ཏིང་ངེ་འཛིན་དང་སྟོང་པ་ཉིད་ཀྱི་རང་བཞིན་གཉིས་ཀྱི་བར་སྐབས་དེར་བྱང་ཆུབ་སེམས་ད
1361	terminal-particle+maxcap+terminal-particle(merged)	37		འདི་ལ་མཚན་མ་མེད་དེ་ཏིང་ངེ་འཛིན་གྱི་སྟོབས་ཀྱིས་གནས་པར་གྱུར་པའོ། །ཇི་སྐད་བསྟན་པའི་
1362	terminal-particle+maxcap+terminal-particle(merged)	35		རིམ་པ་ཇི་ལྟ་བ་བཞིན་དུ་མྱ་ངན་ལས་འདས་པ་ཐོབ་པར་བྱེད་པའི་འཛིན་པ་མེད་པས་ན་ཞི་བའོ། །འཁ
1363	terminal-particle+terminal-particle(merged)	32		སྤྱོད་པ་ནི་མཚན་མ་མེད་པ་ལ་སྤྱོད་པར་འགྱུར་བའོ། །ཐུན་མོང་མ་ཡིན་པའི་ཐབས་ལ་མཁས་པ་བསྟན
1364	terminal-particle+maxcap	32		དཔེར་ན་བར་སྣང་འཕུར་བའི་བྱ་ལ་གནས་ནི་གཞིའི་རང་བཞིན་རབ་ཏུ་མི་གནས་པའི་ཕྱིར་མེད་དེ། ར
1365	terminal-particle	13		གཤོག་པ་གཉིས་ཀྱི་སྟོབས་ཀྱིས་ས་ལ་ཡང་མི་ལྟུང་ངོ་། །
1366	terminal-particle+maxcap	36		དེ་ལྟར་བྱང་ཆུབ་སེམས་དཔའ་སྟོང་པ་ཉིད་ལ་སོགས་པ་རྣམ་པར་ཐར་པའི་སྒོར་སྤྱོད་པའི་སེམས་ཅན
1367	terminal-particle	39		དམིགས་པ་སྤངས་པའི་ཕྱིར་མཚན་མར་སྤྱོད་པ་མ་ཡིན་ཏེ། དེ་ནི་བྱང་ཆུབ་སེམས་དཔའི་ཉན་ཐོས་ལ་
1368	terminal-particle	25		ཆགས་པ་མེད་པའི་ཐབས་ལ་མཁས་པ་དཔེ་སྔོན་དུ་འགྲོ་བས་བསྟན་པའི་ཕྱིར། དཔེར་ན་ཞེས་བྱ་བ་ལ་ས
1369	terminal-particle+maxcap	29		དཔེར་ན་འཕོང་ལེགས་པར་ལོབས་པའི་སྐྱེས་བུ་འགའ་ཞིག་གིས་ལེགས་པར་གནམ་དུ་མདའ་འཕངས་ཏེ། མད
1370	terminal-particle+maxcap	33		དེའི་སྔ་མའི་མདའ་དེ་ས་ལ་ལྟུང་བའི་སྐབས་མི་འབྱེད་དེ། མི་དེ་འདོད་ན་མདའ་དེ་ས་ལ་ལྟུང་བ
1371	terminal-particle+maxcap	26		ཐབས་ལ་མཁས་པ་ཆེན་པོའི་རང་བཞིན་ལ་སྤྱོད་པའི་རྒྱལ་བའི་སྲས་ཤེས་རབ་དང་སྙིང་རྗེ་ལ་སོགས་
1372	terminal-particle+maxcap	33		རྣམ་པར་དཔྱོད་པའི་མ་ཆགས་པའི་སྟོབས་ཀྱིས་དེ་སྲིད་སྟོང་ཉིད་དམ་པ་དེ་ནི་ཐོབ་མི་བྱེད། ག
1373	terminal-particle	34		སྟོང་པ་ཉིད་དང་ཐབས་ལ་མཁས་པ་སྔ་མ་བཞིན་དུ་བསྟན་པའི་ཕྱིར། དཔེར་ན་ཞེས་བྱ་བ་ལ་སོགས་པ་ག
1374	terminal-particle+maxcap	39		དཔེར་ན་ཁྱད་པར་གྱི་ལམ་གྱི་སྟོབས་ཀྱིས་རྫུ་འཕྲུལ་གྱི་སྟོབས་ཆེན་པོ་དང་ལྡན་པ་ཞིག་ནམ་མ
1375	terminal-particle+maxcap	13		འདི་ལྟ་སྟེ། འགྲོ་དང་འཆག་པ་དང་ནི་ཉལ་དང་འདུག་པ་སྟོན། །
1376	terminal-particle+maxcap	37		སྟོང་པ་ཉིད་བསྒོམ་པའི་རྣམ་པར་ཐར་པའི་སྒོ་ནས་སྐྱོ་བ་མེད་ཅིང་ལེགས་པར་གོམས་པས་དེ་ལ་དུ
1377	terminal-particle+terminal-particle(merged)	39		དེ་བཞིན་དུ་བྱང་ཆུབ་སེམས་དཔའ་མཁས་པ་སྟོང་གནས་ཤིང་། ཡེ་ཤེས་ཕུལ་དུ་བྱུང་བ་ཐོབ་པའི་རྫ
1378	terminal-particle+terminal-particle(merged)	34		རྣམ་པ་དུ་མའི་བྱ་བ་བྱེད་པས་ན་འགྲོ་བ་དག་ལ་བྱ་བ་རྣམ་པ་སྣ་ཚོགས་སྙིང་རྗེས་སྤྲུལ་པའི་ས
1379	terminal-particle+terminal-particle(merged)	29		བསྐལ་པ་བྱེ་བར་སྟོང་པ་ཉིད་དང་ཐབས་ལ་མཁས་པའི་སྟོབས་ཀྱིས་སྐྱོ་བ་མེད་དོ། །སྤྲུལ་པ་ལེག
1380	line-end	36		མཚན་མ་མེད་པའི་ཐབས་ལ་མཁས་པ་དེ་བཞིན་དུ་རིག་པར་བྱ་བའི་ཕྱིར། དཔེར་ན་ཞེས་བྱ་བ་ལ་སོགས་
1381	line-end+maxcap	35		ལག་པ་གཉི་གས་གདུགས་གཉིས་འཛིན་པ་ན་དུས་མ་ཡིན་པར་འཁྲུགས་པའི་ཕྱིར་དུས་མ་ཡིན་པའི་རླུང་
1382	line-end+maxcap	36		མི་བཟད་པར་ལུས་བོར་ཡང་སྡུག་བསྔལ་བར་ལྟུང་བར་མི་འགྱུར་ཏེ། ཇི་སྲིད་དེར་ནི་འདོད་པའི་ག
1383	verse-stanza	21		ཐབས་དང་ཤེས་རབ་གཉིས་ཀྱི་གདུགས་ནི་ཡོངས་བཟུང་སྟེ། །↵ཆོས་རྣམས་སྟོང་པ་མཚན་མེད་སྨོན་པ་
1384	terminal-particle	37		ངེས་པར་ཡིད་ཆེས་པར་བྱེད་ཅིང་མཚན་མ་མེད་པའི་ཐབས་ཀྱི་སྟོབས་ཀྱིས་མྱ་ངན་ལས་འདས་ལ་རེག་པ
1385	terminal-particle	34		སྨོན་པ་མེད་པའི་ཐབས་དཔེ་སྔོན་དུ་འགྲོ་བས་རྟོགས་པར་བྱ་བའི་ཕྱིར། དཔེར་ན་ཞེས་བྱ་བ་ལ་ས
1386	terminal-particle	14		བཻ་ཌཱུརྱ་ལ་སོགས་པའི་རིན་པོ་ཆེའི་འབྱུང་གནས་ནི་གླིང་ངོ་། །
1387	terminal-particle+maxcap	29		གང་གི་ཚེ་ཡང་དེར་ནི་དེད་དཔོན་འབའ་ཞིག་བདེ་བར་འཚོ་བྱེད་ཅིང་། དེའི་ཚེ་ཡང་རིན་ཆེན་རྙེ
1388	terminal-particle+maxcap	33		གཉེན་བཤེས་ཚོགས་ལ་ཅི་ནས་བརྩེ་བ་དང་མ་བྲལ་བའི་ཕྱིར་དབུལ་བའི་སྡུག་བསྔལ་གྱིས་ཡིད་མི་བ
1389	terminal-particle+terminal-particle+maxcap(merged)	39		དེ་བཞིན་དུ་བྱང་ཆུབ་སེམས་དཔའ་སྟོང་པ་ཉིད་ནི་ཡོན་ཏན་རིན་པོ་ཆེ་འབྱུང་བའི་ཕྱིར་རིན་ཆེ
1390	terminal-particle+maxcap	38		གང་གི་ཚེ་མྱ་ངན་ལས་འདས་པ་ལ་རེག་པ་འབའ་ཞིག་མངོན་དགའ་བ་དེ་ལྟ་ཡིན་ན་ཡང་སྔོན་གྱི་སྨོན་
1391	terminal-particle	26		ཡིད་ལ་འཇོག་པ་མ་ཡིན་ཏེ། སྨོན་པ་མེད་པའི་ཐབས་ཀྱི་སྟོབས་ཀྱིས་མྱ་ངན་ལས་འདས་པ་མངོན་དུ་
1392	line-end	34		དེ་བཞིན་དུ་ཕྱིར་མི་ལྡོག་པའི་རྟགས་ཀྱི་ཐབས་ལྡན་པའི་ཕྱིར། དཔེར་ན་ཞེས་བྱ་བ་ལ་སོགས་པ་
1393	line-end+maxcap	14		འཚོང་བ་དང་ཉོ་བའི་ཟོང་གི་རིན་ཐང་ཤེས་པར་བྱ་བའི་ཕྱིར།
1394	verse-stanza	19		བར་གྱི་གྲོང་ཁྱེར་གྲོང་རྡལ་གྲོང་གང་ཡིན་པར་འགྲོ། །↵དེར་ཡང་ནི་གྲོང་ཁྱེར་ལ་སོགས་པར་ར
1395	verse-stanza	13		རིན་ཆེན་གླིང་དུའང་མི་གནས་ལ། །↵རིག་པ་ཁྱིམ་དུའང་མི་གནས་སོ། །
1396	terminal-particle	25		འོན་ཀྱང་དེ་ཉིད་ཀྱིས་རྐུན་མ་ལ་སོགས་པ་ཐག་བསྲིང་བའི་ཐབས་ཤེས་པའི་བདག་ཉིད་ཡིན་པའི་ཕྱི
1397	terminal-particle	32		ནོར་སོགས་པར་བྱེད་པས་ན་རྣམ་པར་རིག་པར་བྱེད་པའི་ཕྱིར་རང་གི་ཁྱིམ་དུ་བསྐྱབ་པར་བྱ་བའི་
1398	terminal-particle	24		དེ་བཞིན་དུ་བྱང་ཆུབ་སེམས་དཔའ་དད་པའམ། སྙིང་རྗེ་དང་ཤེས་རབ་ཀྱི་སྦྱོར་བ་ཤེས་པས་ན་མཁས་
1399	terminal-particle	34		ཉན་ཐོས་དང་རང་སངས་རྒྱས་རྣམས་ཀྱི་ལམ་ཤེས་པས་རྣམ་པར་གྲོལ་བ་ཀུན་ལ་མཁས་ཏེ། དེ་དག་གིས་འ
1400	terminal-particle	23		སེམས་ཅན་གྱི་དོན་ཡོངས་སུ་མི་གཏོང་བས་ན་དེ་དག་མངོན་དུ་མི་བྱེད་པས་དེ་ལ་ཡང་མི་གནས་སོ།
1401	terminal-particle+terminal-particle(merged)	33		བྱ་བ་མ་བྱས་པས་ནི་དེ་བཞིན་དུ་དེ་བཞིན་གཤེགས་པའི་ཡེ་ཤེས་ལ་མི་གནས་སོ། །འདུས་བྱས་ཀྱི་
1402	terminal-particle	12		དེ་ཉིད་ཀྱི་ཕྱིར་ཐམས་ཅད་དུ་འགྲོ་བའི་ལམ་ཡིན་ནོ། །
1403	terminal-particle	34		ཡོན་ཏན་དང་སྐྱོན་རིམ་པ་ཇི་ལྟ་བ་བཞིན་དུ་ཡོངས་སུ་ཤེས་པ་ལ་མཁས་པ་ནི་ཚུལ་ཤེས་པ་ཡིན་ཏེ།
1404	terminal-particle+maxcap	13		ཐུན་མོང་མ་ཡིན་པའི་ཆོས་ཡིན་ནོ་ཞེས་བསྟན་པར་འགྱུར་རོ། །
1405	objection-close	37		ཚད་མེད་པའི་ཐབས་ལ་མཁས་པ་བསྟན་པའི་ཕྱིར། གང་ཚེ་ཞེས་བྱ་བ་ལ་སོགས་པ་གསུངས་ཏེ། གང་གི་ཚེ
1406	objection-close+maxcap	47	STAGE2_REVIEW	ཏིང་འཛིན་སྟོང་པ་མཚན་མེད་སྨོན་པ་མེད་སྤྱོད་པ་དེའི་ཚེ་སེམས་ཅན་ཚད་མེད་པ་ལ་སྟོང་པ་ཉིད
1407	terminal-particle+terminal-particle(merged)	28		རྒྱལ་བའི་སྲས་དེས་དེ་བཞིན་དུ་ཡང་འདུས་བྱས་ཡིན་པར་གདགས་ནུས་དེ་ནི་གནས་མེད་དོ། །ཞེས་བ
1408	terminal-particle	36		དེ་ཉིད་ཀྱི་དོན་དཔེས་གསལ་བར་བསྟན་པའི་ཕྱིར། དཔེར་ན་སྤྲུལ་པའི་མི་ནི་སྔགས་ལ་སོགས་པས་
1409	terminal-particle+maxcap	22		རིག་པས་དཔྱད་ན་སྟོང་པའི་ཕྱིར། དེ་ནི་གང་གིས་ཀྱང་ནི་གདགས་པར་ནུས་པ་ཡིན་ཞེས་བྱ་བར་འབྲ
1410	terminal-particle	54	STAGE2_REVIEW	དེ་བཞིན་དུ་བྱང་ཆུབ་སེམས་དཔའ་སེམས་ཅན་ལ་དམིགས་པ་མེད་པ་སྟོང་པ་ཉིད་ལ་སོགས་པའི་རྣམ་པར
1411	terminal-particle	35		དེ་ལྟ་བས་ན་ཐབས་སྔ་མ་སྔ་མ་ནི་ཐབས་ཕྱི་མ་ཕྱི་མའི་རྒྱུའི་གཙོ་བོ་ཡིན་ཏེ། སྟོང་ཕྲག་བརྒ
1412	terminal-particle+terminal-particle(merged)	33		ཐབས་མཐའ་ཡས་པ་ཐམས་ཅད་འདིར་འདུས་པ་ཡིན་ནོ། །རྒྱུ་གཞན་བརྗོད་པར་བྱ་བ་མེད་དོ་ཞེས་ཉེ་བར
1413	terminal-particle+maxcap	39		གལ་ཏེ་རྒྱལ་བའི་སྲས་ཀྱི་གནས་པར་བྱ་བ་སྤྱོད་པ་དང་ནི་དབང་པོ་ཟབ་མོའི་ཆོས་དྲིས་ལ་རྒྱས་
1414	terminal-particle+maxcap	39		བྱང་ཆུབ་སེམས་དཔའ་སྟོང་པ་མཚན་མ་མེད་པ་དང་། སྨོན་པ་མེད་པའི་རྣམ་པར་ཐར་པའི་སྒོ་དང་། ཕ
1415	terminal-particle	23		བསྡུས་ནས་བསྟན་པ་རྒྱས་པར་མི་འཆད་པ་དེ་ནི་ལུང་མ་བསྟན་པ་ཡིན་པར་རིག་པར་བྱའོ་ཞེས་བསྟན་
1416	line-end	19		དེ་དག་གིས་ནི་རྣམ་པ་ཀུན་མངོན་པར་རྫོགས་པ་བསྟན་པ་ཡིན་ཏེ། དེ་སྐད་དུ་ཡང་།
1417	verse-stanza	27		རྣམ་པ་སྦྱོར་དང་བཅས་རྣམས་དང་། །↵ཡོན་ཏན་སྐྱོན་ནི་མཚན་ཉིད་བཅས། །↵ཐར་དང་ངེས་འབྱེད་ཆ་
1418	verse-stanza	26		སྲིད་དང་ཞི་བ་མཉམ་ཉིད་དང་། །↵ཞིང་དག་བླ་ན་མེད་པ་ནི། །↵རྣམ་ཀུན་མངོན་རྫོགས་རྟོགས་པ་ས
1419	quote-close	3		ཞེས་གསུངས་སོ། །
1420	line-end	36		རྣམ་པ་ཀུན་མངོན་པར་རྫོགས་པར་རྟོགས་པ་ཐོབ་པ་ནི་དེ་མ་ཐག་ཏུ་རབ་ཀྱི་མཐར་ཐུག་པ་རྩེ་མོའི
1421	line-end+maxcap	21		དགྲ་བཅོམ་ཞེས་བྱ་བ་ལ་སོགས་པ་གསུངས་ཏེ། དགྲ་བཅོམ་པ་དང་རྐྱེན་གྱི་སངས་རྒྱས་ཡེ་ཤེས་དང་
1422	verse-stanza	14		ཁམས་གསུམ་དག་ཀྱང་མི་འདོད་དེ། །↵ཤིན་ཏུ་གོམས་པར་བྱས་པའི་ཕྱིར་རོ། །
1423	line-end	36		རྨི་ལམ་ན་ཡང་སངས་རྒྱས་རྣམས་མཐོང་འགྲོ་ལ་ཆོས་ཀྱང་སྟོན་བྱེད་པ་དེ་ལྟ་བུ་ནི་རྩེ་མོའི་མ
1424	line-end+maxcap+line-end+maxcap(merged)	29		དེ་བཞིན་དུ། རྨི་ལམ་ན་ནི་སེམས་ཅན་ངན་སོང་གསུམ་གནས་མཐོང་། །རྨི་ལམ་དུ་རྟོགས་པའི་ཕྱིར
1425	line-end+maxcap	43	STAGE2_REVIEW	དེ་བཞིན་དུ་བདེན་པའི་བྱིན་གྱི་བརླབས་ཀྱིས་རྨི་ལམ་གྱི་གནས་སྐབས་ན་ཡང་གྲོང་ཁྱེར་ལ་སོག
1426	line-end+maxcap	25		དེ་བཞིན་དུ་མིའི་འཇིག་རྟེན་འབྱུང་པོའི་གདོན་དང་ནད་མང་བ། བདེན་པའི་བྱིན་གྱི་རླབས་ཀྱི
1427	line-end+maxcap	31		འགྲོ་བ་རྗེས་སུ་གཟུང་བའི་བློས་ཕན་དང་སྙིང་བརྩེར་ལྡན་པས་འབྱུང་པོས་ཟིན་པ་བསལ་ནས་བདག་
1428	line-end+maxcap	27		ཡང་གཞན་དག་ལ་སྨོད་པར་མི་བྱེད་པ་དེ་ལྟ་བུ་ནི་སྔ་མ་བཞིན་དུ། དེ་ནི་མི་ལྡོག་ལུང་བསྟན་ཡ
1429	line-end+maxcap	23		ཡོན་ཏན་རིན་པོ་ཆེ་སྡུད་པ་ཚིགས་སུ་བཅད་པ་ལས་ཐབས་ལ་མཁས་པའི་ལེའུ་སྟེ་ཉི་ཤུ་པའི་བཤད་པའ
1430	terminal-particle	37		བདུད་ཀྱི་བྱིན་གྱི་རླབས་ཀྱིས་སོང་བ་ནི་རྟགས་མ་ཡིན་པའི་ཕྱིར། ཅི་སྟེ་ཞེས་བྱ་བ་ལ་སོགས
1431	terminal-particle+maxcap	10		འབྱོར་པས་བདག་ལུང་བསྟན་སྙམ་རློམ་སེམས་འབྱུང་བའམ། །
1432	terminal-particle+maxcap	38		དེ་བཞིན་དུ་གལ་ཏེ་བྱང་ཆུབ་སེམས་དཔའ་གཞན་གྱིས་ལུང་བསྟན་པས་བྱང་ཆུབ་སེམས་དཔའ་གཞན་ལ་སྨ
1433	terminal-particle+maxcap	27		དེ་མ་ཐག་ཏུ་ཆེ་བས་ཆེ་བའི་ང་རྒྱལ་འབྱུང་བས་བློ་ཆུང་བ་དང་། སེམས་ཆུང་བའི་ཞེས་བྱ་བའི་བ
1434	terminal-particle	26		ཞར་ལས་འབྱུང་བའི་བདུད་ཀྱི་ལས་ཀྱི་བྱེ་བྲག་བསྟན་པ་ལས་མིང་གི་གཞི་ལས་འབྱུང་བའི་བདུད་ཀ
1435	terminal-particle	39		མིང་གི་ཞེས་བྱ་བ་ལ་སོགས་པ་གསུངས་ཏེ། མ་ལ་སོགས་པའི་མིང་བརྗོད་ཅིང་བྱིན་གྱིས་རློབ་པ་བ
1436	terminal-particle+maxcap	30		ཁྱོད་ཀྱི་གཞན་ཡང་བརྒྱུད་པ་བདུན་མེས་བརྒྱུད་ཀྱི་བར་གྱི་མིང་འདི་ཡིན་ཞིང་། གང་ཟག་འབྱུ
1437	terminal-particle+maxcap	39		དེ་བཞིན་དུ་གང་ཚེ་ཁྱོད་ནི་སངས་རྒྱས་འགྱུར་བའི་མིང་འདི་ཡིན་ནོ་ཞེས་བྱ་བས་དེའི་ཚེ་ཡང་
1438	terminal-particle+maxcap	29		དེ་ཐོས་པས་མངོན་པའི་ང་རྒྱལ་སྐྱེས་ནས་བདུད་ཉེ་བར་འོངས་པས་འདི་ནི་བློ་ཆུང་ངུ་ཡིན་ནོ་ཞ
1439	terminal-particle	24		སྦྱངས་པའི་ཡོན་ཏན་གྱི་གཞི་ལས་བྱུང་བའི་བདུད་ཀྱི་ལས་བསྟན་པའི་ཕྱིར། སྦྱངས་སྡོམ་ཞེས་བ
1440	terminal-particle+maxcap	37		སྦྱངས་པའི་ཡོན་ཏན་གང་ཅི་འདྲ་བ་བསོད་སྙོམས་པ་ཉིད་ལ་སོགས་པ་དང་ལྡན་པ་དང་། རྣལ་འབྱོར་ད
1441	terminal-particle+maxcap	45	STAGE2_REVIEW	དེ་སྐད་གང་ཐོས་རློམ་སེམས་ཏེ་མངོན་པའི་ང་རྒྱལ་སྐྱེས་ན་བྱང་ཆུབ་སེམས་དཔའ་དེ་ནི་བདུད་ཀ
1442	line-end	31		ཡང་དབེན་པའི་གཞི་ལས་བྱུང་བའི་བདུད་ཀྱི་ལས་བསྟན་པའི་ཕྱིར། རབ་ཏུ་དབེན་པའི་ཞེས་བྱ་བ་ལ
1443	verse-stanza	18		རབ་ཏུ་དབེན་པའི་གྲོང་དང་གྲོང་ཁྱེར་རོ། །↵ཆུ་འབབ་པ་དང་ལྡན་པའི་ཕྱིར་རི་སུལ་ལོ། །
1444	terminal-particle+terminal-particle(merged)	30		གྲོང་ལས་རྒྱང་གྲགས་ཀྱི་ཚད་ཙམ་ན་གནས་པ་ནི་དགོན་པའོ། །འབྲོག་དགོན་པ་ལ་སོགས་པར་སྟག་ལ་ས
1445	terminal-particle	68	STAGE2_REVIEW	ནགས་ཀྱི་ཁྱད་པར་ནི་ནགས་ཁྲོད་དེ་རབ་ཏུ་སྟེན་བྱེད་ཅིང་གལ་ཏེ་བདག་ལ་བསྟོད་ལ་ཡོན་ཏན་ལ་ས
1446	objection-open+line-end(merged)	20		འོ་ན་དབེན་པའི་གནས་ཇི་ལྟ་བུ་ཡིན་ཞེ་ན། རྟག་ཏུ་ཞེས་བྱ་བ་ལ་སོགས་པ་གསུངས་ཏེ།
1447	verse-stanza	17		ལུས་འཕགས་ལ་སོགས་པ་ནི་གྲོང་ངོ་། །↵ཙམ་པ་ཀ་ལ་སོགས་པ་ནི་ཡུལ་ལོ། །
1448	terminal-particle	12		པ་ཏྲ་ལི་པུ་ཏྲ་ལ་སོགས་པ་ནི་ཡུལ་འཁོར་ཏེ།
1449	terminal-particle+maxcap	47	STAGE2_REVIEW	རྟག་ཏུ་གནས་བྱེད་ཅིང་གཞན་དུ་ན་ཉན་ཐོས་ལ་སོགས་པའི་གདུལ་བྱའི་སེམས་ཅན་ཡོངས་སུ་སྨིན་པར
1450	terminal-particle+line-end(merged)	39		དེ་ནི་དགྲ་བཅོམ་པ་དང་རང་རྒྱལ་ནི་རང་རྒྱལ་ལོ། །འདོད་པ་གཞན་ཡང་སྐྱེད་མི་བྱེད་དེ། བསྟན
1451	verse-stanza	27		དེ་བཞིན་གཤེགས་པ་ཞེས་བྱ་བར་འབྲེལ་ཏོ། །↵འདི་ནི་ཆོས་ཀྱི་དབྱིངས་ལས་བྱུང་བའི་ཕྱིར་རོ།
1452	terminal-particle	34		གཞན་ནི་དབེན་པ་མ་ཡིན་ནོ་ཞེས་བསྟན་པའི་ཕྱིར། གང་ཞིག་ཅེས་བྱ་བ་ལ་སོགས་པ་གསུངས་ཏེ། གང་
1453	terminal-particle	14		གང་གི་ཕྱིར་ལོ་མང་བྱེ་བར་གནས་བྱེད་ཀྱང་གནས་ནི་ཁྱིམ་མོ། །
1454	terminal-particle	51	STAGE2_REVIEW	དབེན་པ་འདི་ནི་བསྟན་མ་ཐག་པ་ཡིན་པར་མི་ཤེས་པའི་བྱང་ཆུབ་སེམས་དཔའ་ཉན་ཐོས་ལ་སོགས་པའི་ཡ
1455	terminal-particle+maxcap+terminal-particle(merged)	37		བྱང་ཆུབ་སེམས་དཔའ་ཉིད་ཐོབ་པ་མ་ཡིན་ནོ། །ང་རྒྱལ་གྱི་ཡུལ་དེ་ཉིད་བདུད་ཀྱི་སྤྱོད་ཡུལ་ལ
1456	terminal-particle+maxcap+terminal-particle(merged)	33		གལ་ཏེ་བྱང་ཆུབ་སེམས་དཔའ་འགྲོ་བའི་དོན་ལ་མངོན་དུ་ཕྱོགས་པ་ན་བརྩོན་པའོ། །བཟོད་པ་ནས་ཆོ
1457	terminal-particle+terminal-particle+terminal-particle(merged)	32		བསམ་གཏན་ནི་བཞི་སྟེ་མཉམ་པར་སྒྲུབ་པའོ། །དྲོད་དང་རྩེ་མོའི་རང་བཞིན་དད་པ་ལ་སོགས་པ་ནི་
1458	terminal-particle	12		དཔའ་བར་འགྲོ་བ་ལ་སོགས་པ་ནི་ཏིང་ངེ་འཛིན་ཏོ། །
1459	quote-open	29		ཐོབ་པ་དེ་ལ་འདི་ནི་དགོན་དབེན་སྤྱོད་པ་མིན་སྙམ་བྱང་ཆུབ་སེམས་དཔའ་བརྙས་བྱེད་ན། །དེ་ནི
1460	terminal-particle	30		རྒྱ་ཆེར་བསྟན་པ་ཉིད་ཉེ་བར་བསྡུ་བའི་ཕྱིར། གང་ཞིག་ཅེས་བྱ་བ་ལ་སོགས་པ་གསུངས་ཏེ། གང་ཞི
1461	terminal-particle+maxcap+terminal-particle(merged)	38		རྣམ་པ་ཐམས་ཅད་དུ་ཉན་ཐོས་ལ་སོགས་པའི་ཡིད་ལ་བྱེད་པས་དབེན་པ་ནི་ཐེག་པ་གཉིས་ཀྱི་སེམས་བྲ
1462	terminal-particle	36		བྱང་ཆུབ་སེམས་དཔའི་དབེན་པ་དེ་ལས་གཞན་ནི་ཉན་ཐོས་ལ་སོགས་པ་དང་འབྲེལ་པ་ཡོན་ཏན་ཆུང་ངུ་ཐ
1463	terminal-particle	23		གང་གི་ཕྱིར་བསྟན་མ་ཐག་པའི་ཉེས་པས་དབེན་ཞིང་འགྲོ་དོན་ཞུགས་པ་རྣམས་ཀྱི་སྟེ། རྒྱལ་བའི་
1464	line-end	25		ཡོན་ཏན་རིན་པོ་ཆེ་སྡུད་པ་ཚིགས་སུ་བཅད་པ་ལས་བདུད་ཀྱི་ལས་ཀྱི་ལེའུ་སྟེ་ཉི་ཤུ་རྩ་གཅིག་
1465	terminal-particle	31		གང་གིས་ཡོངས་སུ་མ་ཤེས་པ་དེ་ཉིད་ཉེས་པ་སྟེ། མི་མཐུན་པའི་ཕྱོགས་དེ་དག་དགག་པའི་ཕྱིར། ད
1466	terminal-particle+maxcap	34		གང་གི་ཕྱིར་བསྟན་མ་ཐག་པའི་ང་རྒྱལ་ཉེས་པ་ཡིན་པ་དེ་ལྟ་བས་ན་ངེས་པར་བཅོམ་སྟེ། དེ་ལྟ་བུ
1467	terminal-particle+terminal-particle(merged)	29		མངོན་པར་ཡིད་ཆེས་པ་མང་བའི་ཕྱིར་བསམ་པ་དྲག་ལྡན་ནོ། །བྱང་ཆུབ་དམ་པ་ཚོལ་བ་དེས་ན་ནད་པའི
1468	terminal-particle+maxcap+objection-close(merged)	34		འདོད་ཆགས་ལ་སོགས་པ་རང་གི་ནད་གསོ་བའི་ཕྱིར་གཡེལ་བ་མེད་པར་དགེ་བའི་བཤེས་གཉེན་བསྟེན་པར
1469	terminal-particle	16		སངས་རྒྱས་ཞེས་བྱ་བ་ལ་སོགས་པ་གསུངས་ཏེ། སངས་རྒྱས་ནི་བཅོམ་ལྡན་འདས་སོ། །
1470	terminal-particle	27		བྱང་ཆུབ་མཆོག་ཞུགས་བྱང་ཆུབ་སེམས་དཔའ་དག་གིས་དགེ་བའི་བཤེས་གཉེན་དག་ཕ་རོལ་ཏུ་ཕྱིན་པ་ད
1471	terminal-particle	29		དེ་སྨན་པ་ལ་སངས་རྒྱས་ལ་སོགས་པ་ནི་ཕན་པ་དང་ཕན་པ་མ་ཡིན་པ་ཐོབ་པ་དང་སྤོང་བ་རྗེས་སུ་སྟོ
1472	terminal-particle	27		སྦྱིན་པ་ལ་སོགས་པ་ཕ་རོལ་ཏུ་ཕྱིན་པ་རྣམས་ནི་རྗེས་སུ་གནས་པར་བྱ་བ་ཡིན་པའི་ཕྱིར་སྒྲུབ་
1473	terminal-particle	27		དེ་ལྟར་རྒྱུ་རྣམ་པ་གཉིས་ཀྱིས་སངས་རྒྱས་བྱང་ཆུབ་མྱུར་དུ་རྟོགས་ཏེ། དེ་ལས་མ་གཏོགས་པའི
1474	terminal-particle	35		སངས་རྒྱས་དང་བྱང་ཆུབ་སེམས་དཔའ་ཐམས་ཅད་ཀྱི་ཕ་རོལ་ཏུ་ཕྱིན་པ་ཁོ་ན་སྒྲུབ་པའི་ས་མ་ཡིན་ན
1475	terminal-particle+maxcap+terminal-particle+terminal-particle(merged)	31		རྒྱལ་བ་ཞེས་བྱ་བ་ལ་སོགས་པ་གསུངས་ཏེ། འགགས་པས་ན་འདས་པའོ། འབྱུང་བར་འགྱུར་བའི་དུས་ཡིན
1476	line-end	28		ཕྱོགས་བཅུ་དག་གི་སངས་རྒྱས་བཅོམ་ལྡན་འདས་དེ་དག་ཀུན་ཏེ། སངས་རྒྱས་ཇི་སྙེད་པའི་ལམ་ཕ་རོ
1477	ordinal-open+terminal-particle(merged)	33		གཉིས་པ་མེད་པའི་ཕྱིར་གཞན་མ་ཡིན་ཏེ། གཞན་གྱིས་ཕྱིན་ཅི་ལོག་སྤོང་བ་མེད་པའི་ཕྱིར་རོ། །
1478	terminal-particle+terminal-particle(merged)	36		ཤེས་བྱའི་སྒྲིབ་པའི་མུན་པ་བསལ་བས་ན་སྒྲོན་མའོ། །དེ་བཞིན་དུ་ཡང་བྱང་ཆུབ་མཆོག་ལ་ཞུགས་
1479	terminal-particle+terminal-particle(merged)	38		ཡང་བསྒོམ་པའི་ལམ་བསྐྱེད་པ་རྗེས་སུ་སྟོན་པས་སྟོན་པར་འགྱུར་བའོ། །ཡང་དག་པར་ཕ་རོལ་ཏུ་ཕ
1480	terminal-particle+objection-close(merged)	40		ཞར་ལ་བྱུང་བ་བསྟན་ནས་ད་ནི་སྐབས་ལ་བབ་པ་ཉིད་ཀྱིས་ཇི་སྐད་བསྟན་པའི་རྟགས་ལ་མངོན་པར་ཞེན
1481	objection-close+maxcap	58	STAGE2_REVIEW	ཇི་ལྟར་ཤེས་རབ་ཀྱི་ཕ་རོལ་ཏུ་ཕྱིན་པ་སྒྱུ་མ་ལྟ་བུར་གཅིག་དང་དུ་མའི་རང་བཞིན་དང་བྲལ་བའ
1482	objection-close+maxcap	37		དེ་བས་ན་ཆོས་རྣམས་སྟོང་ཞིང་མཚན་མ་མེད་པར་རབ་ཤེས་ན། གང་གི་ཚེ་ཇི་སྐད་བསྟན་པའི་རྟགས་ལ
1483	objection-close+maxcap	34		ཇི་སྐད་བསྟན་པའི་རྟགས་ཀྱི་རང་བཞིན་རྣམས་དང་། ཆོས་རྣམས་ཐམས་ཅད་སྟོང་པ་ཉིད་ཡིན་ན་ཇི་ལ
1484	terminal-particle	25		སེམས་ཅན་ཞེས་བྱ་བ་ལ་སོགས་པ་གསུངས་ཏེ། བདག་དང་བདག་གིར་ཞེན་པས་ཁམ་གྱི་ཟས་ལ་སོགས་པ་འདོ
1485	terminal-particle+maxcap	20		འདོད་པ་དང་གཟུགས་ལ་སོགས་པའི་སེམས་ཅན་དུ་ཡོངས་སུ་རྡོག་པས་འཁོར་བ་སྒྲུབ་པ་དང་།
1486	terminal-particle+maxcap	29		སྲུང་བ་མི་ཟད་པའི་སྐྱེ་བོ་ཕྱིན་ཅི་ལོག་ལ་ཆགས་པའི་ཡིད་ལ་བྱེད་པ་དང་ལྡན་པས་དེས་སྐྱེ་བ
1487	terminal-particle+terminal-particle(merged)	38		ཡང་དེ་ཁོ་ན་ཉིད་དུ་བདག་དང་བདག་གི་ལ་སོགས་པའི་ཆོས་ཉིད་གཉིས་མ་སྐྱེས་པའི་ཕྱིར་ཡང་དག་མ
1488	terminal-particle+objection-close(merged)	22		དེ་བཞིན་དུ་སྐྱེ་བོ་རྣམས་རང་ཉིད་བཅིངས་པ་སྟེ་གྲོལ་བར་དཀའ་ཞེས་བྱ་བའི་བར་དུའོ། །ཅིའི
1489	terminal-particle+terminal-particle(merged)	33		ཐ་སྙད་ལ་མི་མཁས་པའི་ཕྱིར་བྱིས་པ་སྟེ། བྱིས་པ་བཞིན་གྲོལ་བར་མི་ནུས་ཞེས་བྱ་བའི་བར་དུའ
1490	objection-close	18		ཅི་འདི་དག་ཕྱིན་ཅི་ལོག་གི་སྟོབས་ཀྱིས་ཀུན་དུ་སྟོན་པར་རྣམ་པར་གཞག་ཅེ་ན།
1491	terminal-particle	34		དཔེར་ན་ཞེས་བྱ་བ་ལ་སོགས་པ་གསུངས་ཏེ། དཔེར་ན་དུག་མེད་པ་ལ་ཕྱིན་ཅི་ལོག་གི་སྟོབས་ཀྱིས་
1492	terminal-particle+terminal-particle(merged)	35		དུག་དེ་ཁོང་དུ་སོང་བ་མེད་ཀྱང་བརྒྱལ་བར་འགྱུར། དེ་བཞིན་དུ་འཕགས་པའི་ལམ་མ་སྐྱེས་པའི་ཕ
1493	terminal-particle+line-end(merged)	12		འདི་ནི་བདག་གི་ཆོས་སོ་སྙམ་མོ། །དེ་སྐད་དུ་ཡང་།
1494	verse-stanza	26		བདག་ཡོད་པ་ནི་གཞན་དུ་ཤེས། །↵བདག་གཞན་ཆ་ལས་འཛིན་དང་སྡང་། །↵དེ་གཉིས་དང་ནི་འབྲེལ་པ་ལས
1495	terminal-particle+terminal-particle(merged)	36		ཞེས་གསུངས་པ་ཡིན་ནོ། །དེ་ལྟར་བདག་ཏུ་འདུ་ཤེས་པ་སྐྱེས་པ་དེས་ཀྱང་དེ་དག་ཉིད་དུ་དབེན་ཞ
1496	terminal-particle	20		ཇི་སྐད་བསྟན་པའི་ནུས་པ་ལས་བཟློག་པ་ནི་རྣམ་པར་བྱང་བའི་དངོས་པོར་རྣམ་པར་གཞག་གོ། །
1497	terminal-particle	29		བདེན་པ་གཉིས་ལ་ཡང་དག་པར་བརྟེན་ནས་གཉི་ག་རྣམ་པར་གཞག་པ་ཉེ་བར་བསྡུ་བའི་ཕྱིར། ཇི་ལྟར་ཞ
1498	terminal-particle+maxcap+terminal-particle(merged)	35		ཇི་ལྟར་འཛིན་པ་སྟེ་མངོན་པར་ཞེན་པ་ནི་ཀུན་རྫོབ་བོ། །དེ་ལྟར་ཀུན་ནས་ཉོན་མོངས་པ་བསྟན་ན
1499	quote-open	12		ཇི་ལྟར་མི་དམིགས་པ་དེ་ལྟར་རྣམ་པར་བྱང་བར་གསུངས།
1500	line-end	30		དེ་ཁོ་ན་ཉིད་དུ་འདི་ལ་གང་ཡང་སྟེ། སྒྱུ་མ་ལྟ་བུ་ཡིན་པའི་ཕྱིར་ཕྱིན་ཅི་ལོག་མེད་པས་གང་
1501	verse-stanza	19		བྱང་ཆུབ་སེམས་དཔས་ཤེས་རབ་ཕ་རོལ་ཕྱིན་པ་རྟོགས། །↵ཆོས་ཉིད་ཅེས་བྱ་བའི་ཚིག་གི་ལྷག་མའོ།
1502	terminal-particle	31		དེ་ལྟར་དེའི་རྟགས་ཤེས་པར་བྱས་ནས་རྩེ་མོའི་མངོན་པར་རྟོགས་པའི་རྣམ་པར་འཕེལ་བ་བསྟན་པའི
1503	terminal-particle+maxcap	13		འཛམ་བུའི་གླིང་ན་སེམས་ཅན་ཇི་སྙེད་གནས་པ་མ་ལུས་པ། །
1504	terminal-particle+maxcap	37		དེ་དག་ཐམས་ཅད་བྱང་ཆུབ་མཆོག་ཏུ་སེམས་བསྐྱེད་ནས། །སངས་རྒྱས་དང་བྱང་ཆུབ་སེམས་དཔའ་རྣམས་
1505	terminal-particle+maxcap	19		འགྲོ་བའི་དོན་མངོན་པར་འདོད་པ་ནི་དོན་ཏེ་ཆེད་དུ་བྱང་ཆུབ་རྒྱུར་ཡོངས་བསྔོ་ཡང་།
1506	terminal-particle+maxcap+terminal-particle(merged)	40		གང་ཟག་གཞན་གང་ཞིག་གིས་རྩེ་མོ་མངོན་པར་རྟོགས་པའི་རང་བཞིན་ནི་ཤེས་རབ་ཀྱི་ཕ་རོལ་ཏུ་ཕྱི
1507	terminal-particle+maxcap	56	STAGE2_REVIEW	འདིར་ཤེས་རབ་ཀྱི་ཕ་རོལ་ཏུ་ཕྱིན་པ་ལ་མངོན་པར་བརྩོན་པ་རྣམ་པ་ཐམས་ཅད་འཕེལ་བ་དང་ལྡན་པའི
1508	terminal-particle	19		དེའི་ཕྱིར་གཡེལ་བ་མེད་པར་རྟག་ཏུ་ཤེས་རབ་འཇུག་པར་བྱ་སྟེ། བསྒོམ་པར་བྱ་ཞེས་ལྷག་མའོ། །
1509	terminal-particle	33		ཡུལ་འདི་འབའ་ཞིག་ལ་གོམས་པར་བྱ་བ་མ་ཡིན་ལ། འོན་ཀྱང་སྙིང་རྗེ་ཡང་གོམས་པར་བྱའོ་ཞེས་བསྟ
1510	terminal-particle+maxcap	28		ཤེས་རབ་ཕ་རོལ་ཕྱིན་མཆོག་སྤྱོད་པ་ཇི་ལྟར་བསྟན་པའི་རང་བཞིན་ལ་མཉམ་པར་འཇོག་པའི་ཚེ་རྒྱལ
1511	terminal-particle+terminal-particle(merged)	34		སྙིང་རྗེ་ཆེན་པོ་བསྐྱེད་ཀྱང་སེམས་ཅན་འདུ་ཤེས་མེད་དེ། མངོན་པར་ཞེན་པས་སེམས་ཅན་དུ་འདུ
1512	terminal-particle	15		འགྲོ་བ་ཀུན་གྱི་བསོད་ནམས་ཀྱི་ཞིང་ཡིན་པའི་ཕྱིར་སྦྱིན་གནས་འགྱུར་རོ། །
1513	terminal-particle	29		དུས་རྟག་ཏུ་གདོན་མི་ཟ་བར་ཐོབ་པའི་འབྲས་བུ་སྟེར་བའི་ནུས་པ་དང་ལྡན་པའི་ཕྱིར་ཡུལ་འཁོར་
1514	terminal-particle	35		དེ་བས་ན་སེམས་ཅན་གྱི་དོན་གྱི་རབ་སྙིང་རྗེ་དང་ཤེས་རབ་གཉིས་ཀྱི་རྣལ་འབྱོར་སྒྲུབ་བོ་ཞེ
1515	terminal-particle+maxcap	34		བྱང་ཆུབ་སེམས་དཔའ་གང་ཞིག་འདིར་རང་གི་ཕྱིན་ཅི་ལོག་གི་སྟོབས་ཀྱིས་དུས་ཡུན་རིང་པོར་བཅི
1516	terminal-particle+terminal-particle(merged)	36		དགྲོལ་བར་ཡང་དག་པར་འདོད་པས་ལམ་ཡངས་ནི་ཐེག་པ་ཆེན་པོའོ། །འཁོར་བའི་རྒྱ་མཚོའི་ཕ་རོལ་གྱ
1517	terminal-particle	24		དེ་བས་ན་ཉིན་མཚན་དུ་ཤེས་རབ་ཀྱི་ཕ་རོལ་ཏུ་ཕྱིན་པ་སྙིང་རྗེ་དང་བཅས་པ་འདི་ལ་བརྩོན་པར་བ
1518	quote-open	33		དོན་དེ་ཉིད་ཁོ་ན་ཞེས་དཔེས་གསལ་བར་བྱ་བའི་ཕྱིར། མི་ཞིག་ཅེས་བྱ་བ་ལ་སོགས་པ་གསུངས་ཏེ། 
1519	quote-open+maxcap	15		ཁྱད་པར་དུ་འཕགས་པའི་དུས་གཞན་ཞིག་རྙེད་པར་གྱུར་ཏེ་དགའ་བ་ལས།
1520	terminal-particle	19		དེ་མ་ཐག་ཏུ་ཡང་རྣམ་པར་གཡེང་བ་ལ་སོགས་པའི་སྤྱོད་པས་བག་མེད་པར་གྱུར་ཏེ།
1521	terminal-particle+maxcap	35		རྙེད་པ་སྟོར་ན་ནི་དེ་ལ་སྟོར་བར་མི་འདོད་པ་དང་མངོན་པར་འདོད་པའི་དངོས་པོ་དང་བྲལ་བའི་ཡ
1522	terminal-particle	41	STAGE2_REVIEW	དེ་ལྟར་དེ་བཞིན་དུ་བྱང་ཆུབ་མཆོག་ཞུགས་རྙེད་པར་དཀའ་བའི་ཕྱིར་རིན་པོ་ཆེ་དང་འདྲ་བའི་སྙ
1523	terminal-particle	23		རིན་ཆེན་དོར་བ་རྙེད་པ་ལྟར། །འདི་ལྟར་གོས་ལ་སོགས་པ་ལ་གཏུམས་ནས་རབ་ཏུ་བརྩོན་པས་སེམས་ཅ
1524	terminal-particle	49	STAGE2_REVIEW	གང་གི་ཚེ་ཤེས་རབ་ཀྱི་ཕ་རོལ་ཏུ་ཕྱིན་པ་དུས་ཡུན་རིང་པོར་གོམས་པ་དང་རྗེས་སུ་འབྲེལ་པ་དེ
1525	line-end	26		ཡོན་ཏན་རིན་པོ་ཆེ་སྡུད་པ་ཚིགས་སུ་བཅད་པ་ལས་དགེ་བའི་བཤེས་གཉེན་གྱི་ལེའུ་སྟེ་ཉི་ཤུ་རྩ
1526	terminal-particle	37		སྙིང་རྗེ་དང་ཤེས་རབ་དག་གིས་རྣམ་པར་འཕེལ་བ་ཐུན་མོང་གི་འབྲས་བུ་བསྟན་ནས། ཁྱད་པར་གྱི་མ
1527	terminal-particle+maxcap+terminal-particle+maxcap(merged)	36		ཉི་མ་ཞེས་བྱ་བ་ལ་སོགས་པ་གསུངས་ཏེ། དཔེར་ན་ཉི་མ་སྤྲིན་དང་བྲལ་བས་གསལ་བར་འཆར་བའི་འོད་
1528	terminal-particle+maxcap	22		རང་གི་འོད་ཀྱིས་འཕྲོ་བ་སྲིན་བུ་མེ་ཁྱེར་སྲོག་ཆགས་འབྱུང་པོ་ཐམས་ཅད་དང་། པ་བ་སངས་དང་།
1529	terminal-particle+maxcap	36		ཕུར་བུ་ལ་སོགས་པའི་སྐར་མའི་ཚོགས་དང་ཟླ་བའི་འོད་ཀུན་ཟིལ་གྱིས་གནོན་པ་དེ་བཞིན་དུ་ཇི་ས
1530	terminal-particle+maxcap	40		མཁས་པ་བྱང་ཆུབ་སེམས་དཔའ་འཇིག་ཚོགས་ལ་ལྟ་བའི་ཐིབས་པོ་ཐམས་ཅད་དོན་མེད་པའི་རྒྱུ་ཡིན་པའ
1531	terminal-particle+maxcap	15		ཇི་སྐད་བསྟན་པའི་སྙིང་རྗེ་དང་ཤེས་རབ་ཤིན་ཏུ་རྣམ་པར་འཕེལ་ཏེ།
1532	terminal-particle+maxcap	28		སྟོང་པ་ཉིད་དང་མཚན་མ་མེད་པ་ལ་རྣམ་པར་སྤྱོད་པས་སྤངས་པ་ཆེ་བས་བྱང་ཆུབ་སེམས་དཔའ་ཆེན་པོ
1533	terminal-particle	32		མི་མཐུན་པའི་ཕྱོགས་ཟིལ་གྱིས་གནོན་པ་བསྟན་ནས། ད་ནི་དེ་བཞིན་དུ་གཉེན་པོ་ཐོབ་པ་ཡང་བསྟན
1534	terminal-particle+maxcap	23		དཔེར་ན་རྒྱལ་པོའི་བུ་ཞིག་བྲན་རྣམས་ལ་བགོ་བཤའ་བྱེད་པའི་ངང་ཚུལ་ཅན་ཡིན་པའི་ཕྱིར་ནོར་ག
1535	terminal-particle+maxcap	40		ལུགས་ཀྱི་བསྟན་བཅོས་ཀྱི་ལམ་གྱི་རྗེས་སུ་ཞུགས་པས་དོན་སྒྲུབ་པ་ལ་མཁས་པའི་ཕྱིར་དོན་འདོ
1536	terminal-particle	38		འཇིག་རྟེན་གྱིས་བསྟེན་པར་བྱ་བའི་ཕྱིར་མངོན་པར་འགྲོ་བྱ་འོས། འདི་ནི་ད་ལྟར་ན་ཡང་སྟེ་ད
1537	terminal-particle	33		དེ་བས་ན་དབང་བསྐུར་བ་ཐོབ་པ་ཅོད་པན་བཅིངས་པར་གྱུར་པ་རྒྱལ་པོ་ཁྱད་པར་ཅན་དུ་གནས་པས་སེམ
1538	terminal-particle+maxcap	57	STAGE2_REVIEW	དེ་བཞིན་དུ་ཤེས་རབ་དང་སྙིང་བརྩེར་བཅས་པར་སྤྱོད་མཁས་བྱང་ཆུབ་སེམས་དཔའ་ཡང་གཉེན་པོ་ཐོབ
1539	terminal-particle	36		འདི་ནི་ད་ལྟ་ན་ཡང་སྟེ་ཆུང་ངུ་ཐོབ་པའི་གནས་སྐབས་ན་ཡང་སེམས་ཅན་མང་པོ་ལ་ཕན་པ་བདེ་བ་ལ་བ
1540	terminal-particle	39		བག་ཆགས་ཀྱི་སྒྲིབ་པ་ཐམས་ཅད་སྤངས་པའི་ཕུལ་དུ་བྱུང་བའི་ཆོས་ཀྱི་རྒྱལ་པོར་གནས་པར་གྱུར་
1541	quote-open	12		ཡོན་ཏན་རིན་པོ་ཆེ་སྡུད་པ་ཚིགས་སུ་བཅད་པ་ལས།
1542	line-end	12		བརྒྱ་བྱིན་གྱི་ལེའུ་སྟེ་ཉི་ཤུ་རྩ་གསུམ་པའི་བཤད་པའོ།། །།
1543	terminal-particle	34		དེ་ལྟར་གཉེན་པོ་ཤིན་ཏུ་འཕེལ་བས་རང་གི་སྤྱོད་ཡུལ་ལས་འདས་པས་བདུད་བརྩོན་པ་ཆེན་པོ་བྱེད
1544	terminal-particle+maxcap	31		གང་གི་ཚེ་གཉེན་པོ་སྐྱེས་པ་དེའི་ཚེ་བདུད་ནི་ཟུག་རྔུ་ལྡན་པར་འགྱུར་ཏེ། ཆུང་ངུ་དང་། འབ
1545	terminal-particle+maxcap	21		ཟུག་རྔུ་དང་མྱ་ངན་གྱི་དོན་གྱིས་སྡུག་བསྔལ་ཏེ། དེ་ཉིད་ཀྱི་ཕྱིར་ཡིད་མི་བདེ་ཉམ་ཆུང་བར
1546	terminal-particle+maxcap	32		ཇི་ལྟར་བྱང་ཆུབ་སེམས་དཔའ་གཉེན་པོ་སྒོམ་པ་ལས་འདི་ཡིད་ནུར་འགྱུར་ཞིང་། འཇིགས་པ་བསྟན་ཕ
1547	terminal-particle+maxcap+terminal-particle(merged)	27		དེ་ལྟ་ན་ཡང་བར་ཆད་བྱེད་མི་ནུས་སོ། །གང་ཞིག་ལ་མི་ནུས་ཤེ་ན། ལན་དུ་གང་ཚེ་ཞེས་བྱ་བ་ལ་ས
1548	terminal-particle+maxcap	64	STAGE2_REVIEW	གང་གི་ཚེ་མཁས་པར་གྱུར་པའི་སྙིང་རྗེ་ཕུན་སུམ་ཚོགས་པ་ཡང་དག་པའི་བསམ་པ་དང་ཡང་དག་པར་རབ་
1549	terminal-particle+maxcap	43	STAGE2_REVIEW	མཁའ་ལ་འགྲོ་བའི་བྱ་དང་མཚུངས་པ་ཉིད་ཀྱིས་མཉམ་པ་གང་ཅུང་ཟད་ལ་ཡང་མི་གནས་པར་གྱུར་པ་ལ་ནག
1550	terminal-particle+maxcap+terminal-particle(merged)	33		ཡང་དག་པར་ཞུགས་པའི་ཕྱིར་མི་འགྱུར་རོ། །ལམ་ལ་ཡང་དག་པར་མ་ཞུགས་པ་ལ་ནི་ནུས་སོ་ཞེས་བསྟན
1551	terminal-particle+maxcap+terminal-particle+terminal-particle(merged)	40		གང་ཚེ་བྱང་ཆུབ་སེམས་དཔའ་རང་གི་གནས་སུ་ངག་གི་རྩོད་པ་ནི་འཐབ་པའོ། །རྒྱལ་པོའི་ཕོ་བྲང་ལ
1552	terminal-particle+terminal-particle(merged)	32		ཁྲོ་བས་སྐྱེད་པའི་སེམས་མ་རུངས་པར་སྤྱོད་པ་དང་ལྡན་པར་གྱུར་པའོ། །དེས་འཇུག་པ་ཐོབ་པས་བ
1553	terminal-particle	40		ཡང་དེ་གཉིས་འཐབ་མོ་ལ་སོགས་པ་བྱེད་པས་དེའི་བྱིན་གྱི་རླབས་ཀྱིས་རྒྱལ་བའི་ཤེས་རབ་ལས་ནི
1554	terminal-particle+maxcap	23		སྤོང་བའི་ཐབས་དང་བྲལ་བའི་ཕྱིར་སངས་རྒྱས་ཀྱི་ཆོས་རྣམས་ལས་རིང་དུ་འགྱུར་ཞིང་ཤ་ཟ་འདྲ་བ
1555	terminal-particle	28		དེ་བས་ན་ཡང་དེ་གཉི་ག་བཀག་པའི་འཐབ་མོ་ལ་སོགས་པ་བྱེད་ཅིང་བདག་ཉིད་བསྟོད་པས་དམ་བཅས་པ་ཉ
1556	terminal-particle+maxcap	28		གང་གི་ཚེ་ཞེ་སྡང་ཤས་ཆེ་བས་མི་བཟད་པས་གཞན་གནོད་པ་བྱེད་པ་མི་བཟོད་ཅིང་བཟོད་དང་བྲལ་ལ་བ
1557	terminal-particle+maxcap	33		དེ་ཚེ་བདུད་རྣམས་ཕྱོགས་དང་བཅས་ཏེ་མང་པོ་དགའ་བར་འགྱུར་ཏེ། བདུད་ཀྱི་ཕྱོགས་ནི་བདུད་ཀྱ
1558	objection-open+terminal-particle(merged)	31		འོ་ན་ཇི་ལྟ་བུས་བྱང་ཆུབ་ཐོབ་ཅེ་ན། ལུང་བསྟན་མ་ཐོབ་བྱང་ཆུབ་སེམས་དཔའ་གང་ཞིག་གིས། །ལུ
1559	terminal-particle	32		ལུང་བསྟན་ཐོབ་པ་ལ་ཡང་སེམས་ཁྲོས་པ་ལ་སོགས་པས་བསྐྱེད་ཅིང་སུན་དབྱུང་བའི་སེམས་ཀྱིས་རྩོ
1560	terminal-particle+maxcap	13		དགེ་བའི་བསོད་ནམས་མི་སྐྱེ་བས་ན་ཐ་བ་སྐྱོན་ལྡན་ནོ། །
1561	terminal-particle	36		སེམས་ཀྱི་སྐད་ཅིག་ཇི་སྙེད་པ་དང་ལྡན་པ་དེ་སྙེད་ཀྱི་བསྐལ་པར་འཐབ་མོ་ལ་སོགས་པའི་སྡིག་པ
1562	terminal-particle+maxcap+terminal-particle(merged)	26		སངས་རྒྱས་ཉིད་མི་གཏོང་བར་འགྱུར་བས་གཞི་ནས་གོ་ཆ་བགོ་དགོས་སོ། །འདི་ལྟ་བུས་བྱང་ཆུབ་འཐ
1563	terminal-particle	24		ཐབས་གཞན་བསྟན་པའི་ཕྱིར། སངས་རྒྱས་ཞེས་བྱ་བ་ལ་སོགས་པ་གསུངས་ཏེ། སངས་རྒྱས་བཟོད་པའི་ཕ་
1564	terminal-particle+maxcap+terminal-particle(merged)	32		དེ་སྙམ་དུ་བསམས་ནས་འཐབ་མོ་ལ་སོགས་པ་བྱེད་པ་ནི་བྱང་ཆུབ་ཀྱི་བགེགས་ཡིན་པའི་ཕྱིར་རོ། །
1565	terminal-particle+maxcap	39		སྡིག་པ་བཤགས་པའི་ཚིགས་སུ་བཅད་པ་ལས་སོ་སོར་བཤགས་པར་བྱེད་ཅིང་གང་སུ་ཡང་རུང་བ་ལས་ཕྱིས་
1566	terminal-particle+maxcap	28		གང་ཟག་དེ་ཉིད་ལ་མགུ་བར་བྱེད་པས་སངས་རྒྱས་ཆོས་འདིར་སློབ་སྟེ། ཡང་དག་པའི་བྱང་ཆུབ་ཀྱི་
1567	line-end	26		ཡོན་ཏན་རིན་པོ་ཆེ་སྡུད་པ་ཚིགས་སུ་བཅད་པ་ལས་མངོན་པའི་ང་རྒྱལ་གྱི་ལེའུ་སྟེ་ཉི་ཤུ་རྩ་བ
1568	terminal-particle	36		ང་རྒྱལ་དང་མངོན་པའི་ང་རྒྱལ་སྔར་དགག་པ་བྱས་ནས། དེ་བཞིན་དུ་བསླབ་པ་ཡོངས་སུ་སྦྱང་བ་ཡོང
1569	terminal-particle+maxcap	30		བྱང་ཆུབ་སེམས་དཔའ་གང་ཞིག་སངས་རྒྱས་ཉིད་ལ་སོགས་པའི་བསླབ་པ་ལ་སློབ་པའི་ཚེ་དོན་དམ་པར་ག
1570	terminal-particle+maxcap	34		སློབ་པ་པོའི་བདག་ཉིད་དེ་བྱེད་པ་པོའི་རང་བཞིན་ནམ། བསླབ་པར་བྱ་བའི་ལས་ཀྱི་རང་བཞིན་རྣམ
1571	terminal-particle+maxcap	39		བསླབ་པར་མི་བྱ་བའི་ཆོས་སུ་མི་རྟོག་ཅིང་། དེ་བཞིན་དུ་བསླབ་པ་དང་། བསླབ་པ་མ་ཡིན་པ་འདི
1572	terminal-particle+maxcap	44	STAGE2_REVIEW	ཕན་པ་དང་ཕན་པ་མ་ཡིན་པ་ཐོབ་པ་དང་སྤང་བའི་ཕྱིར་དེ་ལྟར་གང་སློབ་དེ་ནི་སངས་རྒྱས་ཐོབ་པར་
1573	terminal-particle	36		དེ་ཉིད་ཚུལ་ཁྲིམས་འཆལ་བ་དང་བྲལ་བ་ནི་སངས་རྒྱས་མཉེས་པར་བྱེད་པའི་ཆོས་སྒྲུབ་པར་བྱེད་པ
1574	terminal-particle+maxcap	50	STAGE2_REVIEW	བྱང་ཆུབ་སེམས་དཔའ་གང་ཞིག་དེ་ལྟ་བུའི་བདེན་པ་གཉིས་ཀྱི་རིམ་པ་ལས་མ་འདས་པར་བསྟན་མ་ཐག་པ
1575	terminal-particle+maxcap	14		དེ་ནི་སངས་རྒྱས་ཆོས་མཉེས་བྱ་ཕྱིར་འདི་ནི་འདི་ལ་སློབ་བོ། །
1576	terminal-particle+objection-close(merged)	39		བདེན་པ་གཉིས་ལ་བརྟེན་ནས་རིམ་པ་ཇི་ལྟ་བ་བཞིན་དུ་སློབ་པ་ནི་བསླབ་ལྷག་བསླབ་ལ་མཁས་ཏེ་དང
1577	terminal-particle	33		མཁས་པ་འོད་བྱེད་ཅེས་བྱ་བ་ལ་སོགས་པ་གསུངས་ཏེ། མཁས་པ་ནི་ཤེས་རབ་ཅན་ཏེ། བདེན་པ་གཉིས་ལ་
1578	terminal-particle	35		དགེ་བ་མ་ཡིན་སེམས་གཅིག་ཙམ་ཡང་སྐྱེད་མི་བྱེད། ཉི་མ་མཁའ་ལ་འགྲོ་བའི་སྟེ། བར་སྣང་ལ་འོད
1579	terminal-particle+maxcap	21		དེ་བཞིན་དུ་ཇི་སྐད་བསྟན་པའི་བསླབ་པ་ལ་སློབ་པས་ཡོན་ཏན་སྐྱེད་དོ་ཞེས་བྱ་བར་དགོངས་སོ། 
1580	objection-close	33		སྦྱིན་པ་ལ་སོགས་པའི་བསླབ་པར་བྱ་བ་གཞན་དག་ཡོད་པ་མ་ཡིན་ནམ། ཇི་ལྟར་ཤེས་རབ་ཀྱི་ཕ་རོལ་ཏ
1581	quote-open	10		ཤེས་རབ་ཅེས་བྱ་བ་ལ་སོགས་པ་གསུངས་ཏེ།
1582	quote-open+maxcap	60	STAGE2_REVIEW	ཤེས་རབ་ཀྱི་ཕ་རོལ་ཏུ་ཕྱིན་པ་ཁོ་ན་ལ་བསླབ་པར་བྱས་པ་རྣམས་ཀྱི་ཆོས་ཐམས་ཅད་ཁོང་དུ་ཆུད་པ
1583	quote-open+maxcap	8		ཚངས་པའི་དྲ་བས་ཞུས་པའི་མདོ་ལས།
1584	terminal-particle	20		ཇི་ལྟར་འཇིག་ཚོགས་ལ་ལྟ་བར་ལྟ་བ་དྲུག་ཅུ་གཉིས་འདུས་པར་བསྟན་ཏེ། དེས་བསྐྱེད་པའི་ཕྱིར་
1585	terminal-particle	38		དེ་བཞིན་དུ་སྦྱིན་པའི་ཕ་རོལ་ཏུ་ཕྱིན་པ་ལ་སོགས་པ་འདི་དག་འཁོར་གསུམ་རྣམ་པར་དག་པ་ལ་གོམ
1586	terminal-particle	24		རྗེས་སུ་འགྲོ་བའི་སྒོ་ནས་བསྟན་ནས་ལྡོག་པའི་སྒོ་ནས་བསྟན་པའི་ཕྱིར། དཔེར་ན་ཞེས་བྱ་བ་ལ
1587	terminal-particle+maxcap+terminal-particle(merged)	40		དཔེར་ན་སྐྱེ་བ་སྔ་མས་འཕངས་པའི་ཚེ་འགག་པ་ནི་སྲོག་གི་དབང་པོ་འགག་པའོ། །དབང་པོ་ཇི་སྙེད
1588	terminal-particle	56	STAGE2_REVIEW	དེ་ལྟར་ཤེས་རབ་སྤྱོད་པ་མཁས་པ་བྱང་ཆུབ་སེམས་དཔའ་མཆོག་རྣམས་ཀྱི་སྦྱིན་པ་ལ་སོགས་པ་ཇི་ས
1589	terminal-particle	23		དེ་བས་ན་ཤེས་རབ་ཀྱི་ཕ་རོལ་ཏུ་ཕྱིན་པ་ཁོ་ན་ལ་བསླབ་པར་སྟོན་ཏོ་ཞེས་བྱ་བར་དགོངས་སོ། །
1590	objection-close	36		ཤེས་རབ་ཀྱི་ཕ་རོལ་ཏུ་ཕྱིན་པ་ལ་བསླབས་པས་ཐམས་ཅད་བསླབས་པ་ཡིན་ན། ཉན་ཐོས་ཉིད་ལ་སོགས་པའ
1591	terminal-particle	28		བྱང་ཆུབ་སེམས་དཔའ་ཞེས་བྱ་བ་ལ་སོགས་པ་གསུངས་ཏེ། ཉན་ཐོས་ཀྱི་ཡོན་ཏན་ཐོབ་པའི་ལམ་ལ་སོགས
1592	terminal-particle+maxcap	38		དེ་བཞིན་དུ་རང་རྒྱལ་རྣམས་ཀྱི་ཡོན་ཏན་ཀུན་ལ་བྱང་ཆུབ་སེམས་དཔའ་མཁས་པ་དེས་འདུལ་བའི་སེམ
1593	terminal-particle+maxcap	35		ཡང་དེ་ལ་མི་གནས་ཏེ། དེ་བཞིན་དུ་འདོད་པ་ཡང་མི་སྐྱེད་དེ། ཉན་ཐོས་ལ་སོགས་པའི་ཡོན་ཏན་འད
1594	terminal-particle+maxcap+line-end(merged)	33		དོན་དེ་ཉིད་མངོན་དུ་བྱེད་པས་སྐྱོན་མ་ཡིན་ནོ། །ཡོན་ཏན་རིན་པོ་ཆེ་སྡུད་པ་ཚིགས་སུ་བཅད་
1595	terminal-particle	23		རྣམ་པར་འཕེལ་བ་དེ་ལྟ་བུའི་འཕེལ་བའི་བརྟན་པ་བསྟན་པའི་ཕྱིར། མི་ལྡོག་ཅེས་བྱ་བ་ལ་སོགས་
1596	terminal-particle+maxcap	65	STAGE2_REVIEW	གང་གི་ཚེ་ཕྱིར་མི་ལྡོག་པའི་ཁྱད་པར་བྱང་ཆུབ་མཆོག་ལ་རབ་ཏུ་ཞུགས་པའི་བྱང་ཆུབ་སེམས་དཔའ་
1597	terminal-particle+maxcap	25		རྒྱལ་བའི་སྲས་ཀྱི་དགེ་བ་ལ་རྗེས་སུ་ཡི་རང་བའི་བརྟན་པའི་ཚད་ནི་གཟུང་བར་མི་ནུས་ཏེ་དེ་ལ
1598	terminal-particle	22		ཉེ་བར་མཚོན་པ་ཡིན་པའི་ཕྱིར་ཆོས་གཞན་དག་ལ་ཡང་བསྟན་པའི་ཚད་ཉེ་བར་གཟུང་བར་མི་ནུས་སོ། །
1599	terminal-particle	35		བསྟན་པ་དེ་ལྟ་བུས་བརྟན་པའི་སེམས་གནས་པ་བརྗོད་པར་བརྟན་པའི་ཕྱིར། དགེ་བ་ཞེས་བྱ་བ་ལ་སོ
1600	terminal-particle+terminal-particle(merged)	29		རབ་ཏུ་དགའ་བ་ལ་སོགས་པ་ནི་ཕན་པར་འདོད་པའོ། །སེམས་ཅན་ཇི་སྙེད་པ་ཀུན་གྱི་བསོད་ནམས་ཕུང་
1601	terminal-particle+maxcap	36		དེའི་ཕྱིར་དེ་དག་བསོད་ནམས་ལྷག་པའི་རང་བཞིན་སེམས་བརྟན་པ་ཐོབ་པས་སེམས་ཅན་གྱི་དོན་དུ་བ
1602	terminal-particle+maxcap	21		ཕྱིན་ཅི་ལོག་མ་ལུས་པའི་སྡུག་བསྔལ་ཟད་པར་བྱ་བའི་ཕྱིར་འཇིག་རྟེན་ཏེ་འགྲོ་ལ་ཆོས་སྦྱིན་
1603	terminal-particle+maxcap	34		འདིར་ཡང་རྟགས་ལ་སོགས་པ་རིམ་པ་ཇི་ལྟ་བ་བཞིན་དུ་རྩེ་མོའི་མངོན་པར་རྟོགས་པའི་དྲོ་བ་ལ་ས
1604	enumeration-head+terminal-particle(merged)	30		ངེས་པར་འབྱེད་པའི་ཆའི་རྗེས་ལ་མཐོང་བའི་ལམ་ཡིན་ཏེ། དེ་ལ་ཡང་མི་མཐུན་པའི་ཕྱོགས་རྣམ་པ་
1605	terminal-particle	40		ཡང་འདི་སྤོང་བར་བྱེད་པའི་གཉེན་པོ་དང་བླང་བར་བྱ་བ་ཡིན་པ་ལ་ཐམས་ཅད་འཇུག་པའི་ཕྱོགས་ཀྱི
1606	terminal-particle+maxcap	37		བྱང་ཆུབ་ཅེས་བྱ་བ་ལ་སོགས་པ་གསུངས་ཏེ། བྱང་ཆུབ་སེམས་དཔའ་གང་ཞིག་མཐོང་བའི་ལམ་ལ་སྦྱོར་
1607	terminal-particle	24		རྒྱུ་དང་འབྲས་བུ་དང་བྲལ་བའི་ཕྱིར་ཆོས་རྣམས་ཀུན་སྟོང་པ་དང་མཚན་མ་མེད་པ་ཡོངས་སུ་ཤེས་པ
1608	terminal-particle+maxcap	42	STAGE2_REVIEW	སྒྲོ་བཏགས་པས་ཆོས་ཐམས་ཅད་དབེན་པའི་ཕྱིར་སྤྲོས་པ་མེད་པ་དེ་ཉིད་ཡོངས་སུ་ཤེས་པ་དེ་ནི་ཤ
1609	terminal-particle+terminal-particle(merged)	31		རྒྱུ་དང་འབྲས་བུར་འབྲེལ་བ་གང་ཡིན་པ་དེ་ནི་རྗེས་སུ་འགྲོ་བ་དང་ལྡན་པའོ། །མཐོང་བའི་ལམ་
1610	terminal-particle	14		མཐོང་བའི་ལམ་གྱི་བདག་ཉིད་ནི་ཤེས་རབ་ཕ་རོལ་ཕྱིན་མཆོག་གོ། །
1611	terminal-particle	28		ཐམས་ཅད་ཟློག་པའི་ཕྱོགས་ཀྱི་རྟེན་ཅན་བཟུང་བའི་རྣམ་པར་རྟོག་པ་གཉིས་པ་སྤངས་པའི་ཕྱིར། ན
1612	terminal-particle+maxcap	25		དཔེར་ན་ནམ་མཁའི་ཁམས་དང་ནམ་མཁའ་ལྷན་ཅིག་ཏུ་ཕན་ཚུན་སྤངས་པ་ལ་སོགས་པའི་མཚན་ཉིད་ཀྱིས་འག
1613	terminal-particle	25		གང་གི་ནམ་མཁའི་ཁམས་དེ་དང་ནི་ནམ་མཁའ་དེར་ཡུལ་འགའ་ཞིག་ཏུ་རྣམ་པ་འགས་འགལ་བ་ཐོབ་པ་ལྟ་ཅི
1614	terminal-particle+maxcap	25		གང་གི་སྒྲས་འཕངས་པའི་བརྗོད་པར་བྱ་བ་ནི་རང་ལ་རང་བྱེད་པ་འགལ་བས་མི་སྲིད་དོ་ཞེས་བྱ་བ་ཡ
1615	terminal-particle	34		དེ་བཞིན་དུ་མཐོང་བའི་ལམ་གྱི་རང་བཞིན་ཤེས་རབ་སྤྱོད་མཁས་བྱང་ཆུབ་སེམས་དཔའ་ཡང་རྣམ་པར་མ
1616	terminal-particle+maxcap	33		མཐོང་བའི་ལམ་གྱི་སེམས་དང་སེམས་ལས་བྱུང་བ་འཇུག་པའི་གནས་སྐབས་ན་ཇི་སྐད་བསྟན་པའི་རྣམ་པ
1617	terminal-particle+maxcap+terminal-particle(merged)	28		དེ་བས་ན་དེ་ཉིད་ཀྱིས་གང་དང་ཡང་ལྷན་ཅིག་ཏུ་ཅུང་ཟད་ཀྱང་འགལ་བ་མེད་དོ། །གཟུང་བའི་རྣམ་པ
1618	terminal-particle+maxcap	42	STAGE2_REVIEW	དེ་བཞིན་དུ་འཛིན་པའི་རྣམ་པར་རྟོག་པ་བརྗོད་པར་བྱ་བ་ཡིན་པས་སྐྱེས་བུ་རྫས་སུ་ཡོད་པའི་ར
1619	terminal-particle+maxcap	12		སྐྱེ་བོའི་དབུས་ན་ཞེས་བྱ་བ་ལ་སོགས་པ་གསུངས་ཏེ།
1620	terminal-particle+maxcap	39		དཔེར་ན་སྒྱུ་མ་བྱེད་པས་སྤྲུལ་པའི་སྐྱེས་བུ་འདི་སྙམ་དུ་ཉེ་བར་གནས་པའི་སྐྱེས་བུ་ལྟད་མ
1621	terminal-particle	53	STAGE2_REVIEW	དེ་ཡང་སྤྲུལ་པ་དེ་ཉིད་སྐྱེས་བུའི་ཁྱད་པར་གྱི་དོན་སྣང་བའི་ཤེས་པ་བསྐྱེད་ནས་མངོན་པའི་
1622	terminal-particle+maxcap	33		གཅིག་དང་དུ་མའི་རང་བཞིན་དང་བྲལ་བའི་ཕྱིར། ཡང་སྤྲུལ་པའི་སྐྱེས་བུ་དེ་ལ་ལུས་མེད་སེམས་
1623	terminal-particle	40		དེ་བཞིན་དུ་མཐོང་བའི་ལམ་གྱི་སྦྱོར་བའི་གནས་སྐབས་ནི་ཤེས་རབ་སྤྱོད་པའི་བྱང་ཆུབ་སེམས་ད
1624	terminal-particle+maxcap	23		དེ་ལྟ་བས་ན་ཡང་ལྷ་ལ་སོགས་པའི་འགྲོ་བར་སྐྱེ་བ་སྣ་ཚོགས་ནི་རྣམ་པ་དུ་མ་སྣ་ཚོགས་པའོ། །
1625	terminal-particle	23		སེམས་ཅན་གྱི་དོན་བྱེད་པ་ལ་སོགས་པའི་བྱ་བ་སྣ་ཚོགས་པའི་བྱ་བ་མང་པོ་དང་ལྡན་པར་སྟོན་ཏེ།
1626	terminal-particle+maxcap	28		ཀུན་རྫོབ་ཙམ་ཡིན་པའི་ཕྱིར་སྒྱུ་མ་ལྟ་བུར་སྟོན་ཀྱང་ཇི་སྐད་བསྟན་པའི་རྣམ་པར་རྟོག་པ་སྤ
1627	terminal-particle	40		ཡང་གང་ཞིག་སྐྱེས་བུ་བཏགས་པར་ཡོད་པའི་རྟེན་ཅན་འཛིན་པའི་རྣམ་པར་རྟོག་པ་གཉིས་པ་སྤང་བར་
1628	terminal-particle+maxcap	42	STAGE2_REVIEW	དཔེར་ན་སངས་རྒྱས་ཀྱི་སྤྲུལ་པ་ཉིད་ནི་ཁྱད་པར་ཅན་གྱི་སྤྲུལ་པའི་རང་བཞིན་ཡིན་པའི་ཕྱིར་
1629	terminal-particle+maxcap	66	STAGE2_REVIEW	དེ་བཞིན་དུ་མཐོང་བའི་ལམ་གྱི་སེམས་དང་སེམས་ལས་བྱུང་བ་འཇུག་པའི་རང་བཞིན་ཤེས་རབ་ཀྱིས་ཇ
1630	terminal-particle+maxcap	30		དེ་ཉིད་ཀྱི་ཕྱིར་རྣམ་པར་རྟོག་པ་རྣམ་པ་བཞི་སྤངས་པས་མངོན་པར་ཞེན་པ་མེད་པའི་སྦྱོར་བས་ད
1631	terminal-particle+terminal-particle(merged)	35		སྔ་མ་བཞིན་དུ་ཉེ་བར་བསྡུ་བའི་ཕྱིར། ཤིང་མཁན་ཞེས་བྱ་བ་ལ་སོགས་པ་གསུངས་ཏེ། དཔེར་ན་ཤིང
1632	terminal-particle+terminal-particle(merged)	35		རིག་པ་དང་ལྡན་པའི་ཕྱིར་མཁས་པའོ། །སྐྱེས་པ་བུད་མེད་དང་འདྲ་བ་ཤིང་ལས་འཁྲུལ་འཁོར་གྱི་བ
1633	terminal-particle	57	STAGE2_REVIEW	དེ་ལྟར་བསྟན་མ་ཐག་པའི་རང་བཞིན་རྣམ་པར་རྟོག་པ་བཞི་སྤངས་པའི་ཤེས་རབ་ལ་སྤྱོད་པ་མཁས་པའི
1634	terminal-particle+maxcap+line-end(merged)	31		ཡིད་བཞིན་གྱི་ནོར་བུ་བཞིན་ནོ། །ཡོན་ཏན་རིན་པོ་ཆེ་སྡུད་པ་ཚིགས་སུ་བཅད་པ་ལས་སྒྱུ་མ་ལྟ
1635	terminal-particle	27		ཇི་སྐད་བསྟན་པའི་རྣམ་པར་རྟོག་པ་བཞི་སྤངས་པ་མ་ཚང་བ་མེད་པར་སེམས་ཅན་གྱི་དོན་འབའ་ཞིག་བ
1636	terminal-particle+maxcap	23		སངས་རྒྱས་ལ་སོགས་པས་བསྔགས་པར་འགྱུར་རོ་ཞེས་བསྟན་པའི་ཕྱིར་དེ་ལྟར་ཞེས་བྱ་བ་ལ་སོགས་པ་
1637	terminal-particle+maxcap	58	STAGE2_REVIEW	དེ་ལྟར་ཇི་སྐད་བསྟན་པའི་རྣམ་པར་རྟོག་པ་བཞི་སྤངས་པ་ལ་སྤྱོད་པ་མཁས་པའི་བྱང་ཆུབ་སེམས་ད
1638	terminal-particle	29		ཕྱོགས་བཅུའི་འཇིག་རྟེན་གྱི་ཁམས་ཀྱི་སངས་རྒྱས་བཅོམ་ལྡན་འདས་ཇི་སྙེད་བཞུགས་པ་ཡང་ཡོན་ཏ
1639	line-end	23		དེ་བས་ན་དེ་བདུད་ཀྱི་ཡུལ་ལས་འདས་སོ་ཞེས་བསྟན་པའི་ཕྱིར། གང་གཱའི་ཞེས་བྱ་བ་ལ་སོགས་པ་ག
1640	line-end+maxcap	33		གང་གཱའི་ཀླུང་གི་བྱེ་མ་དང་མཉམ་པའི་སངས་རྒྱས་ཀྱི་ཞིང་རྣམས་ན་སེམས་ཅན་ཇི་སྙེད་ཡོད་པ་ད
1641	line-end+maxcap	25		བ་སྤུ་ཉག་རེ་ལས་ཀྱང་བདུད་ཀྱི་ཚོགས་དེ་སྙེད་སྤྲུལ་བྱས་ཀྱང་། དེ་དག་ཀུན་གྱིས་མཁས་ལ་བར
1642	line-end+maxcap	31		དེ་ལྟར་ལྷའི་བུའི་བདུད་ལས་འདས་པར་ལན་མང་དུ་བསྟན་ནས་ཕྱིར་བདུད་བཞི་ལས་འདས་པར་བསྟན་པའ
1643	line-end+maxcap	28		ཇི་སྐད་བསྟན་པའི་རྣམ་པར་རྟོག་པ་བཞི་སྤངས་པ་ཉིད་ཀྱི་ཤེས་རབ་ཀྱི་སྟོབས་ཀྱིས་སྟོང་པ་ཉི
1644	line-end+maxcap	37		སྙིང་རྗེ་ཆེན་པོའི་སྟོབས་ཀྱིས་སེམས་ཅན་གྱི་དོན་མི་གཏོང་བ་དང་། ལྷག་པར་དམ་བཅས་པའི་དོ
1645	line-end+maxcap	18		བསོད་ནམས་དང་ཡེ་ཤེས་ཀྱི་ཚོགས་ཕུན་སུམ་ཚོགས་པས་ན་བདེ་གཤེགས་བྱིན་རླབས་ཅན་ཏེ།
1646	verse-stanza	14		དེ་རྣམས་ནི་རྒྱུ་རྣམ་པ་བཞིའོ། །↵ཚིག་ཉམས་པ་མེད་པས་ན་མཁས་པའོ། །
1647	terminal-particle+terminal-particle+terminal-particle(merged)	39		ལུས་ཀྱི་སྟོབས་ཕུན་སུམ་ཚོགས་པས་ན་སྟོབས་ལྡན་ནོ། །སེམས་གཞན་དུ་འགྱུར་བར་མི་ནུས་པས་ན་
1648	terminal-particle	8		ཞེས་ཚིགས་སུ་བཅད་པའི་དོན་སྦྱར་རོ། །
1649	terminal-particle	34		ད་ནི་རྒྱུ་གང་དང་བཅས་པས་མཐོང་བའི་ལམ་བྱང་ཆུབ་ཆེན་པོ་ཐོབ་པར་བྱེད་པའི་ཡུམ་དེ་བསྟན་པའ
1650	terminal-particle+maxcap	31		བྱང་ཆུབ་སེམས་དཔའ་གང་ཞིག་བྱང་ཆུབ་ཆེན་པོ་ལ་རབ་ཏུ་གནས་པའི་ཆེད་དུ་མཐོང་བའི་ལམ་ལ་སོགས
1651	terminal-particle+maxcap	30		བྱང་ཆུབ་ཀྱི་རྒྱུ་མཚན་ཉིད་ཀྱི་དོན་དུ་དེ་ལྟར་ཡང་དག་པའི་གཞུང་གི་དོན་གྱི་སྒོ་ནས་བསྟོ
1652	terminal-particle+maxcap	47	STAGE2_REVIEW	ཤེས་རབ་ཀྱི་ཕ་རོལ་ཏུ་ཕྱིན་པ་དེ་བཞིན་གཤེགས་པའི་ཡུམ་འདི་འཆད་ཅིང་བྱང་ཆུབ་ཐོབ་པའི་ཆེད
1653	terminal-particle+maxcap	23		དེས་པ་ཐམས་ཅད་མཁྱེན་པའི་ཐབས་ཉིད་ལ་ཞུགས་པ་དེ་དག་ནི་རབ་ཏུ་གནས་པ་ཡིན་པར་རིག་པར་བྱའོ།
1654	terminal-particle	33		དཔེས་རྒྱུ་དང་བཅས་པར་བསྟན་པ་མཐོང་བའི་ལམ་དེ་ཉིད་ལ་རྣམ་པར་རྟོག་པ་སེལ་བའི་ནུས་པ་ཡོད་
1655	terminal-particle+maxcap	38		ཆོས་དབྱིངས་ཞེས་བྱ་བ་ལ་སོགས་པ་གསུངས་ཏེ། དཔེར་ན་ཆོས་ཀྱི་དབྱིངས་ཉིད་ནམ་མཁའི་ཁམས་ཀྱི
1656	terminal-particle+terminal-particle(merged)	29		དངོས་པོ་ཐམས་ཅད་ཀྱི་ནུས་པ་དང་བྲལ་བའི་མཚན་ཉིད་བར་སྣང་ནི་ནམ་མཁའོ། །སྤྲིན་ནི་སེམས་ཅན
1657	terminal-particle	36		དཔེར་ན་རིག་སྔགས་འཆང་གིས་རླུང་གི་དཀྱིལ་འཁོར་ལ་གནས་པའི་སྦྱོར་བ་སྔགས་མཐུས་མེ་ཏོག་ལྡ
1658	terminal-particle	39		བསྟན་མ་ཐག་པའི་རྒྱུ་དང་བཅས་པའི་མཐོང་བའི་ལམ་རྟོགས་པའི་ཕྱིར། བྱང་ཆུབ་སེམས་དཔའ་མཁས་ག
1659	terminal-particle	23		ཆོས་ཐམས་ཅད་ལས་ལྡོག་པའི་ཕྱོགས་ཀྱི་རྟེན་ཅན་གཟུང་བར་རྟོག་པ་རྣམ་པར་གཞག་པ་ཡང་དམིགས་པ་
1660	terminal-particle	24		འཆད་པར་བྱེད་པ་སྐྱེས་བུ་རྫས་སུ་ཡོད་པའི་རྟེན་འཛིན་པའི་རྣམ་པར་རྟོག་པ་སྒྲོ་བཏགས་པ་ཡང
1661	terminal-particle	23		ལྟ་བར་བྱེད་པ་སྐྱེས་བུ་བཏགས་པའི་རྟེན་ཅན་འཛིན་པའི་རྣམ་པར་རྟོག་པར་གཞག་པ་ལ་ཡང་མི་དམི
1662	terminal-particle	41	STAGE2_REVIEW	མཐོང་བའི་ལམ་གྱིས་ཇི་སྐད་བསྟན་པའི་རྣམ་པར་རྟོག་པ་བཞི་སྤངས་པས་དེའི་ཕྱིར་རྟེན་ཅིང་འབ
1663	terminal-particle	36		ཇི་སྐད་བསྟན་པའི་མཐོང་བའི་ལམ་རྒྱུ་དང་བཅས་པས་སྟོབས་བཅུ་ལ་སོགས་པའི་མངོན་པར་དགའ་བའི་
1664	objection-close	21		བྱང་ཆུབ་སེམས་དཔའི་ལམ་དང་མཚུངས་པ་ཉིད་ཀྱིས་ཉན་ཐོས་ལ་སོགས་པ་འདི་དག་གནས་སམ་ཞེ་ན།
1665	terminal-particle	22		ལན་དུ་དགྲ་བཅོམ་ཞེས་བྱ་བ་ལ་སོགས་པ་གསུངས་ཏེ། དགྲ་བཅོམ་རྣམ་ཐར་དེ་བཞིན་གཤེགས་ཀྱི་མ་ག
1666	terminal-particle+maxcap+terminal-particle(merged)	35		རེ་ཞིག་ཉན་ཐོས་རྣམས་དང་། རང་སངས་རྒྱས་དང་བཅས་པའི་མཐོང་བའི་ལམ་ལ་སོགས་པའི་མཚན་ཉིད་ཀྱ
1667	terminal-particle+terminal-particle+terminal-particle(merged)	34		སེམས་རྩེ་གཅིག་པས་ཉེ་བར་ཞི་བས་རབ་ཞིའོ། །མཐོང་བའི་ཆོས་ལ་བདེ་བར་གནས་པར་བྱེད་པའི་ཕྱི
1668	terminal-particle+maxcap	33		ཁྱད་པར་དུ་ཤེས་བྱའི་སྒྲིབ་པ་སྤངས་པའི་ཕྱིར་རྒྱལ་བའི་སྲས་རྣམས་ཐུན་མོང་མ་ཡིན་པའི་ཆོས
1669	terminal-particle	33		ཐམས་ཅད་རབ་ཏུ་ཁྱད་པར་དུ་འཕགས་པ་ཡིན་ན་མྱ་ངན་ལས་འདས་པ་ཇི་ལྟར་མ་རྟོགས་ཤེ་ན། ལན་དུ་འད
1670	terminal-particle+maxcap	37		དཔེར་ན་འདབ་ཆགས་མཁའ་ལ་གནས་ཀྱང་ལྟུང་བའི་གེགས་མེད་པར་གྱུར་ཀྱང་ལྟུང་བར་འགྱུར་བ་མ་ཡིན
1671	terminal-particle	18		ཉ་ནི་ཆུ་ལ་གནས་ཀྱང་འཚུབས་ཏེ་འཆི་བ་མེད་དེ། རང་གི་ལས་ཀྱི་དབང་གིས་སོ། །
1672	terminal-particle	52	STAGE2_REVIEW	དེ་ལྟར་བྱང་ཆུབ་སེམས་དཔའ་ཐབས་ལ་མཁས་པ་ཐོབ་པའང་དེ་བཞིན་དུ་བསམ་གཏན་གྱི་སྟོབས་དང་ཕ་རོ
1673	terminal-particle	21		སྔོན་གྱི་སྨོན་ལམ་གྱིས་བསྐྱེད་པ་དང་སྙིང་རྗེ་ཆེན་པོའི་སྟོབས་ཀྱིས་ཡིན་ནོ་ཞེས་བྱ་བར་
1674	terminal-particle	24		དེ་བས་ན་དོན་ཐམས་ཅད་ཐོབ་པར་འདོད་པ་ཉིད་ཀྱིས་གནས་པ་འདི་ལ་བརྟེན་པར་བྱའོ་ཞེས་བསྡུ་བའི
1675	terminal-particle	29		སེམས་ཅན་ཞེས་བྱ་བ་ལ་སོགས་པ་གསུངས་ཏེ། གང་ཞིག་སེམས་ཅན་ཀུན་གྱི་ཡོན་ཏན་མཆོག་ནི་ཆོས་ཀྱ
1676	terminal-particle+maxcap	21		ལོངས་སྤྱོད་རྫོགས་པའི་སྐུ་མཆོག་ཐོབ་པར་འདོད་པ་ནི་སངས་རྒྱས་ཡེ་ཤེས་མཆོག་ཏུ་རྨད་བྱུང་
1677	line-end	58	STAGE2_REVIEW	སྤྲུལ་པའི་སྐུ་ཆོས་ཀྱི་མཆོག་སྦྱིན་པར་འདོད་པ་ནི་རིམ་པ་ཇི་ལྟ་བ་བཞིན་དུ་རང་དང་གཞན་གྱ
1678	line-end+maxcap	23		ཡོན་ཏན་རིན་པོ་ཆེ་སྡུད་པ་ཚིགས་སུ་བཅད་པ་ལས་སྙིང་པོའི་ལེའུ་སྟེ་ཉི་ཤུ་རྩ་བདུན་པའི་བཤ
1679	objection-close	10		ཡང་བྱང་ཆུབ་ཆེན་པོ་གང་ཞིག་ཡིན་ཞེ་ན།
1680	terminal-particle	39		དོན་གང་ཞིག་ཇི་སྐད་བསྟན་པའི་རྒྱུ་དང་བཅས་པའི་མཐོང་བའི་ལམ་གྱི་འདོད་པའི་ཡུལ་བྱང་ཆུབ་
1681	terminal-particle+maxcap	95	STAGE2_REVIEW	བསླབ་པ་གང་ཇི་སྙེད་པ་སེམས་བསྐྱེད་པ་ལ་སོགས་པའི་རིམ་པར་འགྲོ་བའི་དེད་དཔོན་དུ་གྱུར་པ་
1682	terminal-particle	37		མཁས་པ་གང་ཞིག་བསླབ་ཀུན་ཕ་རོལ་འགྲོ་འདོད་པས་ཏེ། སངས་རྒྱས་ཀྱི་བསླབ་པ་ལ་སློབ་པར་འདོད་
1683	terminal-particle+maxcap+terminal-particle(merged)	34		བསྒོམ་པར་བྱ་ཞེས་བྱ་བའི་བར་དུའོ། །ཞར་ལ་བྱུང་བ་རྫོགས་ནས་ད་ནི་སྐབས་ཉིད་ཀྱི་མཐོང་བའི
1684	terminal-particle+maxcap	26		མི་དམིགས་པས་ཕྱིན་ཅི་མ་ལོག་པ་ཉིད་དུ་ཐོབ་པས་དགེ་བའི་ཆོས་ཐམས་ཅད་འདུས་པའི་ཕྱིར་ཆོས་ཀ
1685	terminal-particle	21		འདིས་ནི་རྩེ་མོའི་མངོན་པར་རྟོགས་པའི་སྡུག་བསྔལ་ལ་ཆོས་ཤེས་པའི་བཟོད་པ་ཡིན་པར་གཟུང་ངོ
1686	terminal-particle+maxcap	39		སྦྱིན་པ་ལ་སོགས་པ་འཁོར་གསུམ་རྣམ་པར་དག་པ་མཆོག་ཏུ་གྱུར་པ་རྣམ་པ་སུམ་ཅུ་རྩ་དྲུག་བསྐྱེ
1687	terminal-particle	42	STAGE2_REVIEW	སངས་རྒྱས་ཉིད་འབྱུང་བ་རྟོགས་པ་དང་མཐུན་པ་ཉིད་སྐྱེས་པའི་ཕྱིར་སངས་རྒྱས་ཀྱི་རིགས་སུ་ས
1688	terminal-particle+terminal-particle(merged)	28		དེ་ལྟ་བུ་ཉིད་ཉེ་བར་གཟིགས་ནས་མྱ་ངན་ལས་འདས་པའི་ཕྱིར་འདས་པའོ། །སངས་རྒྱས་ཉིད་དུ་འགྱུ
1689	terminal-particle	19		ཕྱོགས་བཅུའི་འཇིག་རྟེན་ན་ད་ལྟར་ཉིད་འགྲོ་བའི་དོན་མཛད་པས་ན་འཇིག་རྟེན་མགོན་པོ་སྟེ།
1690	terminal-particle+maxcap	59	STAGE2_REVIEW	སངས་རྒྱས་བཅོམ་ལྡན་འདས་རྣམས་སོ་རབ་ཀྱི་མཐར་ཐུག་པར་འགྲོ་བའི་རང་བཞིན་ཉིད་ས་བཅུ་དང་འབ
1691	terminal-particle+terminal-particle+terminal-particle(merged)	37		འཁྲུངས་པར་འགྱུར་རོ། །འཁྲུངས་སོ། །དེ་བཞིན་གཤེགས་པ་ཐམས་ཅད་རྟོགས་པ་བརྙེས་པས་ཀྱང་སྟོ
1692	terminal-particle	37		དེ་ཉིད་ཀྱི་ཕྱིར་འདིས་ཕྱིན་ཅི་ལོག་ཐམས་ཅད་སྤངས་པས་ཡོན་ཏན་ཐམས་ཅད་ཀྱི་རྒྱུ་ཡིན་པར་དཔ
1693	terminal-particle+maxcap	16		དཔེར་ན་འཇིག་རྟེན་ན་ཤིང་དང་འབྲས་བུ་མེ་ཏོག་ནགས་ཚལ་ཇི་སྙེད་པ། །
1694	terminal-particle+maxcap	26		དེ་དག་ཐམས་ཅད་ས་ལས་སྔོན་མེད་པ་ཡང་དག་པར་འབྱུང་ཞིང་འཐོན་ཏེ། གོང་ནས་གོང་དུ་འཕེལ་བ་དང
1695	terminal-particle+terminal-particle+terminal-particle(merged)	36		འོན་ཀྱང་སའི་ཚད་ཇི་སྐད་བསྟན་པ་ཁུར་གྱིས་མནན་པས་ཟད་པར་འགྱུར་བ་མེད་ལ། ཤིང་ལ་སོགས་པས་
1696	terminal-particle+terminal-particle(merged)	29		དུབ་པ་ཡང་མེད་དེ། མི་སྣང་བར་གྱུར་པ་མེད་པའི་ཕྱིར་རོ། །རྟོག་པ་དང་རྣམ་པར་རྟོག་པ་ཐམས་
1697	terminal-particle	19		དེ་བཞིན་དུ་སངས་རྒྱས་བཅོམ་ལྡན་འདས་དང་། རྒྱལ་བའི་སྲས་དང་། ཉན་ཐོས་ནི་དགྲ་བཅོམ་པའོ། 
1698	terminal-particle	28		རང་རྒྱལ་ཏེ་རང་སངས་རྒྱས་དང་། ལྷ་རྣམས་དང་། འགྲོ་བ་ཀུན་གྱི་བདེ་སྐྱིད་ཆོས་རྣམས་ཇི་སྙ
1699	terminal-particle+maxcap	32		ཟག་པ་མེད་པ་དེ་དག་ཀུན་ཤེས་རབ་ཀྱི་ཕ་རོལ་ཏུ་ཕྱིན་པ་མཐོང་བའི་ལམ་ཇི་སྐད་བསྟན་པ་བྱང་ཆུ
1700	terminal-particle+maxcap	18		དེ་བཞིན་དུ་རྟོག་པ་དང་རྣམ་པར་རྟོག་པ་མེད་པས་ཟད་པ་མེད་ཅིང་ངོ་། །
1701	terminal-particle+maxcap+terminal-particle(merged)	30		ཤེས་རབ་ཀྱིས་ཡང་དག་པའི་ཆོས་ཉིད་མཐོང་བའི་ལམ་རྟོགས་པས་ཅུང་ཟད་འཕེལ་བ་མེད་དོ་ཞེས་བྱ་བ
1702	terminal-particle+maxcap	27		མི་མཐུན་པའི་ཕྱོགས་སྤངས་པ་ལ་སོགས་པའི་གཞི་སྔོན་དུ་འགྲོ་བས་གོ་སླ་བའི་ཕྱིར་གཞི་ལེགས་
1703	terminal-particle+maxcap	31		རེ་ཞིག་ཡོན་ཏན་ཕུན་སུམ་ཚོགས་པ་ཐམས་ཅད་ཀྱི་རྒྱུ་ཡིན་པར་དཔེ་སྔོན་དུ་འགྲོ་བས་བསྟན་པའི
1704	terminal-particle+maxcap	17		དཔེར་ན་སེམས་ཅན་ཡོན་ཏན་ཆུང་ངུ་ལ་སོགས་པ་དང་ལྡན་པ་ནི་ཐ་མའོ། །
1705	quote-open	12		རྫས་ལ་སོགས་པ་འབྲིང་དང་ལྡན་པ་ནི་འབྲིང་ངོ་། །
1706	quote-open+maxcap	60	STAGE2_REVIEW	བྱ་བ་ལ་སོགས་པ་དམ་པ་དང་ལྡན་པ་ནི་མཆོག་ཡིན་པར་འཇིག་རྟེན་ལ་གྲགས་པ་རྟག་པ་ཉིད་ལ་སོགས་པ
1707	terminal-particle	34		དེ་བཞིན་དུ་འཕེན་པའི་ལས་ཀྱི་ཚོགས་པའི་རྐྱེན་གྱིས་དུས་ཇི་སྙེད་ཀུན་དུ་འཕངས་པར་འཇུག་པ
1708	terminal-particle+maxcap+terminal-particle+maxcap(merged)	36		མ་རིག་འཁྲུལ་འཁོར་དེ་ནི་ཟད་མེད་འཕེལ་བ་མེད། །སྔོན་མ་བྱུང་བའི་སེམས་ཅན་རབ་ཏུ་འབྱུང་བ
1709	terminal-particle	17		འདི་ལྟར་ཐེག་པ་གསུམ་གྱི་ཡེ་ཤེས་ཀྱི་ཁྱད་པར་ཉིད་ནི་ཡེ་ཤེས་ཚུལ་ལོ། །
1710	terminal-particle+terminal-particle(merged)	29		རིམ་པ་ཇི་ལྟ་བ་བཞིན་དུ་ཆུང་ངུ་དང་། འབྲིང་དང་། ཆེན་པོའི་འབྲས་བུ་གོང་ནས་གོང་དུ་ཐོབ་
1711	terminal-particle	31		དེ་ཀུན་ཤེས་རབ་ཀྱི་ཕ་རོལ་ཏུ་ཕྱིན་པ་མཆོག་ནི་བསྒོམ་པའི་ལམ་སྟེ། དེ་སྒོམ་པར་བྱེད་པའི་
1712	terminal-particle+maxcap+terminal-particle+maxcap(merged)	33		དེ་བཞིན་དུ་འཕེལ་བ་ལས་རྐྱེན་རྣམས་ཚོགས་ནས་རབ་ཏུ་འབྱུང་ངོ་། །ཇི་སྲིད་མི་འཁོར་བའི་ཕན
1713	terminal-particle+maxcap	28		སྒྱུ་མ་ལྟ་བུའི་དེ་ཁོ་ན་ཉིད་ཤེས་རབ་ཀྱི་ཕ་རོལ་ཏུ་ཕྱིན་པ་གོམས་པར་བྱས་པའི་ལམ་ལ་ཟད་མེ
1714	objection-close+terminal-particle(merged)	30		རྣམ་པ་གང་ཞིག་མངོན་སུམ་དུ་བྱས་པས་ཡོན་ཏན་ཇི་སྐད་བསྟན་པ་དེ་ཐོབ་པར་བྱེད་ཅེ་ན། བྱང་ཆུ
1715	terminal-particle+maxcap	33		བྱང་ཆུབ་སེམས་དཔའ་གང་ཞིག་རྟེན་ཅིང་འབྲེལ་པར་འབྱུང་བ་ཉིད་ཀྱིས་སྒྱུ་མ་ལྟ་བུ་ཉིད་ཡིན་
1716	terminal-particle	52	STAGE2_REVIEW	ཤེས་རབ་ཀྱི་ཕ་རོལ་ཏུ་ཕྱིན་པ་ནི་ཐོད་རྒལ་གྱི་སྙོམས་པར་འཇུག་པའི་མཚན་ཉིད་བསྒོམ་པའི་ལམ
1717	terminal-particle+maxcap	33		དེ་བཞིན་དུ་མ་རིག་ཐིབས་པོ་བཅོམ་ནས་རང་བྱུང་ནི་བཅོམ་ལྡན་འདས་ཐོབ་པར་འགྱུར་ཏེ། དེ་བཞི
1718	line-end	25		ཡོན་ཏན་རིན་པོ་ཆེ་སྡུད་པ་ཚིགས་སུ་བཅད་པ་ལས་མེ་ཏོག་བཀྲམ་པའི་ལེའུ་སྟེ་ཉི་ཤུ་རྩ་བརྒྱད
1719	terminal-particle	37		བསྒོམ་པའི་ལམ་འདིར་བརྗོད་པར་བྱ་བ་ཡིན་ལ། དེ་ལ་སྤང་བར་བྱ་བ་གཟུང་བ་དང་འཛིན་པའི་རྣམ་པ
1720	terminal-particle+maxcap	39		བསམ་གཏན་ཞེས་བྱ་བ་ལ་སོགས་པ་གསུངས་ཏེ། བདག་དང་གཞན་གྱི་དོན་ཕུན་སུམ་ཚོགས་པས་དབྱེ་བ་དང
1721	terminal-particle+maxcap+terminal-particle(merged)	39		རྣམ་པ་བཞི་ལས་སེམས་རྩེ་གཅིག་པ་ཡིན་ནོ། །མཐར་གྱིས་གནས་པའི་སྙོམས་པར་འཇུག་པའི་མཚན་ཉིད
1722	terminal-particle	22		གཟུང་བ་ནི་རྣམ་པར་རྟོག་པ་གཉིས་སྤངས་པས་ཐོབ་པ་ལ་སོགས་པ་ཆེ་བའི་ཕྱིར་མཐུ་ཆེན་ལྡན་པའོ།
1723	terminal-particle	30		རྟེན་པར་བྱེད་པ་མ་ཡིན་པ་ཉིད་ནི་གཟུང་བར་མངོན་པར་ཞེན་པ་མེད་པའི་རྣལ་འབྱོར་པས་གཟུང་བའ
1724	terminal-particle+maxcap+terminal-particle(merged)	35		གནས་སྐབས་དེ་ལ་གནས་པ་མེད་པས་གནས་པར་བྱེད་པ་མེད་དོ། །འོན་ཀྱང་རྟེན་དུ་འགྱུར་ཏེ། ཚོགས
1725	terminal-particle+maxcap	35		རྣམ་པ་བཞི་ལ་སེམས་རྩེ་གཅིག་པ་མངོན་པར་ཞེན་པ་མེད་པར་གྱུར་པ་ཁྱད་པར་གྱི་ཡེ་ཤེས་དང་སྤང
1726	terminal-particle+maxcap+terminal-particle(merged)	25		ཉན་ཐོས་ལ་སོགས་པའི་བྱང་ཆུབ་ལས་འཕགས་པས་ན་མཆོག་གོ། །ཐོབ་པའི་ཆེད་དུ་བྱ་བར་གནས་སོ་ཞེས
1727	terminal-particle	27		དེའི་རྗེས་ལ་འཛིན་པའི་རྣམ་པར་རྟོག་པ་གཉིས་སྤང་བར་བྱ་བ་བསྟན་པའི་ཕྱིར། ཤེས་རབ་མཆོག་ཅ
1728	terminal-particle+maxcap	38		བསྟན་མ་ཐག་པའི་བསམ་གཏན་མཆོག་ལ་གནས་པར་གྱུར་པའི་བྱང་ཆུབ་སེམས་དཔའ་གང་ཡིན་པས་འཛིན་པའི
1729	terminal-particle	40		གང་གིས་གཟུགས་མེད་པའི་སྙོམས་པར་འཇུག་པ་བཞི་དང་། གཟུགས་ཅན་གྱི་བསམ་གཏན་ཡིན་པའི་ཕྱིར་
1730	terminal-particle+maxcap	19		དེ་དག་ཐམས་ཅད་ཐབས་དང་ཤེས་རབ་ཏུ་ལྡན་པར་བསྒོམ་པའི་ཕྱིར་ཏིང་ངེ་འཛིན་དམ་པའོ། །
1731	terminal-particle	38		ཡང་དག་པ་དེ་དག་ཡང་དང་ཡང་དུ་གོམས་པར་བྱ་བའི་ཕྱིར། བསམ་གཏན་གྱི་རང་བཞིན་འདི་དག་བྱང་ཆུ
1732	terminal-particle	35		དེ་ལྟ་ཡིན་ཡང་བྱ་བ་ལྷག་མ་ཉིད་སངས་རྒྱས་ཀྱི་སའི་སྒྲིབ་པ་སྤང་བའི་འབད་པ་མི་བྱེད་པས་ན།
1733	line-end	32		རྣམ་པར་རྟོག་པ་སྤངས་པའི་ཕྱིར་དེ་ལྟ་བུའི་ཡོན་ཏན་ཕུན་སུམ་ཚོགས་པའི་རྒྱུ་ཡིན་ནོ་ཞེས་བ
1734	verse-stanza	17		རྒྱུའི་བདག་ཉིད་ཆེ་བའི་ཕྱིར་ངོ་མཚར་རོ། །↵འབྲས་བུ་ཆེ་བའི་ཕྱིར་རྨད་བྱུང་ངོ་། །
1735	terminal-particle	29		འདི་ལྟ་སྟེ། དེ་ལ་སྤྱོད་པས་ཡོན་ཏན་ཕུན་སུམ་ཚོགས་པ་ཐམས་ཅད་ཀྱི་གཞིར་གྱུར་པའི་ཕྱིར་ཡོ
1736	terminal-particle	32		འདི་ལྟར་ཇི་སྐད་བསྟན་པའི་བསམ་གཏན་བཞི་ཐོབ་ནས་ཏིང་ངེ་འཛིན་བསྒོམ་པའི་ལམ་ལ་གནས་པ་སྟེ།
1737	terminal-particle	76	STAGE2_REVIEW	བསྒོམ་པའི་ལམ་དེ་ལ་གནས་ཀྱང་སྒྲིབ་པ་ལྷག་མ་སྦྱང་བའི་ཕྱིར་གལ་ཏེ་རང་གི་ལུས་བདག་ཉིད་ཞི
1738	terminal-particle	32		བསྒོམ་པའི་ལམ་གྱི་རྗེས་ལ་བར་ཆད་མེད་པའི་ཏིང་ངེ་འཛིན་གྱི་དོན་དཔེ་སྔོན་དུ་འགྲོ་བས་བས
1739	terminal-particle+maxcap	37		དཔེར་ན་འཛམ་བུ་གླིང་མི་ཞིག་སྔོན་ཆད་ལྷ་ཡུལ་དེ་ནམ་ཡང་ལྷའི་ཡུལ་གཞན་འཕྲུལ་དབང་བྱེད་ལ་
1740	terminal-particle	8		ཕྱིས་རྫུ་འཕྲུལ་ལ་སོགས་པས་སོང་སྟེ།
1741	terminal-particle+maxcap	40		རྗེས་སུ་ཐོབ་ནས་དེ་ལ་ཡོངས་སུ་གཟུང་བ་དང་ལྡན་པའི་ཡུལ་དེ་རྣམས་མཐོང་ནས་སེམས་ཅན་གྱི་དོ
1742	terminal-particle+maxcap+terminal-particle(merged)	33		སྔ་ན་མེད་པའི་བདེ་བའི་རྒྱུ་ལའོ། །དེ་བཞིན་དུ་བྱང་ཆུབ་སེམས་དཔའ་བསྒོམ་པའི་ལམ་ཐོབ་པའི
1743	terminal-particle	35		བསམ་གཏན་དམིགས་པ་མེད་པ་དང་། དགེ་བའི་ཆོས་རྣམས་དྲན་ཡང་རྐྱེན་གྱི་དབང་གིས་གནས་ཏེ་བར་ཆ
1744	terminal-particle+maxcap	38		ཕྱིར་ཡང་འདོད་པའི་ཁམས་སུ་གཟུགས་མེད་པ་སྤངས་ཏེ། འདིར་འདོད་པའི་སྒྲ་ནི་འདིར་བརྗོད་པར་
1745	terminal-particle	39		དེ་དག་གི་ཉེས་པས་ཀྱང་རྗེས་སུ་གོས་པ་མེད་པའི་ཕྱིར་ཆུའི་པདྨ་བཞིན་དུ་དེ་ལྟ་བུ་ལ་གནས་པ
1746	objection-close	39		འདིར་ཡང་གནས་པར་རྟོགས་པར་དཀའ་བའི་ཕྱིར་བྱང་ཆུབ་སེམས་དཔའི་ཐབས་ལ་མཁས་པ་མ་གཏོགས་པ་རྩོ
1747	objection-close+maxcap	18		དེ་ལ་རེ་ཞིག་གལ་ཏེ་རྟེན་མེད་ན་དམིགས་པ་ལ་སོགས་པ་ཇི་ལྟར་ཞེ་ན།
1748	terminal-particle	40		བདག་ཉིད་ཅེས་བྱ་བ་ལ་སོགས་པ་གསུངས་ཏེ། ཆོས་བསྟན་པ་ལ་སོགས་པས་སེམས་ཅན་ཡོངས་སུ་སྨིན་པར
1749	terminal-particle+maxcap	38		མི་མཐུན་པའི་ཕྱོགས་སྤངས་པས་སྦྱིན་པ་ལ་སོགས་པའི་ཕ་རོལ་ཏུ་ཕྱིན་པ་ཡོངས་སུ་རྫོགས་པའི་ད
1750	terminal-particle	35		དེ་ལྟ་མོད་ཀྱི་དོན་དེའི་ཕྱིར་དམིགས་པ་དང་ལྡན་པ་ལ་སོགས་པའི་ཁམས་སུ་མོས་ཏེ། གཟུགས་མེད
1751	terminal-particle+maxcap	33		ནངས་ཀྱི་གོང་ན་ནམ་མཁའ་མཐའ་ཡས་སྐྱེ་མཆེད་ལ་སོགས་པར་འདུ་ཤེས་པ་བཞིའི་རང་བཞིན་དུ་རྒྱལ་
1752	terminal-particle+maxcap	40		གང་གི་ཕྱིར་ན་ཞི་གནས་ཤས་ཆེ་བའི་ཕྱིར་དང་འདུ་ཤེས་ཐམས་ཅད་འགོག་པས་ཡོན་ཏན་ཕུལ་དུ་བྱུང་
1753	terminal-particle+objection-close(merged)	22		ཅི་ནས་དེའི་ཉེས་པར་འགྱུར་བ་རྗེས་སུ་གོས་པའི་ཆགས་པ་མེད་དོ། །ཅིའི་ཕྱིར་དེར་གནས་པར་འག
1754	terminal-particle	33		དཔེ་སྔོན་དུ་འགྲོ་བས་ལན་བསྟན་པའི་ཕྱིར། དཔེར་ན་ཞེས་བྱ་བ་ལ་སོགས་པ་གསུངས་ཏེ། དཔེར་ན་
1755	terminal-particle+maxcap+terminal-particle+maxcap(merged)	37		དེ་ལ་འདོད་པའི་བློ་ནི་བསྐྱེད་པར་མ་བྱས་ཏེ། །རང་ལ་དགོས་པ་མེད་ལ། གཞན་གྱིས་མི་ཤེས་པའི
1756	terminal-particle+maxcap+terminal-particle(merged)	28		བླངས་ནས་ཁྱིམ་དུ་སོང་ནས་ཆགས་པ་མེད་པར་རང་གི་གཉེན་རྣམས་ལ་དགོད་དོ། །དེ་ལྟར་དེ་བཞིན་ད
1757	terminal-particle+maxcap	32		ཐབས་ལ་མཁས་པའི་སྟོབས་ཀྱིས་ཇི་སྐད་བསྟན་པའི་བསམ་གཏན་བཞི་པོ་ཉིད་ལ་སྙོམས་པར་འཇུག་པ་དང
1758	terminal-particle+maxcap	34		བྱང་ཆུབ་སེམས་དཔའ་མཁས་པ་དགའ་བ་དང་། བདེ་བ་སྦྱིན་ཞིང་དེ་ལ་ཆགས་པ་མེད་པར་གྱུར་པས་བདག་
1759	terminal-particle+maxcap	30		ཀུན་རྫོབ་དང་དོན་དམ་པའི་དབྱེ་བས་རིམ་པ་ཇི་ལྟ་བ་བཞིན་དུ་བསམ་གཏན་དང་སྙོམས་པར་འཇུག་པ་
1760	terminal-particle+maxcap	43	STAGE2_REVIEW	སྙིང་རྗེ་ཆེན་པོའི་དབང་གིས་འགྲོ་ལ་སྙིང་བརྩེར་ལྡན་པས་ཕྱིར་ཡང་ཇི་སྐད་བསྟན་པའི་འདོད་
1761	objection-close+terminal-particle(merged)	36		དེ་ལྟར་ཡིན་ན་འོ་ན་ནི་མཉམ་པར་མ་བཞག་པའི་ས་ལ་ཞུགས་པའི་ཕྱིར་ཇི་ལྟར་གཡེང་བར་མི་འགྱུར་
1762	terminal-particle+maxcap	31		བྱང་ཆུབ་སེམས་དཔའ་འདོད་པའི་ཁམས་ན་གནས་ཀྱང་སེམས་རྩེ་གཅིག་པ་སྟོང་པ་ཉིད་ཀྱི་ཏིང་ངེ་འཛ
1763	terminal-particle+maxcap	30		དགྲ་བཅོམ་རང་རྒྱལ་ཐེག་པར་འདོད་པའི་བློ་བསྐྱེད་ན་སྟེ། སེམས་ཅན་ལ་ལྟོས་པ་མེད་པར་དེས་མ
1764	terminal-particle+maxcap+terminal-particle(merged)	33		མཉམ་པར་མ་བཞག་པར་གྱུར་པ་ནི་དམིགས་པ་ཉེས་པ་ཡིན་པའི་ཕྱིར་སེམས་རྒོད་པའོ། །ཐེག་པ་ཆེན་པ
1765	terminal-particle	21		དེ་ལྟ་བུ་ནི་སངས་རྒྱས་ཡོན་ཏན་ཡོངས་ཉམས་ཏེ། དཔེར་ན་མཉན་པ་གྲུ་ཞིག་བཞིན་ཏེ། ཆུར་གྲུ་བ
1766	terminal-particle	34		དགོངས་པ་ཡིན་གྱི་མཉམ་པར་གཞག་པ་ཙམ་འབའ་ཞིག་གིས་སྐྱེ་བ་མ་ཡིན་པ་མཉམ་པར་གཞག་པ་ཐབས་དང་ཤ
1767	terminal-particle	35		ཟེར། མཉམ་པར་གཞག་པའི་ཁམས་སུ་སྐྱེ་བའམ་འབའ་ཞིག་མ་ཡིན་ཏེ་འོ་ན་ཅི་ཞེ་ན་མཉམ་པར་གཞག་པ་ཐ
1768	terminal-particle	15		དེ་ཉིད་བསྟན་པའི་ཕྱིར་གཞན་ཡང་ཞེས་བྱ་བ་ལ་སོགས་པ་གསུངས་ཏེ།
1769	terminal-particle+maxcap	35		གཞན་ཡང་སྒྱུ་མ་ལྟ་བུའི་ཆོས་ཀྱི་ཚུལ་གྱི་སེམས་ཅན་རྗེས་སུ་འཛིན་པ་ལ་དགོངས་པས་གཟུགས་ལ་
1770	terminal-particle+maxcap	31		དགྲ་བཅོམ་རང་རྒྱལ་ཐེག་པ་ལ་འདོད་པའི་སེམས་དང་བྲལ་ཏེ། སྟོང་པ་ཙམ་ཉིད་དང་། སྙིང་རྗེའི་
1771	terminal-particle+maxcap+terminal-particle(merged)	35		མངོན་པར་འདོད་པའི་དོན་ལས་རྟག་ཏུ་ཉམས་པ་མེད་པ་འདི་མཉམ་གཞག་ཡིན་པར་ཤེས་པར་བྱའོ། །དཔའ་
1772	terminal-particle+line-end(merged)	33		དེ་ལྟར་ཞར་ལ་བྱུང་བའི་རྩོད་པ་དང་གཞན་དང་གཞན་རྒྱུད་པའི་ལོག་པར་རྟོགས་པ་བསལ་ཏེ། རྩེ་མ
1773	verse-stanza	27		དེ་ཡི་རྟགས་དང་རྣམ་འཕེལ་དང་། །↵བརྟན་དང་སེམས་ཀུན་གནས་པ་དང་། །↵མཐོང་ཞེས་བྱ་དང་བསྒོམ
1774	verse-stanza	26		རྣམ་པར་རྟོག་པ་རྣམ་བཞི་ཡི། །↵གཉེན་པོ་རྣམ་པ་བཞི་དག་དང་། །↵བར་ཆད་མེད་པའི་ཏིང་ངེ་འཛི
1775	terminal-particle	9		རྩེ་མོའི་མངོན་རྟོགས་ཞེས་གསུངས་པ་ཡིན་ནོ། །
1776	terminal-particle	40		རྩེ་མོའི་མངོན་པར་རྟོགས་པ་སོ་སོ་དང་བསྡུས་པའི་དོན་རྟོགས་པ་ཐོབ་པ་རིམ་པར་བྱ་སྟེ། བརྟ
1777	terminal-particle+maxcap	29		སེམས་ཅན་ཞེས་བྱ་བ་ལ་སོགས་པ་གསུངས་ཏེ། སེམས་ཅན་གཞན་ཏེ། མི་དགེ་བ་ལ་སོགས་པའི་བག་ཆགས་ཀ
1778	terminal-particle	32		གཞན་ཕྱིར་ཏེ་ཉེས་པ་མ་ལུས་པ་བསལ་བའི་རྒྱུས་སེམས་དཔའ་རྣམ་པར་དག་པ་ཡོད་པ་སྟེ། སྦྱིན་པ་
1779	terminal-particle+maxcap	32		སངས་རྒྱས་ལ་སོགས་པ་རྗེས་སུ་དྲན་པ་དྲུག་དང་། ཆོས་ཐམས་ཅད་རང་བཞིན་མེད་པའི་ངོ་བོ་ཉིད་ལ
1780	terminal-particle+maxcap	15		ཆོས་རྣམ་པ་བཅུ་གསུམ་པོ་དེ་དག་བསྒོམ་པ་ནི་རྣམ་པར་སྤྱོད་པའོ། །
1781	terminal-particle	41	STAGE2_REVIEW	དེ་བཞིན་དུ་ཇི་སྐད་བསྟན་པའི་མངོན་པར་རྟོགས་པ་ལ་སོགས་པའི་དོན་ནི་དཔེར་ན་ལས་ངན་པ་བྱེད
1782	terminal-particle+maxcap+terminal-particle(merged)	26		དེ་བཞིན་དུ་སེམས་ཅན་ཐམས་ཅད་ཀྱི་དབང་དུ་གྱུར་པའི་དཔའ་རྣམས་ཏེ། བྱང་ཆུབ་སེམས་དཔའོ། །ས
1783	terminal-particle	28		ཞེས་བྱ་བས་ནི་མཐར་གྱིས་པའི་མངོན་པར་རྟོགས་པ་བསྟན་ཏེ། དེ་སྐད་དུ་ཡང་མཐར་གྱིས་པ་རྣམ་ག
1784	terminal-particle	42	STAGE2_REVIEW	རྣམ་པར་བསྒོམ་པ་མཐར་གྱིས་པའི་མངོན་པར་རྟོགས་པ་ཤིན་ཏུ་གོམས་པར་བྱས་པས་དེ་ཉིད་སྐད་ཅིག
1785	terminal-particle	35		ཞེས་དཔེ་སྔོན་དུ་འགྲོ་བས་བསྟན་པའི་ཕྱིར། སྤྱོ་བ་ཞེས་བྱ་བ་ལ་སོགས་པ་གསུངས་ཏེ། དཔེར་ན
1786	terminal-particle	38		ཚིག་ངན་པ་དང་དབྱིག་པ་ལ་སོགས་པས་བརྡེག་པ་བྱེད་ཀྱང་རུང་། འོན་ཀྱང་ཤིན་ཏུ་སྐྲག་པའི་ཡིད
1787	terminal-particle+maxcap	17		སླར་ཡང་བསད་པར་གྱུར་དུ་འོང་སྙམ་སེམས་ནས་ཞེས་བྱ་བའི་ཚིག་གི་ལྷག་མའོ། །
1788	terminal-particle	66	STAGE2_REVIEW	དེ་བཞིན་དུ་བྱང་ཆུབ་སེམས་དཔའ་བྱང་ཆུབ་ཆེད་དུ་བྱང་ཆུབ་མཆོག་ཞུགས་པས་རྣམ་པར་སྨིན་པ་མ་
1789	terminal-particle+maxcap	37		གང་གི་ཚེ་སྦྱིན་པ་ལ་སོགས་པའི་ཆོས་ཅིག་གིས་གཞན་ཟག་པ་མེད་པར་དམིགས་པ་ནི་གཞན་དག་དང་རྒྱ
1790	terminal-particle	16		ཕུལ་དུ་གྱུར་པ་ཁྱད་པར་ཅན་གྱི་རྒྱུས་སྐད་ཅིག་མ་གཅིག་ལ་རྟོགས་སོ། །
1791	terminal-particle	29		དེ་བཞིན་དུ་འགྲོ་བ་ཀུན་ལ་སྟེ་བག་ཆགས་མ་ལུས་པ་སྤངས་པས་དཔེར་ན་བྲན་གྱུར་བཞིན་དུ་དེ་དག
1792	terminal-particle+maxcap	27		སེམས་ཅན་མགུ་བར་བྱ་བ་གང་ཡིན་པ་འདི་ལས་བྱང་ཆུབ་མཆོག་ཐོབ་ཅིང་། ཡོན་ཏན་སོགས་པའི་རྒྱུར
1793	terminal-particle	37		དཔེར་ན་རྩྭ་དང་ཤིང་ལས་མེ་བྱུང་བས་རྩྭ་དང་ཤིང་དེ་ཉིད་བསྲེགས་པ་ལྟར། དེ་བཞིན་དུ་སེམས་
1794	terminal-particle	16		འདིས་ནི་སྐད་ཅིག་མ་གཅིག་ལ་མངོན་པར་རྫོགས་པར་བྱང་ཆུབ་པ་བསྟན་ཏོ། །
1795	terminal-particle	27		དེ་སྐད་དུ་ཡང་སྐད་ཅིག་མ་གཅིག་གིས་མངོན་རྫོགས་བྱང་ཆུབ་པ། མཚན་ཉིད་ཀྱིས་ནི་རྣམ་པ་བཞི་
1796	terminal-particle	34		སྐད་ཅིག་མ་གཅིག་ལ་མངོན་པར་བྱང་ཆུབ་པ་ཤིན་ཏུ་བསྒོམས་པས་སྐད་ཅིག་མ་གཉིས་པ་ལ་ཆོས་ཀྱི་ས
1797	terminal-particle+maxcap	10		བུ་གཅིག་ཅེས་བྱ་བ་ལ་སོགས་པ་གསུངས་ཏེ།
1798	terminal-particle+maxcap	32		དཔེར་ན་བུ་གཅིག་པ་ལ་མ་ཡང་དག་པར་གཡོ་ལ་སོགས་པ་སྤངས་པའི་ཕྱིར་བསམ་པ་ཐག་པས་སྐྱོ་བ་མེད་
1799	terminal-particle+maxcap	19		དེ་བཞིན་དུ་ངོ་བོ་ཉིད་ཀྱི་སྐུ་ལ་སོགས་པ་བཞི་ཕྲིན་ལས་དང་བཅས་པ་ཐོབ་ནས།
1800	terminal-particle+maxcap	29		དམིགས་པ་མེད་པའི་ཐུགས་རྗེ་ཆེན་པོ་མངོན་དུ་གྱུར་པས་བདག་གི་བདེ་བ་བཏང་ནས་སེམས་ཅན་དེ་ད
1801	terminal-particle+maxcap+terminal-particle(merged)	39		བཞེད་པའི་ཐུགས་མི་མངའ་བར་སེམས་ཅན་གྱི་དོན་ལ་ཉིན་མཚན་མངོན་པར་བརྩོན་པས་བཅོམ་ལྡན་འདས་
1802	line-end	5		དེ་སྐད་དུ་ཡང་།
1803	verse-stanza	27		ངོ་བོ་ཉིད་ལོངས་རྫོགས་བཅས་དང་། །↵དེ་བཞིན་གཞན་ནི་སྤྲུལ་པ་དང་། །↵ཆོས་སྐུ་མཛད་དང་བཅས
1804	terminal-particle+terminal-particle(merged)	32		ཅེས་གསུངས་པ་ཡིན་ནོ། །དེ་དག་གིས་ནི་མངོན་པར་རྟོགས་པ་བརྒྱད་ཉིད་ཡོངས་སུ་རྫོགས་པར་བྱི
1805	terminal-particle+maxcap+terminal-particle+maxcap(merged)	31		དེ་ཡང་རྒྱ་ཆེར་ནི་འཕགས་པ་བརྒྱད་སྟོང་པའི་བཤད་སྦྱར་ལས་གཟུང་ངོ་། །དེ་དག་ནི་བསླབ་པར་འ
1806	terminal-particle+maxcap	31		རྣམ་པ་ཐམས་ཅད་སྦྱར་བར་མི་ནུས་པའི་ཕྱིར་སྐབས་གཞན་དུ་ནི་བསྡུས་ནས་བརྗོད་པས་གཅིག་ཏུ་བས
1807	terminal-particle	34		དེས་བརྗོད་པར་འདོད་པ་མི་གནས་པ་ལ་བརྗོད་པར་འདོད་པའི་ཚིག་ཏུ་དྲངས་པ་འབའ་ཞིག་ཏུ་ཟད་དེ།
1808	line-end	25		ཡོན་ཏན་རིན་པོ་ཆེ་སྡུད་པ་ཚིགས་སུ་བཅད་པ་ལས་རྗེས་སུ་རིག་པའི་ལེའུ་སྟེ་ཉི་ཤུ་རྩ་དགུ་པ
1809	terminal-particle	47	STAGE2_REVIEW	ཇི་སྐད་བཤད་པའི་མངོན་པར་རྟོགས་པ་བརྒྱད་ཀྱི་རང་བཞིན་གྱི་ཡུམ་ཐོས་པ་ལ་སོགས་པའི་ཤེས་པ་
1810	terminal-particle+maxcap	29		བྱང་ཆུབ་ཅེས་བྱ་བ་ལ་སོགས་པ་གསུངས་ཏེ། བྱང་ཆུབ་སེམས་དཔའ་གང་ཞིག་ཡུན་རིང་པོར་འཁོར་བར་
1811	terminal-particle+maxcap	58	STAGE2_REVIEW	བརྟེན་པའི་དབྱེ་བས་སེམས་ཅན་གྱི་དོན་དང་སངས་རྒྱས་ཀྱི་ཞིང་སྦྱོང་ཞིང་སངས་རྒྱས་ཀྱི་རྗེ
1812	terminal-particle+maxcap	37		དེ་ནི་ཤེས་རབ་ཀྱི་ཕ་རོལ་ཏུ་ཕྱིན་པ་ཐོབ་པས་སེམས་ཅན་ལ་དམིགས་ནས་དོན་བྱེད་པ་ལ་སོགས་པ་བ
1813	terminal-particle+maxcap	12		གཉིད་དང་རྨུགས་པ་མེད་པས་གཡེལ་བ་མེད་པར་འགྱུར་རོ། །
1814	objection-close	38		སྐྱོ་བའི་བློ་བསྐྱེད་པ་ལ་ཉེས་པ་ཅི་ཞིག་ཡོད་པ་བསྟན་པའི་ཕྱིར། གལ་ཏེ་ཞེས་བྱ་བ་ལ་སོགས་
1815	terminal-particle	35		བྱང་ཆུབ་སེམས་དཔའ་མི་མཁས་པ་དེའི་ཚེ་དེ་བཞིན་གཤེགས་པའི་བྱང་ཆུབ་རིང་བར་འདུ་ཤེས་བསྐྱེ
1816	terminal-particle	36		ཆོས་ལ་དམིགས་པར་མངོན་པར་ཞེན་པ་ཐོབ་པ་ཉིད་ཀྱི་ཕྱིར་དེ་བས་ན་བརྩོན་འགྲུས་ཀྱི་ཕ་རོལ་ཏུ
1817	objection-open+terminal-particle(merged)	33		འོ་ན་ཇི་ལྟར་སྐྱོ་བའི་བློ་བསྐྱེད་པར་མི་བྱ་ཞེ་ན། བྱང་ཆུབ་མཆོག་ཏུ་ཞེས་བྱ་བ་ལ་སོགས་པ
1818	terminal-particle+maxcap	74	STAGE2_REVIEW	བླ་ན་མེད་པའི་བྱང་ཆུབ་དེ་བཞིན་གཤེགས་པ་ཐོབ་ཀྱི་བར་གྱི་དུས་ཐམས་ཅད་ལ་གང་གི་ཚེ་ཉིན་མཚ
1819	quote-open	33		ཡང་དག་པར་ཞུགས་པ་ཉིད་ལ་བདུད་གནོད་པ་བྱེད་པར་འགྱུར་བ་བསྟན་པའི་ཕྱིར། གལ་ཏེ་ཞེས་བྱ་བ་
1820	quote-open+maxcap	21		རིའི་རྒྱལ་པོ་རི་རབ་གང་གིས་བཤིག་པ་དེ་ཉིད་ཀྱིས་བྱང་ཆུབ་མཆོག་ཐོབ་འགྱུར་ཞེས་སྨྲ་བ་ལས
1821	terminal-particle	35		དེ་ཐོས་ནས་བྱ་བར་མི་ནུས་པ་ལ་སོགས་པས་སྐྱོ་བའི་བློ་སྐྱེད་པར་བྱེད་ཅིང་། འདི་སྙམ་དུ་ར
1822	terminal-particle+objection-open(merged)	35		དེའི་ཚེ་བྱང་ཆུབ་སེམས་དཔའ་ལེ་ལོར་གྱུར་པ་ཡིན་ཏེ། དེ་བས་ན་བྱང་ཆུབ་ཐོབ་པར་མི་འགྱུར། 
1823	terminal-particle	10		ཇི་སྟེ་ཞེས་བྱ་བ་ལ་སོགས་པ་གསུངས་ཏེ།
1824	terminal-particle+maxcap	43	STAGE2_REVIEW	ཇི་སྟེ་དེའི་ཡང་བློ་སྐྱེས་པ་འདི་ཕྱིན་ཅི་ལོག་གི་བག་ཆགས་ཀྱིས་ཀུན་དུ་བསྐྱེད་པའི་ཕྱིར
1825	terminal-particle+maxcap	39		བྱང་ཆུབ་སེམས་དཔའ་མཁས་པ་བརྩོན་འགྲུས་བརྩམས་པ་སྟེ། རིང་པོ་མི་ཐོགས་འདྲེན་པའི་བྱང་ཆུབ
1826	terminal-particle	28		མི་མཐུན་པའི་ཕྱོགས་སྤངས་པའི་བརྩོན་འགྲུས་དངོས་པོར་དམིགས་ན་སྐྱོན་ཡིན་ནོ་ཞེས་བསྟན་པའ
1827	terminal-particle+maxcap	54	STAGE2_REVIEW	རྫུ་འཕྲུལ་དང་ཀུན་བརྗོད་པས་ནི་འགྲོ་བ་ཡོངས་སུ་སྨིན་པར་བྱས་ནས་རྗེས་སུ་བསྟན་པའི་ཆོ་འ
1828	terminal-particle+maxcap	14		དེའི་ཚེ་ཉོན་མོངས་པ་ཤས་ཆེ་བས་ལེ་ལོ་ཐོབ་པར་འགྱུར་ཏེ།
1829	terminal-particle+maxcap	30		གཞན་དུ་འདུ་ཤེས་པ་དང་མེད་ན་མི་འབྱུང་བ་བདག་ཏུ་འདུ་ཤེས་པ་གནས་པས་དེའི་ཕྱིར་འདོད་ཆགས་
1830	terminal-particle+maxcap	33		རྒྱལ་བའི་སྲས་བདག་མེད་པ་སྒྱུ་མ་ལྟ་བུར་བསྒོམ་པ་ལ་རིང་བར་འགྱུར་ཏེ། དངོས་པོའི་མཚན་ཉི
1831	terminal-particle+maxcap	10		བརྩོན་འགྲུས་དང་ལྡན་པ་ལ་ནི་མ་ཡིན་ནོ། །
1832	terminal-particle	38		ཡང་ཇི་ལྟར་བརྩོན་འགྲུས་དང་ལྡན་པ་བསྟན་པའི་ཕྱིར། གང་ཚེ་ཞེས་བྱ་བ་ལ་སོགས་པ་གསུངས་ཏེ། 
1833	terminal-particle+maxcap	26		དེ་དག་ཉེ་བར་མཚོན་པ་ཡིན་པས་ངག་ཀྱང་མ་ཡིན་ཏེ། དངོས་པོར་དམིགས་པ་སྤངས་པའི་ཕྱིར་སེམས་ཅ
1834	terminal-particle	37		དེས་འདི་ལྟར་འདུ་ཤེས་རྣམ་པར་བཟློག་ནས་གང་གི་ཚེ་གནས་པ་ན་དངོས་པོ་དང་དངོས་པོ་མེད་པ་ཡི
1835	terminal-particle+maxcap+terminal-particle(merged)	30		དེའི་ཚེ་འདི་ནི་འདོད་པའི་ཉེས་པ་ཐམས་ཅད་ཞི་བར་གནས་པས་ན་ཞི་བའོ། །མི་གནས་པའི་མྱ་ངན་ལས
1836	quote-open	20		བྱང་ཆུབ་མཆོག་རྒྱལ་བའི་སྲས་རྣམས་འདོད་པས་བརྩོན་འགྲུས་ཕ་རོལ་ཕྱིན་ཅེས་ཕན་པ་མཛད་པས་གས
1837	terminal-particle+terminal-particle(merged)	39		ཕན་པ་མཛད་པ་ནི་འཇིག་རྟེན་མགོན་པོའོ། །ཇི་ལྟར་དགེ་བའི་བཤེས་གཉེན་ཚོལ་བ་ལ་སོགས་པ་ལ་ཞུ
1838	terminal-particle+maxcap	32		གཞན་འདོད་པ་བྱེད་པ་ལ་བརྟགས་ཏེ་བཟོད་པའི་ཆོས་ལ་སྤྱོད་པ་ནི་བཟོད་པ་ཡིན་ནོ་ཞེས་བསྟན་པའ
1839	terminal-particle+maxcap	18		ཁྲོ་བས་བསྐྱེད་པའི་གཞན་ལས་ཚོགས་པ་མི་འབྱུང་བར་ངན་བརྗོད་ཚིག་རྩུབ་ཐོས་གྱུར་ན།
1840	terminal-particle+maxcap	50	STAGE2_REVIEW	བཟོད་པ་གོམས་པར་བྱས་པ་ནི་བསོད་ནམས་བསགས་པའི་རྒྱུ་ཡིན་པའི་ཕྱིར་དགེ་བའི་བཤེས་གཉེན་ཉི
1841	terminal-particle+maxcap	21		རྗེས་ཐོགས་སུ་སུས་ཐོས། གང་གིས་དེ་བསྐྱེད། གང་ཞིག་དང་ནི་འབྲེལ་གང་གི་ཕྱིར་དམིགས་པ་ཞེ
1842	terminal-particle+maxcap	32		འོན་ཀྱང་སྒྱུ་མ་ལྟ་བུ་ཡིན་པའི་ཕྱིར་ཆོས་འདི་རྣམས་འགའ་ཡང་སྨྲ་བར་འགྱུར་བ་མེད་དོ་ཞེས་
1843	terminal-particle	46	STAGE2_REVIEW	དེ་བས་ན་བཟོད་པའི་ཆོས་ལ་བརྟགས་ནས་ཕ་རོལ་གནོན་པར་བྱེད་པ་ལ་སྤྱོད་པའི་རང་བཞིན་གཉིས་པོ
1844	objection-close+terminal-particle(merged)	18		བཟོད་པ་ལ་ཡོན་ཏན་ཅི་ཡོད་ཅེ་ན། བྱང་ཆུབ་ཅེས་བྱ་བ་ལ་སོགས་པ་གསུངས་ཏེ།
1845	terminal-particle+maxcap	39		བྱང་ཆུབ་སེམས་དཔའ་གང་ཞིག་བསྟན་མ་ཐག་པའི་བཟོད་པ་གཉིས་ལ་གོམས་པར་བྱས་པའི་ཕྱིར་བཟོད་པའ
1846	terminal-particle+maxcap+terminal-particle(merged)	36		ལེགས་ཆོས་ལྡན་ནོ། །ཉེ་བར་རྟག་པ་བཟུང་ན་སྟོང་གསུམ་གྱི་སྟོང་ཆེན་པོའི་འཇིག་རྟེན་གྱི་ཁ
1847	terminal-particle+maxcap	36		ཉན་ཐོས་རྣམས་དང་རང་སངས་རྒྱས་རྣམས་ལ་ཕུལ་བ་དེ་ལྟ་བུས་སྔ་མའི་བྱང་ཆུབ་སེམས་དཔའི་བསོད་
1848	terminal-particle+objection-close(merged)	26		དེ་ནི་བསོད་ནམས་ཀྱི་རྒྱུ་ཡིན་པའི་ཕྱིར་སྦྱིན་པའི་རྒྱུན་གྱིས་དེར་མི་འགྱུར་རོ། །གང་ག
1849	terminal-particle	40		བཟོད་ལ་ཞེས་བྱ་བ་ལ་སོགས་པ་གསུངས་ཏེ། བཟོད་པ་རྣམ་པ་གཉིས་བསྒྲུབས་ནས་གནས་པ་དེས་མཛེས་པ
1850	terminal-particle+maxcap+terminal-particle(merged)	34		མཚན་སུམ་ཅུ་རྩ་གཉིས་ཀྱིས་ལུས་རྣམ་པར་བརྒྱན་པའི་ཕྱིར་སུམ་ཅུ་རྩ་གཉིས་མཚན་དང་མཐུ་སྟོབ
1851	terminal-particle	32		མཐོང་ན་ངོམས་མི་ཤེས་པའི་སྐུ་མངའ་བ་ཉིད་ཀྱིས་ནི་ལས་དང་འབྲས་བུ་ཡིད་ཆེས་པའི་ཆོས་རབ་ལ་
1852	terminal-particle	30		འདི་ནི་བཟོད་ལྡན་དེ་ལ་གང་དག་འགྲོ་བ་ཐམས་ཅད་གནོད་པ་མི་བྱེད་པས་དགྲ་མེད་པ་ཉིད་དེ། ཡིད
1853	terminal-particle	25		བཟོད་པའི་ཕ་རོལ་ཏུ་ཕྱིན་པ་ཇི་ལྟ་བར་འབྲས་བུ་དེ་དག་སྦྱིན་པའི་ཕ་རོལ་ཏུ་ཕྱིན་པ་ལ་མི་ས
1854	terminal-particle	20		དེ་བས་ན་སྔར་བསྟན་པའི་ཚིགས་སུ་བཅད་པའི་དོན་ཕྱོགས་འདིར་གནས་སོ་ཞེས་བྱ་བར་དགོངས་སོ། །
1855	line-end	35		ད་ནི་སྡུག་བསྔལ་ལ་ཇི་མི་སྙམ་པའི་བཟོད་པ་དང་། ཆོས་ལ་སོ་སོར་རྟོག་པའི་བཟོད་པ་དང་བཅས་པ
1856	line-end+maxcap	34		གལ་ཏེ་སེམས་ཅན་ལ་ལས་ཏེ་ལྷ་སྦྱིན་ལ་སོགས་པའི་སྐྱེ་བོས་ཙནྡན་ཕུར་མ་བླངས་ནས། བླ་མ་ལ་རབ
1857	ordinal-open	16		གཉིས་པ་འགའ་ཞིག་གིས་ཡང་མེ་མདག་གི་ཕུང་པོ་མགོ་ལ་འཐོར་བྱེད་ན།
1858	ordinal-open+maxcap	29		དེ་གཉི་ག་ལ་ཡང་ཆོས་ལ་བདག་མེད་པ་བསྒོམས་པའི་སྟོབས་ཀྱིས་དེས་མཉམ་པའི་ཡིད་ནི་བྱང་ཆུབ་མ
1859	terminal-particle+terminal-particle(merged)	38		དེ་ལྟ་ན་ཇི་སྐད་བསྟན་པའི་བཟོད་པ་བསྒོམ་པ་ཡིན་ནོ། །དེ་ཡང་འབྲས་བུ་བྱང་ཆུབ་ཆེན་པོར་ཡོ
1860	terminal-particle+maxcap	21		བཟོད་པའི་རིམ་པ་སྔར་བསྟན་མ་ཐག་པ་དང་ལྡན་པ་ནི་བྱང་ཆུབ་སེམས་དཔའ་མཁས་པ་གསལ་བའོ། །
1861	terminal-particle	38		བཟོད་པ་དང་བཅས་པར་གྱུར་པས་སེམས་བསྐྱེད་དེ། འགྲོ་བའི་དོན་དུ་བྱང་ཆུབ་མཆོག་ཏུ་ཡོངས་སུ
1862	terminal-particle+maxcap	23		བྱང་ཆུབ་སེམས་དཔའ་དང་། སེམས་ཅན་ཁམས་ཀྱི་བཟོད་པ་ཇི་སྙེད་པ་ཐམས་ཅད་ཡང་དག་པར་ཟིལ་གྱིས་
1863	terminal-particle	52	STAGE2_REVIEW	གང་གི་ཕྱིར་འགྲོ་བ་ལ་སོགས་པ་ཐམས་ཅད་ཀྱིས་བཟོད་པ་བྱས་པ་ཇི་སྐད་བསྟན་པ་གཞན་དག་གིས་ཡོང
1864	terminal-particle	34		གཞན་གྱིས་གནོད་པ་བྱས་པ་ལ་སོགས་པ་ལ་དམིགས་པ་ཅན་གྱིས་ཡང་དེ་ལ་བཟོད་པར་བྱ་བ་བསྟན་པའི་ཕ
1865	terminal-particle+maxcap	12		སེམས་དམྱལ་དུད་འགྲོ་གཤིན་རྗེའི་འཇིག་རྟེན་སྡུག་བསྔལ་མང་། །
1866	terminal-particle+maxcap	40		འདོད་པའི་ཡོན་ཏན་རྒྱུ་ཡིས་དབང་མེད་གནོད་མྱོང་ན། །བྱང་ཆུབ་ཆེད་དུ་ཅི་ཕྱིར་ད་ལྟར་བདག་
1867	terminal-particle+terminal-particle(merged)	40		ཅིའི་ཕྱིར་གྱི་སྒྲས་འཕངས་པ་བརྗོད་པར་བྱ་བའི་ཕྱིར་སྨོས་ཀྱང་ཅི་དགོས་ཞེས་དེ་ལྟར་སྙམ་པ
1868	terminal-particle	31		དེ་ཉིད་བསྟན་པའི་ཕྱིར་ལྕག་དབྱུག་ཅེས་བྱ་བ་ལ་སོགས་པ་གསུངས་ཏེ། ཡང་གང་གི་ཚེ་རྩྭ་དང་ལྕ
1869	terminal-particle+maxcap	38		དབྱུག་པ་ལ་སོགས་པས་བརྡེགས་ཏེ་ནོར་ལ་སོགས་པ་འཕྲོག་པའི་ཆད་པ་དང་། རལ་གྲི་ལ་སོགས་པའི་མ
1870	terminal-particle+maxcap	26		ལག་པའི་ཁུ་ཚུར་ལ་སོགས་པས་བརྡེག་པ་དང་། མགོ་གཅོད་པ་དང་། རྣ་བ་རྐང་ལག་སྣ་གཅོད་པ་ནི་དུ
1871	terminal-particle	51	STAGE2_REVIEW	དེ་ལྟར་སྐྱེ་བ་ལ་སོགས་པའི་རང་བཞིན་འཇིག་རྟེན་སྡུག་བསྔལ་མྱོང་བ་ཇི་སྙེད་པ་བདག་གིས་འད
1872	terminal-particle+maxcap	27		དེའི་ཚེ་བྱང་ཆུབ་སེམས་དཔའི་བཟོད་པའི་ཕ་རོལ་ཏུ་ཕྱིན་པ་ཇི་སྐད་བསྟན་པའི་རང་བཞིན་ལ་གནས
1873	line-end	22		ཡོན་ཏན་རིན་པོ་ཆེ་སྡུད་པ་ཚིགས་སུ་བཅད་པ་ལས་རྟག་ཏུ་ངུའི་ལེའུ་སྟེ་སུམ་ཅུ་པའི་བཤད་པའོ
1874	terminal-particle	33		དེ་ལྟར་བསྟན་པའི་དགེ་བའི་བཤེས་གཉེན་གང་གིས་དང་པོར་ཡོན་ཏན་ཐམས་ཅད་ཀྱི་གཞི་ཡིན་པའི་ཕྱ
1875	terminal-particle+maxcap	40		ཚུལ་ཁྲིམས་ཞེས་བྱ་བ་ལ་སོགས་པ་གསུངས་ཏེ། སྡོམ་པ་ལ་སོགས་པའི་ཚུལ་ཁྲིམས་རྣམ་པ་གསུམ་ནོད
1876	terminal-particle+maxcap+terminal-particle(merged)	31		དེ་དག་ཇི་སྙེད་འཕགས་པར་འགྱུར་བ་སྡོམ་པའི་བྱེད་པ་ཡིན་པའི་ཕྱིར་སྡོམ་པའི་བྱ་བའོ། །གྲུ
1877	terminal-particle	44	STAGE2_REVIEW	སེམས་ཅན་ཀུན་ལ་ཕན་ཕྱིར་ཏེ་བླ་ན་མེད་པ་ཡང་དག་པར་རྫོགས་པའི་བྱང་ཆུབ་ཏུ་ངེས་པར་འབྱུང་བ
1878	terminal-particle	30		སྤྱོད་ཡུལ་ནི་ལྟུང་བ་ཐམས་ཅད་སྤངས་པའི་ཕྱིར་ཚུལ་ཁྲིམས་ཉམས་པ་མེད་པར་གནས་པར་གྱུར་པ་ཡི
1879	terminal-particle	23		དོན་དེ་ཉིད་ལྡོག་པ་སྔོན་དུ་འགྲོ་བས་གསལ་བར་བསྟན་པའི་ཕྱིར། གལ་ཏེ་ཞེས་བྱ་བ་ལ་སོགས་པ་
1880	terminal-particle+maxcap	27		གལ་ཏེ་རང་རྒྱལ་དང་དགྲ་བཅོམ་པའི་བྱང་ཆུབ་བཟུང་ནས་སྡོམ་པ་མནོས་པ་ཡོངས་སུ་སྔོ་བར་བྱེད་
1881	terminal-particle	24		དེའི་ཚེ་ཐེག་པ་ཆེན་པོ་སྒྲུབ་པ་སྤངས་པའི་ཕྱིར་ཚུལ་ཁྲིམས་འཆལ་ཞིང་ངོ་། །མི་མཁས་པ་ནི་བ
1882	terminal-particle	21		དེ་བཞིན་དུ་བླངས་པའི་སྡོམ་པ་ཡོངས་སུ་བཏང་ཞིང་བུག་པ་དང་བཅས་པས་སྤྱོད་པ་ནི་ཉམས་པའོ། །
1883	terminal-particle	30		ཅི་སྟེ་བྱང་ཆུབ་ཞི་བ་མཆོག་ཏུ་བླངས་པའི་ཚུལ་ཁྲིམས་ཡོངས་སུ་སྔོ་བར་བྱེད་ན། འདོད་ཡོན་བ
1884	terminal-particle+maxcap	18		བླངས་པའི་དོན་ཡོངས་སུ་མ་བཏང་བས་ཚུལ་ཁྲིམས་ཕ་རོལ་ཏུ་ཕྱིན་པ་ལ་གནས་སོ། །
1885	terminal-particle	33		ཅིའི་ཕྱིར་ཚུལ་ཁྲིམས་ཁོ་ན་ལ་དང་པོར་གདམས་ཤེ་ན། ཆོས་གང་ཞེས་བྱ་བ་ལ་སོགས་པ་གསུངས་ཏེ། 
1886	terminal-particle+terminal-particle(merged)	23		གཉི་གའི་དོན་ཕུན་སུམ་ཚོགས་པ་ནི་དེས་པའི་བྱང་ཆུབ་བོ། །གཞན་གྱི་དོན་ཕུན་སུམ་ཚོགས་པ་ནི
1887	terminal-particle	36		ཐོབ་པའི་རྒྱུ་མཚན་ཉིད་ཡིན་པས་བྱང་ཆུབ་སེམས་དཔའ་ལ་དགོས་པའི་ཚུལ་ཁྲིམས་ལྟུང་བ་མེད་པར་
1888	terminal-particle	36		ཡང་གང་ཞིག་ཕན་པར་བྱེད་པའི་ཆོས་དང་བྱང་ཆུབ་ཡོན་ཏན་ཡོངས་སུ་ཉམས་པའི་བྱང་ཆུབ་སེམས་དཔའ་
1889	terminal-particle+terminal-particle(merged)	34		དེ་བས་ན་ཚུལ་ཁྲིམས་ཁོ་ན་ལ་དང་པོར་གདམས་སོ་ཞེས་བྱ་བར་འབྲེལ་ཏོ། །སུ་ཞིག་གིས་ཚུལ་ཁྲིམ
1890	terminal-particle+maxcap	35		གལ་ཏེ་བྱང་ཆུབ་སེམས་དཔའ་འདོད་པའི་ཡོན་ཏན་ལྔ་འཇིག་རྟེན་དུ་གྲགས་པ་སྤྱོད་ཀྱང་དཀོན་མཆོ
1891	terminal-particle+maxcap	26		འགྲོ་བ་ལ་ཕན་པའི་ཕྱིར་བདག་གིས་སངས་རྒྱས་ཐོབ་པར་བྱའོ་ཞེས་ཐམས་ཅད་མཁྱེན་པ་ཉིད་ཀྱང་ཡིད
1892	terminal-particle+maxcap	29		དེ་ལྟ་བུ་ནི་ཡང་རེ་ཞིག་བྱང་ཆུབ་ཀྱི་སྡོམ་པ་འཛིན་པའི་ཕྱིར་ཚུལ་ཁྲིམས་ཕ་རོལ་ཕྱིན་གནས་
1893	terminal-particle	30		ཐེག་པ་ཆེན་པོའི་མདོ་གཞན་དག་ལས་བྱང་ཆུབ་སེམས་དཔའི་སྡོམ་པའི་ཚུལ་ཁྲིམས་ལ་སོགས་པ་རྒྱ་ཆ
1894	terminal-particle	33		ཐམས་ཅད་མཁྱེན་པ་ཉིད་ཡིད་ལ་བྱེད་པ་དང་མ་བྲལ་བ་ནི་ཚུལ་ཁྲིམས་ཉམས་པ་ཡིན་ནོ་ཞེས་བསྟན་པའ
1895	terminal-particle+maxcap	40		གལ་ཏེ་བསྐལ་པ་བྱེ་བར་སྲོག་གཅོད་པ་སྤངས་པ་ལ་སོགས་པའི་དགེ་བའི་ལས་ལམ་བཅུ་སྤྱོད་ཀྱང་དག
1896	terminal-particle+maxcap	32		དེའི་ཚེ་སྔ་མ་བཞིན་དུ་ཚུལ་ཁྲིམས་ཉམས་པ་དང་ལྡན་པས་ཚུལ་ཁྲིམས་སྐྱོན་བྱུང་བ་དང་དེ་བཞིན
1897	terminal-particle	40		གང་གི་ཕྱིར་བྱང་ཆུབ་ཏུ་སེམས་བསྐྱེད་པ་དེ་ནི་སངས་རྒྱས་ཉིད་ལ་སྤྱན་དྲངས་ནས་དེ་ལས་སླར་
1898	terminal-particle+maxcap	17		དེས་ཉན་ཐོས་ལ་སོགས་པར་སེམས་བསྐྱེད་ཅིང་འདོད་པ་དང་བཅས་པར་གྱུར་པས་སོ། །
1899	terminal-particle	38		ཡང་དག་པར་སྣང་བའི་ཚུལ་ཁྲིམས་ལ་ཇི་ལྟར་འཇུག་པར་བྱ་བ་བསྟན་པའི་ཕྱིར། ཚུལ་ཁྲིམས་ཞེས་བྱ
1900	terminal-particle	11		སྔ་མ་བཞིན་དུ་བྱང་ཆུབ་མཆོག་ཏུ་ཡོངས་བསྔོ་ན།
1901	terminal-particle+maxcap	34		གང་གི་ཚེ་ཚུལ་ཁྲིམས་དེ་ཡིས་གཞན་ལ་མི་སྨོད་ཅིང་རློམ་སེམས་མེད་ཅིང་བདག་ཉིད་ཀྱི་ཚུལ་ཁྲ
1902	terminal-particle+maxcap	21		ངའི་འདུ་ཤེས་ལེན་པ་ཉིད་དང་། དེ་བཞིན་དུ་འདོར་བ་དང་། སེམས་ཅན་འདུ་ཤེས་ཡོངས་སུ་སྤངས་ན
1903	terminal-particle+maxcap	35		དེའི་ཚེ་ཇི་སྐད་བསྟན་པའི་བྱང་ཆུབ་སེམས་དཔའ་ཚུལ་ཁྲིམས་ཀྱི་ཕ་རོལ་ཏུ་ཕྱིན་པ་ལ་གནས་ཞེས
1904	terminal-particle	21		ཉེས་པ་གཞན་དག་ཀྱང་ཡོད་པ་ཉིད་དུ་བསྟན་པའི་ཕྱིར། གལ་ཏེ་ཞེས་བྱ་བ་ལ་སོགས་པ་གསུངས་ཏེ།
1905	terminal-particle+maxcap	50	STAGE2_REVIEW	གལ་ཏེ་བྱང་ཆུབ་སེམས་དཔའ་རྒྱལ་བའི་ལམ་སྤྱོད་པ་ཇི་སྐད་བསྟན་པའི་ཚུལ་ཁྲིམས་ཀྱི་ལམ་ཡིན་
1906	terminal-particle+maxcap	47	STAGE2_REVIEW	དེའི་ཕྱིར་སྣ་ཚོགས་འདུ་ཤེས་ཞུགས་པ་དངོས་པོར་དམིགས་པ་ཐམས་ཅད་བསྲུང་བར་མི་ནུས་པའི་ཕྱི
1907	terminal-particle+terminal-particle(merged)	32		དེ་ལྟ་བས་ན་དངོས་པོར་དམིགས་པར་མི་བྱའོ། །མི་དམིགས་པར་སྤྱོད་པ་ལ་ལྟུང་བ་མེད་དོ་ཞེས་བ
1908	terminal-particle+maxcap	26		གང་ལ་སྒྱུ་མ་ལྟ་བུའི་ཆོས་ཉིད་རྟོགས་པའི་སྟོབས་ཀྱིས་བདག་ཏུ་འདུ་ཤེས་མེད་པས་སེམས་ཅན་ག
1909	terminal-particle	50	STAGE2_REVIEW	དེ་ཉིད་ཀྱི་ཕྱིར་བདག་དང་གཞན་གྱི་ཆར་འབྱེད་པ་མེད་པས་རྗེས་སུ་ཆགས་པ་དང་ཁོང་ཁྲོ་བ་དང་བ
1910	terminal-particle+maxcap	29		དེ་ཉིད་ཀྱི་ཕྱིར་གང་ལ་སྡོམ་དང་སྡོམ་པ་མ་ཡིན་རློམ་སེམས་མེད་དེ། ཚུལ་ཁྲིམས་དང་བརྟུལ་ཞ
1911	terminal-particle	39		མི་དགེ་བ་བསྐྱེད་ཅིང་འཛིན་པ་དང་སྡོམ་པ་མ་ཡིན་པ་ཡང་དེ་ལ་མེད་དེ། དེས་ནི་མི་དགེ་བ་ལས་
1912	terminal-particle	27		ཚུལ་ཁྲིམས་དང་ལྡན་པ་དེ་ཉིད་སྦྱིན་པ་ལ་འཇུག་པ་ཡིན་ནོ་ཞེས་བསྟན་པའི་ཕྱིར། སེམས་ཅན་ཞེས
1913	terminal-particle+maxcap	52	STAGE2_REVIEW	གང་ཞིག་བསྟན་མ་ཐག་པ་དེ་ལྟར་ཀུན་རྫོབ་ཏུ་ཚུལ་ཁྲིམས་དང་ལྡན་པར་གྱུར་པས་དོན་དམ་པར་སྤྲོ
1914	terminal-particle	22		ཡང་དེ་ཉིད་ཀྱི་ཕྱིར་ཡན་ལག་གི་དམ་པ་མགོ་ལ་སོགས་པ་གཏོང་ཞིང་ཞུམ་པའི་སེམས་ཀྱང་མེད་ལ།
1915	terminal-particle+maxcap	27		དགོས་པ་གཏོང་བ་ནི་བདོག་པ་ཐམས་ཅད་གཏོང་ཞིང་རྟག་ཏུ་སྦྱིན་པའི་འབྲས་བུ་ལ་ལྟོས་པ་མེད་པས
1916	objection-close+terminal-particle(merged)	30		ཕྱི་རོལ་གྱི་དངོས་པོ་ཡོངས་སུ་གཏོང་བ་མེད་པར་ཇི་ལྟར་ན་ཐམས་ཅད་གཏོང་བ་ཡིན་ཞེ་ན། ཆོས་ར
1917	terminal-particle+maxcap	32		གང་ཞིག་དམན་པ་ལ་བརྟགས་པ་སྔོན་དུ་འགྲོ་བས་ངེས་པའི་དོན་ཐ་མལ་པ་ཀུན་རྫོབ་ཀྱི་རྒྱུ་དང་འ
1918	terminal-particle	29		དོན་དམ་པར་རང་བཞིན་དང་བྲལ་བའི་ཕྱིར་བདག་མེད་པར་ཡང་ཤེས་ནས། གང་གི་ཚེ་བདག་གི་ཤ་ཡང་གཏོ
1919	terminal-particle+maxcap	31		དེ་ཚེ་ཕྱི་རོལ་དངོས་པོ་གཏོང་བ་སྨོས་ཀྱང་ཅི་དགོས་ཏེ། འདིར་ཕྱི་རོལ་གྱི་དངོས་པོ་ལ་སེར
1920	objection-close	17		བདག་མེད་པའི་རྣལ་འབྱོར་པ་ཅིའི་ཕྱིར་སྦྱིན་པ་ལ་སོགས་པ་ལ་འཇུག་ཅེ་ན།
1921	terminal-particle	25		བདག་ཏུ་ཞེས་བྱ་བ་ལ་སོགས་པ་གསུངས་ཏེ། གལ་ཏེ་བདག་ཏུ་འདུ་ཤེས་ནས་དངོས་པོ་ལ་བདག་གིར་འཛི
1922	terminal-particle+maxcap	27		ཡོངས་སུ་གཏོང་བའི་མཚན་ཉིད་མེད་པའི་ཕྱིར་དམིགས་པའི་མུན་པས་ཀུན་རྫོབ་ཉིད་ལ་རྨོངས་པ་ལ་
1923	terminal-particle+maxcap	33		དེ་ཉིད་ཀྱི་ཕྱིར་སེར་སྣ་ཅན་དེ་དག་ནི་ཡི་དགས་གནས་སུ་སྐྱེ་བར་འགྱུར་ལ། བརྒྱ་ལ་ཅི་སྟེ་
1924	terminal-particle+objection-close(merged)	35		ཡང་དེ་ཉིད་ཀྱི་ཕྱིར་ཇི་སྐད་བསྟན་པ་ཉིད་ཀྱི་སྦྱིན་པ་ལ་འཇུག་པར་བྱའོ་ཞེས་བྱ་བར་གནས་སོ
1925	terminal-particle	20		དེ་ཚེ་ཞེས་བྱ་བ་ལ་སོགས་པ་གསུངས་ཏེ། གང་གི་ཚེ་སེམས་ཅན་དབུལ་པོ་མཐོང་བ་དེའི་ཚེ།
1926	terminal-particle+maxcap	22		བྱང་ཆུབ་སེམས་དཔའ་སྙིང་རྗེ་ཕུན་སུམ་ཚོགས་པས་ཇི་སྐད་བསྟན་པའི་སྦྱིན་པ་ལ་མོས་པ་དང་ལྡན
1927	terminal-particle+maxcap	31		ལུང་ལ་སོགས་པའི་ཚད་མ་དང་ལྡན་པ་ཉིད་ཀྱིས་འབྲས་བུ་དང་བཅས་པས་ཐམས་ཅད་གཏོང་ཞིང་རྟག་ཏུ་ལ
1928	terminal-particle+maxcap	30		དེའི་ཚེ་གླིང་བཞི་པ་རིན་པོ་ཆེ་སྣ་བདུན་གྱིས་བརྒྱན་པ་ནི་རྣམ་པ་ཐམས་ཅད་དུ་འཛིན་པ་དང་བ
1929	terminal-particle+maxcap	40		འཁོར་གསུམ་རྣམ་པར་དག་པ་དང་ལྡན་པར་བྱིན་ནས་དེ་བཞིན་དུ་དགའ་བར་ཏེ་ཡིད་བདེ་བ་ཐོབ་པར་འག
1930	terminal-particle	37		ཇི་སྐད་བསྟན་པའི་སྦྱིན་པ་མི་ཟད་པར་བྱ་བའི་ཕྱིར་ཆེད་དུ་བླ་ན་མེད་པའི་བྱང་ཆུབ་ཏུ་བསྔོ
1931	terminal-particle+maxcap	10		བསྟན་མ་ཐག་པའི་རིམ་པས་སྦྱིན་པ་བྱིན་ཏེ།
1932	terminal-particle+maxcap	40		བྱང་ཆུབ་སེམས་དཔའ་མཁས་པ་གསལ་བ་སྲིད་པ་གསུམ་གྱི་སེམས་ཅན་ཇི་སྙེད་ཡོད་པ་དེ་དག་ཀུན་ལ་ས
1933	terminal-particle+maxcap	35		དེ་ཡང་འགྲོ་བའི་དོན་ཉིད་ཀྱི་ཕྱིར་བྱང་ཆུབ་མཆོག་ཏུ་ཡོངས་སུ་བསྔོ་ན། བྱང་ཆུབ་དང་སེམས་
1934	terminal-particle	34		དེ་ཡང་མངོན་པར་ཞེན་པ་མེད་པའི་འབྲས་བུ་རྟོགས་པར་བྱ་བའི་ཕྱིར། སྦྱིན་པ་བྱིན་ནས་ཞེས་བྱ
1935	terminal-particle+maxcap	20		ལེན་པ་པོ་མི་དམིགས་པ་གང་ཡིན་པ་དེ་ནི་དངོས་པོ་ལ་གནས་པར་བྱེད་པ་མེད་དོ། །
1936	terminal-particle	33		སྦྱིན་པ་བྱིན་པ་ཡང་ཕ་རོལ་རྗེས་སུ་བཟུང་བའི་བློས་ཡིན་གྱི། དེ་ནི་ནམ་དུ་ཡང་འབྲས་བུ་མང
1937	terminal-particle	70	STAGE2_REVIEW	དེ་ལྟར་འབྲས་བུ་དང་བཅས་པར་རང་ལ་ཇི་སྙེད་བདོག་པ་གཏོང་བར་འགྱུར་བ་ནི་མཁས་པ་ཐམས་ཅད་སྟོ
1938	terminal-particle	37		གང་སེར་སྣ་ཚར་བཅད་པ་དང་སྦྱིན་པའི་ཕ་རོལ་ཏུ་ཕྱིན་པ་བཞིན་དུ་རྗེས་སུ་ཡི་རང་བ་སྔོན་དུ་
1939	terminal-particle+maxcap	24		སྲིད་པ་ཞེས་བྱ་བ་ལ་སོགས་པ་གསུངས་ཏེ། འདོད་པ་དང་གཟུགས་དང་། གཟུགས་མེད་པའི་མཚན་ཉིད་ནི
1940	terminal-particle	27		དེ་དག་ན་སེམས་ཅན་མ་ལུས་ཇི་སྙེད་པ་ཐམས་ཅད་ནམ་མཁའི་ཁམས་ཀྱི་ཁོངས་སུ་གཏོགས་པའི་ཕྱིར་མ་
1941	terminal-particle	34		ཡང་དེ་དག་ཐམས་ཅད་ཀྱིས་འཇིག་རྟེན་མཁྱེན་པ་སངས་རྒྱས་དང་། རང་རྒྱལ་དགྲ་བཅོམ་ལ་བསྐལ་པ་མ
1942	terminal-particle+maxcap	25		ཉན་ཐོས་ཀྱི་ཡོན་ཏན་འདོད་ཅིང་ཞེས་བྱ་བས་ནི་ཉེ་བར་མཚོན་པ་སྟེ། སངས་རྒྱས་ལ་སོགས་པའི་ཡོ
1943	terminal-particle+maxcap	23		དངོས་པོར་དམིགས་པ་དང་ལྡན་པས་ཞུགས་པའི་ཕྱིར་ཡོངས་སུ་རྟག་པ་བཟུང་ནས་གནས་ན་ཞེས་བྱ་བར་ད
1944	terminal-particle	34		བྱང་ཆུབ་སེམས་དཔའ་མཁས་པ་ཡང་དག་པའི་ཐབས་ལ་མཁས་པ་གཞན་གང་ཞིག་གིས། དེ་དག་གི་བསོད་ནམས་བ
1945	terminal-particle+maxcap	27		རྒྱུར་བྱང་ཆུབ་མཆོག་ཏུ་ཡོངས་བསྔོ་ན། འདི་ལྟར་དེས་སེར་སྣ་ཚར་བཅད་ནས་ཇི་སྐད་བསྟན་པས་འ
1946	terminal-particle	33		ཇི་སྐད་བསྟན་པའི་ཡོངས་སུ་བསྔོ་བས་ཡོངས་སུ་སྔོ་བར་བྱེད་པ་ཇི་ལྟ་བ་བཞིན་དུ་རྟོགས་པར་བ
1947	terminal-particle+maxcap	32		དཔེར་ན་ནོར་བུ་མཆིང་བུའི་ཕུང་པོ་ཆེན་པོར་གྱུར་པ་དང་། རིན་པོ་ཆེ་བཻ་ཌཱུརྱ་གཅིག་གིས་ད
1948	terminal-particle	45	STAGE2_REVIEW	དེ་བཞིན་དུ་འགྲོ་ཀུན་སྦྱིན་པའི་ཕུང་པོ་རྒྱ་ཆེན་ཀུན་རྗེས་སུ་ཡི་རང་བ་སྔོན་དུ་འགྲོ་བ་
1949	terminal-particle	36		ཕ་རོལ་ཏུ་ཕྱིན་པ་གཉིས་རྒྱ་ཆེར་བསྟན་ནས་དེ་བཞིན་དུ་ཕ་རོལ་ཏུ་ཕྱིན་པ་ལྷག་མ་རྣམས་ལ་གདམ
1950	terminal-particle+maxcap	51	STAGE2_REVIEW	གལ་ཏེ་བྱང་ཆུབ་སེམས་དཔའ་ཕ་རོལ་ཏུ་ཕྱིན་པ་ལྷག་མ་ཡོངས་སུ་སྐྱོང་ཞིང་སྟེར་བ་ན་འགྲོ་བ་ད
1951	terminal-particle+maxcap	25		བྱ་བའི་ལས་སུ་ཡང་མི་རྟོག་ལ། དངོས་པོ་ལ་ཡང་ཕངས་པ་མེད་ན། དེ་ལས་དགེ་བའི་རྩ་བ་མཐུ་ཆེན་
1952	terminal-particle+maxcap	35		སྤྲིན་མེད་འོད་ལྡན་ཟླ་དཀྱིལ་ཡར་གྱི་ངོ་བཞིན་ནོ་ཞེས་བྱ་བ་དེས་ནི་ཕ་རོལ་ཏུ་ཕྱིན་པ་ལྷག
1953	terminal-particle+maxcap	20		བྱང་ཆུབ་སེམས་དཔའ་ཆོས་འཕགས་བཞིན་དུ་དགེ་བའི་བཤེས་གཉེན་གྱིས་བྱ་བ་ཡིན་པར་རིག་པར་བྱའོ
1954	line-end	24		ཡོན་ཏན་རིན་པོ་ཆེ་སྡུད་པ་ཚིགས་སུ་བཅད་པ་ལས་ཆོས་འཕགས་ཀྱི་ལེའུ་སྟེ་སུམ་ཅུ་རྩ་གཅིག་པའ
1955	terminal-particle	48	STAGE2_REVIEW	དེ་ལྟ་བུའི་གདམས་ངག་ཐོབ་པ་ལ་སེམས་བསྐྱེད་པ་ལ་སོགས་པའི་རིམ་གྱིས་རབ་ཏུ་དགའ་བ་ལ་སོགས་
1956	terminal-particle+maxcap	10		བྱང་ཆུབ་ཅེས་བྱ་བ་ལ་སོགས་པ་གསུངས་ཏེ།
1957	terminal-particle+maxcap	50	STAGE2_REVIEW	དེ་ལ་རེ་ཞིག་ས་དང་པོ་རབ་ཏུ་དགའ་བ་ལ་གནས་པའི་བྱང་ཆུབ་སེམས་དཔས་གཙོ་ཆེར་བྱ་བ་ནི་སེར་ས
1958	terminal-particle	40		བྱང་ཆུབ་སེམས་དཔའ་དེ་བཞིན་དུ་དབུལ་བ་དང་ནི་སྟེ། དེ་བཞིན་དུ་འབྲེལ་པའི་སྲེད་པ་དང་། མ
1959	terminal-particle	27		ལོངས་སྤྱོད་ཀྱི་རྣམ་པའི་བྱེ་བྲག་མཐའ་ཡས་རྒྱས་པ་ནི་རྒྱ་ཆེ་བ་ཐོབ་ནས་བྱང་ཆུབ་སེམས་དཔའ
1960	terminal-particle+maxcap	25		སྡུག་བསྔལ་དང་ལྡན་པའི་སེམས་ཅན་སྦྱིན་པས་བྱང་ཆུབ་ཏུ་སེམས་བསྐྱེད་པ་ལ་སོགས་པ་ལ་བཀོད་ན
1961	terminal-particle	44	STAGE2_REVIEW	དེ་བཞིན་དུ་དྲི་མ་མེད་པ་ལ་གནས་པས་ནི་ཚུལ་ཁྲིམས་འཆལ་བའི་སྐྱོན་ཐམས་ཅད་དང་བྲལ་བས་ཇི་ས
1962	terminal-particle+maxcap	28		མི་ཁོམ་པ་བརྒྱད་སྤོང་བར་བྱེད་ཅིང་། དེ་ཡིས་མི་ཉིད་ལ་སོགས་པ་དལ་འབྱོར་ཁྱད་པར་ཅན་གྱི་
1963	terminal-particle+terminal-particle+terminal-particle(merged)	34		འོད་བྱེད་པ་ལ་གནས་པས་ནི་གནོད་སེམས་ཐམས་ཅད་བྲལ་བའི་བཟོད་པས་གཟུགས་བཟང་སྟེ་མཚན་ལ་སོགས
1964	terminal-particle+terminal-particle(merged)	32		ཐོབ་པར་འགྱུར་ཏེ་གསེར་དང་འདྲ་བའི་ཕྱིར་གསེར་མདོག་ཡིད་དུ་འོང་བའི་ཕྱིར་སྡུག་པའོ། །ལྟ
1965	terminal-particle	36		འོད་འཕྲོ་བ་ལ་གནས་པས་ནི་ལེ་ལོ་ཐམས་ཅད་དང་བྲལ་བའི་བརྩོན་འགྲུས་ཀྱི་ནི་དཀར་པོའི་ཡོན་ཏ
1966	terminal-particle+maxcap	21		སངས་རྒྱས་ཉིད་ཀྱི་ནོར་མཆོག་བསགས་པའི་བདག་ཉིད་ཡིན་པའི་ཕྱིར་རྒྱལ་བའི་བང་མཛོད་རྙེད་པར
1967	terminal-particle	51	STAGE2_REVIEW	སྦྱངས་དཀའ་བ་ལ་གནས་པས་ནི་རྣམ་པར་གཡེང་བ་ཐམས་ཅད་སྤངས་པའི་བསམ་གཏན་གྱིས་ནི་འདོད་པའི་ཡ
1968	terminal-particle+maxcap	34		ཁྱད་པར་ཅན་གྱི་བདེན་པ་རྟོགས་པ་དང་། མངོན་པར་ཤེས་པའི་རང་བཞིན་ཡིན་པའི་ཕྱིར་རིམ་པ་ཇི་
1969	terminal-particle+maxcap	19		དཔའ་བར་འགྲོ་བ་ལ་སོགས་པའི་ཏིང་ངེ་འཛིན་སྐྱེད་པར་བྱེད་པའི་ཕྱིར་མངོན་པར་སྒྲུབ་པའོ། །
1970	terminal-particle	39		མངོན་དུ་གྱུར་པ་ལ་གནས་པས་ནི་ཤེས་རབ་འཆལ་པ་ཐམས་ཅད་སྤངས་ནས་ཤེས་རབ་ཀྱིས་ནི་ཆོས་ཀྱི་རང
1971	terminal-particle+maxcap	24		ཁམས་གསུམ་པའི་ངན་སོང་དང་ཕྱིན་ཅི་ལོག་གིས་བཅིངས་པ་དེ་རྣམས་མ་ལུས་པ་ལས་ཡང་དག་འདའ་བར་འ
1972	terminal-particle+maxcap	33		སྤྲུལ་པའི་སྤྲིན་གྱིས་དང་པོར་དེ་བཞིན་གཤེགས་པ་ལྟར་ཆོས་ཀྱི་འཁོར་ལོ་རིན་པོ་ཆེ་བསྐོར་
1973	terminal-particle+maxcap	16		སེམས་ཅན་གྱི་འཇིག་རྟེན་ཕྱིན་ཅི་ལོག་གི་སྡུག་བསྔལ་སྤོང་བ་ལ་འགོད་དོ། །
1974	terminal-particle	30		རིང་དུ་སོང་བ་ལ་གནས་པས་ནི་ཐབས་ཀྱི་སྟོབས་ཀྱིས་སྦྱིན་པ་ལ་སོགས་པའི་ཕ་རོལ་ཏུ་ཕྱིན་པའི
1975	terminal-particle	38		མི་གཡོ་བ་ལ་གནས་པའི་བྱང་ཆུབ་སེམས་དཔའི་སྨོན་ལམ་གྱི་མཐུས་ནི་གསེར་ལ་སོགས་པའི་རང་བཞིན
1976	terminal-particle+maxcap	24		བཀྲེས་པ་ལ་སོགས་པ་མེད་པས་བཅུད་ཀྱི་འཇིག་རྟེན་གྱི་སངས་རྒྱས་ཀྱི་ཞིང་ཡོངས་སུ་དག་པ་འཛི
1977	terminal-particle	35		དེ་བཞིན་དུ་ལེགས་པའི་བློ་གྲོས་ལ་གནས་པས་ནི་སྟོབས་ཀྱི་མཐུས་སེམས་ཅན་གྱི་ཁམས་སངས་རྒྱས
1978	terminal-particle	28		དེ་བཞིན་དུ་ས་བཅུ་པ་ཆོས་ཀྱི་སྤྲིན་ལ་གནས་པས་ནི་ཡེ་ཤེས་ཀྱི་སྟོབས་ཀྱིས་རྒྱུན་དུ་ཆོས་
1979	terminal-particle+maxcap	27		དེ་བཞིན་དུ་རྒྱུན་མི་འཆད་པར་བྱང་ཆུབ་སེམས་དཔའ་གཞན་དང་གཞན་སྒྲུབ་པས་དགེ་འདུན་གྱི་རིག
1980	terminal-particle	48	STAGE2_REVIEW	དེ་བཞིན་དུ་རིམ་པས་བཅུ་གཅིག་ཀུན་དུ་འོད་སངས་རྒྱས་ཀྱི་ས་ལ་བཞུགས་པས་ནི་བག་ཆགས་དང་བཅས
1981	terminal-particle	33		དེ་ལྟར་ཡུམ་རྒྱ་ཆེར་བསྟན་ནས་ཡུན་རིང་དུ་གནས་པར་བྱ་བའི་ཕྱིར་ཡོངས་སུ་གཏད་པ་བསྟན་པའི་
1982	terminal-particle+maxcap+terminal-particle(merged)	35		དཔེར་ན་གཞི་དང་མཚན་ཉིད་ལ་ཕུལ་དུ་བྱུང་བར་མཁས་པ་ལ་འགྲོ་བའི་ནད་གསོ་བྱེད་པ་སྨན་པའི་མཆ
1983	terminal-particle+terminal-particle(merged)	38		དོན་དང་ལྡན་པའི་མིང་བཏགས་པ་ནི་སེམས་བསྐྱེད་པ་ལ་སོགས་པའི་ཡོན་ཏན་རིན་པོ་ཆེ་བརྩེགས་པའ
1984	terminal-particle+terminal-particle(merged)	39		ཚིགས་བཅད་དུ་བསྡེབས་ནས་བསྟན་པའི་ཕྱིར་ཚིགས་སུ་བཅད་པའི་རང་བཞིན་ནོ། །ལམ་ནི་སེམས་ཅན་ཀ
1985	terminal-particle	24		བྱ་ཞེས་བྱ་བ་ནི་འཕགས་པ་ཀུན་དགའ་བོ་ལ་སོགས་པ་ལ་ཡོངས་སུ་གཏོད་པ་ཡིན་པར་རྟོགས་པར་བྱ་སྟ
1986	terminal-particle+maxcap+terminal-particle(merged)	35		དེ་ལྟར་འཕགས་པ་སྟོང་ཕྲག་བརྒྱ་པ་ལས་བཅོམ་ལྡན་འདས་ཀྱི་ཞབས་སུ་བསྟན་པའི་ཕྱིར་རོ། །དེ་བ
1987	terminal-particle+maxcap	75	STAGE2_REVIEW	འདི་ལྟར་དང་པོ་རེ་ཞིག་གནས་ཡིད་དུ་འོང་བར་བྱས་པའི་ཕྱོགས་སུ་སྟོན་པར་མཛད་པའི་བཅོམ་ལྡན
1988	terminal-particle	31		དེ་ནས་རྡོ་རྗེ་སྐྱིལ་མོ་ཀྲུང་བཅས་པས་ལུས་དྲང་པོར་བསྲངས་ཏེ། མཉམ་པར་གཞག་པའི་ཕྱག་རྒྱ་
1989	terminal-particle+maxcap	18		ཕྱོགས་བཅུ་ན་བཞུགས་པའི་སངས་རྒྱས་དང་བྱང་ཆུབ་སེམས་དཔའ་སྔ་མ་བཞིན་དུ་དམིགས་ཏེ།
1990	terminal-particle+maxcap	43	STAGE2_REVIEW	དེ་དག་ལས་ཤེས་རབ་ཀྱི་ཕ་རོལ་ཏུ་ཕྱིན་པའི་ཚུལ་བདག་མེད་པ་གསལ་བར་བྱེད་པའི་མན་ངག་མནོས་ལ
1991	terminal-particle+maxcap	33		ལེའུ་ལ་སོགས་པའི་དབྱེ་བ་ལ་རྗེས་སུ་སྤྱོད་པའི་སེམས་ཀྱིས་རྣམ་པར་དཔྱད་དེ། དེ་ནས་མངོན་
1992	terminal-particle+maxcap	27		མངོན་པར་རྟོགས་པའི་རང་བཞིན་སོ་སོར་ངེས་པར་འཇལ་བ་དང་། སྒྲོ་འདོགས་པ་དང་། སྐུར་པ་འདེབ
1993	terminal-particle+maxcap+terminal-particle(merged)	35		མངོན་སུམ་དང་རྗེས་སུ་དཔག་པའི་ཚད་མས་བརྟགས་པའི་ཕྱིར་སོ་སོར་རྟོག་པ་ཉིད་དོ། །དེ་ལྟར་ཤ
1994	terminal-particle+maxcap	41	STAGE2_REVIEW	ཡི་གེ་ཡང་སིལ་བུ་དང་བསྡུས་པའི་རིམ་པ་ཇི་ལྟ་བ་བཞིན་དུ་དོན་མེད་པ་དང་དོན་དང་བཅས་པ་ཉིད
1995	terminal-particle	28		དེའི་ཚེ་རྣམ་པར་དཔྱད་པའི་རྒྱུ་མཚན་གྱིས་འདི་ཉིད་བདེན་གྱི་གཞན་ནི་རྨོངས་པའོ་ཞེས་ངེས་
1996	terminal-particle+maxcap	27		ཇི་ལྟ་བ་བཞིན་གྱི་རྣམ་པར་དཔྱད་པ་ཉིད་ཀྱི་དོན་མཚན་མ་ལ་དམིགས་པ་རྩ་བའི་སེམས་སུ་བསྡུས་
1997	terminal-particle+maxcap	19		བླ་ན་མེད་པ་ཡང་དག་པར་རྫོགས་པའི་སངས་རྒྱས་ལ་འདུད་པ་ནི་འདུན་པའི་སེམས་སོ། །
1998	terminal-particle	31		ཤེས་རབ་ཀྱི་མིག་གིས་སྒྱུ་མ་ལྟ་བུ་ལས་ཆོས་ཐམས་ཅད་ལས་ཡང་དག་པའི་ཡེ་ཤེས་ཀྱི་སྣང་བས་མ་ག
1999	terminal-particle+terminal-particle(merged)	28		དེ་ལ་རྒྱུ་དང་འབྲས་བུའི་ངོ་བོ་དང་བྲལ་བའི་ཕྱིར་སྟོང་པ་ཉིད་དོ། །དེ་ཡང་རང་དང་སྤྱིའི་
2000	terminal-particle+terminal-particle(merged)	37		དེས་དོན་དུ་གཉེར་བར་བྱ་བའི་དངོས་པོ་མི་དམིགས་པའི་ཕྱིར་སྨོན་པ་མེད་པ་ཉིད་དོ། །ཡང་དེ་
2001	terminal-particle	23		སེམས་བསྐྱེད་པ་ལ་སོགས་པའི་རིམ་པས་ཆོས་ཉིད་ཡོངས་སུ་མི་ཤེས་པ་དེ་དག་ཕྱིན་ཅི་ལོག་གིས་བ
2002	terminal-particle+maxcap	28		འཁོར་བ་ན་སྤྱོད་པའི་འཆིང་བ་དང་ལྡན་པའི་སེམས་ཅན་གྱི་ཁམས་ངེས་པར་ལེགས་པ་ལ་འགོད་པའི་སྙ
2003	terminal-particle	30		དེ་ལ་ཏིང་ངེ་འཛིན་ལ་ལེ་ལོ་དང་། དམིགས་པ་ལ་བརྗེད་པ་དང་། བྱིང་བ་དང་། རྒོད་པ་དང་། མི་
2004	terminal-particle+maxcap	28		སྐྱོན་དྲུག་པོ་དེ་དག་གནས་སྐབས་ཇི་ལྟ་བས་སྐྱེས་པ་ན་དེའི་གཉེན་པོ་འདུ་བྱེད་བརྒྱད་ཇི་ལ
2005	terminal-particle+maxcap+terminal-particle(merged)	36		འདི་ལྟར་ཏིང་ངེ་འཛིན་གྱི་ཡོན་ཏན་ལ་མངོན་པར་ཡིད་ཆེས་པའི་མཚན་ཉིད་དད་པས་རྣལ་འབྱོར་པ་ལ
2006	terminal-particle+terminal-particle(merged)	28		དེ་ནས་བརྩོན་འགྲུས་ཀྱི་སྟོབས་ཀྱིས་ལུས་དང་སེམས་ཤིན་ཏུ་སྦྱང་བར་འགྱུར་རོ། །ལུས་དང་སེ
2007	terminal-particle+terminal-particle(merged)	33		དེ་ལྟར་ན་དད་པ་ལ་སོགས་པ་བཞིས་ལེ་ལོ་སྤོང་བར་འགྱུར་རོ། །དམིགས་པ་བརྗེད་པའི་གཉེན་པོར་
2008	terminal-particle	31		ཤེས་བཞིན་ནི་བྱིང་རྒོད་ཀྱི་གཉེན་པོ་སྟེ། དེ་ཉིད་ཀྱིས་དགའ་བའི་དངོས་པོ་སངས་རྒྱས་ལ་སོ
2009	terminal-particle+maxcap	26		ཡང་དག་པར་སྐྱོ་བའི་དངོས་པོ་མི་རྟག་པ་ལ་སོགས་པ་ཡིད་ལ་བྱེད་པ་ལ་སོགས་པས་རྒོད་པ་སྤོང་བ
2010	terminal-particle	21		བྱིང་རྒོད་ཞི་བར་བྱེད་པའི་དུས་སུ་མི་རྩོལ་ན་ཡང་སྐྱོན་ཡིན་པས་སེམས་པ་ལ་གོམས་པར་བྱའོ།
2011	terminal-particle	35		བྱིང་རྒོད་ཞི་བ་ན་གང་གི་ཚེ་སེམས་དམིགས་པ་ལས་རབ་ཏུ་མི་གཡོ་བ་ན་མངོན་པར་འདུ་བྱེད་པ་ལ་
2012	terminal-particle	15		དེ་ལ་སེམས་རྣམ་པར་གཡེང་བ་དེའི་གཉེན་པོ་བཏང་སྙོམས་བསྒོམ་པར་བྱའོ། །
2013	terminal-particle	36		རིམ་པ་དེ་ལྟར་བསྒོམས་ནས་ལངས་ཏེ་སྔར་སྡུད་པར་བྱེད་པར་རང་གི་ལྷ་རྡོ་རྗེ་འཆང་གི་གཟུགས་
2014	terminal-particle+maxcap	16		ཤེས་རབ་ཀྱི་ཕ་རོལ་ཏུ་ཕྱིན་པ་བཤད་པས་ཆོས་ཀྱི་སྦྱིན་པ་བྱིན་ཏེ།
2015	terminal-particle+maxcap	34		དེ་དག་ཐམས་ཅད་མངོན་པར་མ་ཞེན་པའི་རྣལ་འབྱོར་གྱིས་སེམས་ཅན་ཐམས་ཅད་ཀྱི་དོན་དུ་བླ་ན་མེད
2016	terminal-particle+terminal-particle(merged)	33		དེ་བཞིན་དུ་ཐུན་མཚམས་བཞིར་བསྒྲུབ་པར་བྱའོ། །ཡོན་ཏན་རིན་པོ་ཆེ་སྡུད་པ་ཚིགས་སུ་བཅད་པ་
2017	line-end	33		རྣལ་འབྱོར་མཁས་པ་འགས་ཀྱང་སྔོན་ཆད་ཡུམ་འདིའི་བསྒྲུབ་པ་རིག་པས་མ་རྟོགས་པ། །གཏི་མུག་མུ
2018	line-end+maxcap	33		རིགས་པ་ལེགས་ལྡན་ཚིག་གིས་དེ་བཤད་པ་ལས་བདག་གིས་བསོད་ནམས་གང་ཐོབ་པ། །དེས་ནི་ཡོན་ཏན་རི
2019	verse-stanza	25		གང་ཞིག་མངོན་པར་རྟོགས་རྒྱན་གྱིས། །↵དེ་ཡི་བསྡུས་དོན་རབ་གསལ་བ། །↵ཤེས་རབ་ཕ་རོལ་ཕྱིན་
2020	verse-stanza	26		བརྒྱད་པའི་སྡེབ་སྦྱོར་ངེས་བཅིངས་པའི། །↵ཚིགས་སུ་བཅད་པ་ཡོངས་རྩིས་ན། །↵ཕྱེ་ན་སྟོང་ཕྲ
2021	terminal-particle	35		ཡོན་ཏན་རིན་པོ་ཆེ་སྡུད་པ་ཚིགས་སུ་བཅད་པའི་དཀའ་འགྲེལ་རྟོགས་པར་སླ་བ་ཞེས་བྱ་བ། སློབ་ད
2022	line-end	28		བལ་ཡུལ་གྱི་པཎྜི་ཏ་ཛེ་ཏ་ཧང་དུ་ཤཱནྟིབྷ་དྲའི་ཞལ་སྔ་ནས་དང་། བོད་ཀྱི་ལོ་ཙྪ་བ་འབྲོ་སེང
SUMMARY	quote-balance	16	MISMATCH	open=16 close=9
