index	trigger	syllables	flag	preview
1	line-end	37		༄༅༅། །རྒྱ་གར་སྐད་དུ། བྷ་ག་བཱན་རཏྣ་གུ་ཎ་སཉྩ་ཡ་གཱ་ཐཱ་ནཱ་མ་པཉྫི་ཀཱ། བོད་སྐད་དུ། བཅོ
2	terminal-particle	13		སངས་རྒྱས་དང་བྱང་ཆུབ་སེམས་དཔའ་ཐམས་ཅད་ལ་ཕྱག་འཚལ་ལོ། །
3	terminal-particle	217		རྟོག་པའི་རྒྱ་མཚོ་ཡང་དག་ཕ་རོལ་ཕྱིན་པའི་དྲི་མེད་མ་ལུས་ཉེར་བསྡུས་པ། །དངོས་པོ་བརྒྱད་
4	terminal-particle	44		སེམས་བསྐྱེད་པ་ལ་སོགས་པའི་ཡོན་ཏན་རིན་པོ་ཆེ་བསྡུས་པའི་ངོ་བོ་ཙམ་ཕྱོགས་གཅིག་ཏུ་ཐམས་ཅ
5	terminal-particle	34		དེ་བས་ན་བློ་དམན་པ་རྗེས་སུ་གཟུང་བའི་ཕྱིར་འབྲེལ་པ་ལ་སོགས་པ་ཐ་དད་པར་བསྟན་པའི་ཕྱིར་ས
6	terminal-particle	78		དེ་ལ་འབྲེལ་པ་དང་པོར་བསྟན་པར་བརྗོད་དེ། སྒྲུབ་པར་བྱེད་པ་བསྟན་བཅོས་དང་། དགོས་པ་སྒྲུ
7	terminal-particle	21		མངོན་པར་རྟོགས་པ་བརྒྱད་འདུས་པའི་རྣམ་པ་ཐམས་ཅད་མཁྱེན་པ་ཉིད་ནི་བརྗོད་པར་བྱ་བའི་དོན་ཏ
8	terminal-particle	95		འདས་མ་ཐག་ཏུ་བསྟན་པའི་བརྗོད་པར་བྱ་བ་འཕགས་པ་ཤེས་རབ་ཀྱི་ཕ་རོལ་ཏུ་ཕྱིན་པ་སྟོང་ཕྲག་བར
9	terminal-particle	85		ཇི་སྐད་བསྟན་པ་ཉིད་ཀྱི་བརྗོད་པར་བྱ་བ་ཉན་ཐོས་ལ་སོགས་པས་མ་རྟོགས་པ་བཅོམ་ལྡན་འདས་མ་ཚེ
10	line-end	5		དེ་སྐད་དུ་ཡང་།
11	verse-stanza	26		རྣམ་པ་ཐམས་ཅད་མཁྱེན་ཉིད་ལམ། །↵སྟོན་པས་འདི་ལས་བཤད་པ་གང་། །↵གཞན་གྱིས་མྱོང་བ་མ་ཡིན་ཏ
12	verse-stanza	25		ཆོས་སྤྱོད་བཅུ་ཡི་བདག་ཉིད་ཀྱི། །↵མདོ་དོན་དྲན་པ་ལ་བཞག་ནས། །↵བདེ་བླག་ཏུ་ནི་རྟོགས་འག
13	terminal-particle	5		ཞེས་གསུངས་པ་ཡིན་ནོ། །
14	terminal-particle	56		དེ་ལ་འདི་སྐད་བདག་གིས་ཐོས་པ་ཞེས་བྱ་བའི་གླེང་གཞིའི་སྐབས་བསམ་པར་བྱ་སྟེ། གང་གི་ཚེ། ག
15	terminal-particle	24		དུས་དང་། ཡུལ་དང་། སྟོན་པ་པོ་དང་། འཁོར་རྣམས་ཀྱི་ཚོགས་ལ་བསྟན་པ་ནི་གཙོ་བོའི་རྒྱུ་སྟ
16	line-end	109		གང་གི་ཚེ་བཅོམ་ལྡན་འདས་རྒྱལ་པོའི་ཁབ་ཀྱི་གྲོང་ཁྱེར་ཆེན་པོའི་བྱ་རྒོད་ཀྱི་ཕུང་པོའི་ར
17	verse-stanza	26		མདོ་དོན་སྨྲ་བར་འདོད་པ་ཡིས། །↵དགོས་པ་བསྡུས་པའི་དོན་བཅས་དང་། །↵ཚིག་དོན་བཅས་དང་མཚམས
18	terminal-particle	54		ཞེས་རིགས་པ་བརྗོད་པ་དེ་ཁོ་ན་དགོས་པ་ཡིན་ཏེ། ཉན་པ་པོའི་སྐྱེ་བོ་རྣམས་ཀྱིས་མདོའི་དོན་
19	line-end	55		དེ་ལ་སངས་རྒྱས་ཉིད་དོན་དུ་གཉེར་བའི་བྱང་ཆུབ་སེམས་དཔའ་སེམས་བསྐྱེད་པ་ལ་སོགས་པའི་རྣམ་
20	verse-stanza	21		ཆོས་རྣམས་རང་བཞིན་མེད་པར་ཡོངས་སུ་ཤེས་གྱུར་པ། །↵འདི་ནི་ཤེས་རབ་ཕ་རོལ་ཕྱིན་མཆོག་སྤྱོ
21	terminal-particle	7		ཞེས་བྱ་བ་ཡན་ཆད་ཀྱིས་སོ། །
22	line-end	37		དེ་ཡང་ཉན་ཐོས་ལ་སོགས་པའི་ལམ་ཡོངས་སུ་ཤེས་པ་མེད་པར་མེད་པས་ལམ་ཤེས་པ་ཉིད་བསྟན་པ་ནི། ག
23	verse-stanza	21		ཐམས་ཅད་མཁྱེན་ཉིད་འབྲས་བུ་དག་དང་གཟུགས་དག་པ། །↵ནམ་མཁའི་ཁམས་དང་མཚུངས་ཏེ་དབྱེར་མེད་ད
24	terminal-particle	7		ཅེས་བྱ་བ་ཡན་ཆད་ཀྱིས་སོ། །
25	terminal-particle	66		དེ་ཡང་དངོས་པོ་ཐམས་ཅད་ཡོངས་སུ་ཤེས་པ་མེད་པར་མ་ཡིན་པས་དེའི་རྗེས་ལ་ཐམས་ཅད་ཤེས་པ་ཉིད་
26	line-end	69		དེ་ནས་རྣམ་པ་ཐམས་ཅད་དུ་ཐམས་ཅད་མཁྱེན་པ་ཉིད་གསུམ་ཐོབ་པ་དབང་དུ་བྱ་བའི་ཕྱིར་ཡང་རྣམ་པ་
27	verse-stanza	21		ཡོངས་སུ་མི་སྟོན་ཕྱིར་མི་ལྡོག་པ་ས་ཡི་ཆོས། །↵མི་འཆད་དེ་ནི་ལུང་མ་བསྟན་པ་ཡིན་རིག་བྱ།
28	terminal-particle	7		ཞེས་བྱ་བ་ཡན་ཆད་ཀྱིས་སོ། །
29	line-end	53		དེའི་རྗེས་ལ་རྣམ་པ་ཀུན་མངོན་པར་རྫོགས་པར་རྟོགས་པ་ཐོབ་པ་དང་ལྡན་པའི་ཁྱད་པར་གྱི་ལམ་གྱ
30	verse-stanza	21		དགྲ་བཅོམ་རང་རྒྱལ་ཐེག་བྲལ་བྱང་ཆུབ་མཆོག་ངེས་ན། །↵དཔའ་བོ་རྟག་ཏུ་མཉམ་གཞག་ཡིན་པར་ཤེས་
31	terminal-particle	7		ཞེས་བྱ་བ་ཡན་ཆད་ཀྱིས་སོ། །
32	terminal-particle	64		དེའི་རྗེས་ལ་རྩེ་མོའི་མངོན་པར་རྟོགས་པ་ཐོབ་པ་དང་ལྡན་པས་སོ་སོ་དང་བསྡུས་པའི་དོན་ཁོང་
33	terminal-particle	69		དེའི་རྗེས་ལ་མཐར་གྱིས་པའི་མངོན་པར་རྟོགས་པ་སྒོམ་པ་དང་ལྡན་པས་ཤིན་ཏུ་གོམས་པར་བྱ་བའི་
34	terminal-particle	89		དེའི་རྗེས་ལ་སྐད་ཅིག་མ་གཅིག་ལ་མངོན་པར་རྫོགས་པར་བྱང་ཆུབ་པ་བསྒོམ་པ་དང་ལྡན་པས་སྐད་ཅི
35	line-end	53		དེའི་རྗེས་ལ་ཐོས་པ་ལ་སོགས་པའི་ཤེས་རབ་བསྐྱེད་པའི་ཕྱིར་མངོན་པར་རྟོགས་པ་བརྒྱད་ཐོབ་པའ
36	verse-stanza	21		འགྲོ་བའི་སྡུག་བསྔལ་ཇི་སྙེད་བདག་གིས་བཟོད་སྙམ་པ། །↵བྱང་ཆུབ་སེམས་དཔའ་བཟོད་པའི་ཕ་རོལ
37	terminal-particle	7		ཞེས་བྱ་བ་ཡན་ཆད་ཀྱིས་སོ། །
38	line-end	38		དེའི་རྗེས་སུ་ཚོལ་བར་བྱེད་པ་དང་ལྡན་པ་ལ་དགེ་བའི་བཤེས་གཉེན་གྱིས་ཇི་ལྟ་བ་བཞིན་གདམས་ང
39	verse-stanza	21		དེ་ལ་དགེ་བའི་རྩ་བ་མཐུ་ཆེན་འཕེལ་གྱུར་ཏེ། །↵སྤྲིན་མེད་འོད་གསལ་ཟླ་དཀྱིལ་ཡར་གྱི་ངོ་བ
40	terminal-particle	7		ཞེས་བྱ་བ་ཡན་ཆད་ཀྱིས་སོ། །
41	line-end	35		དེའི་རྗེས་ལ་གདམས་ངག་བཟུང་བ་དང་ལྡན་པས་ཁོང་དུ་ཆུད་པའི་རིམ་པ་ཅི་འདྲ་བར་བྱ་བ་ནི། བྱང
42	verse-stanza	21		སངས་རྒྱས་རྒྱུད་དང་ཆོས་ཀྱི་རྒྱུད་ཀྱང་ཡོངས་སུ་འཛིན། །↵དེ་བཞིན་དགེ་འདུན་རྒྱུད་དང་ཆོ
43	terminal-particle	7		ཞེས་བྱ་བ་ཡན་ཆད་ཀྱིས་སོ། །
44	terminal-particle	48		དེའི་རྗེས་ལ་ཆོས་ཀྱི་རྣམ་གྲངས་འདིའི་མིང་དོན་དང་ལྡན་པ་རྟོགས་པ་མངོན་དུ་འགྲོ་བས་ཡུན་
45	line-end	38		དེ་ལྟ་ཡིན་མོད་ཀྱི་རྟོགས་སླ་བ་ཉིད་ཀྱིས་དོན་ལྷག་མ་བཞི་པོ་མ་གསུངས་པར་ཤེས་རབ་ཀྱི་ཕ་ར
46	verse-stanza	26		རྣམ་ཀུན་མཁྱེན་ཉིད་ལམ་ཤེས་ཉིད། །↵དེ་ནས་ཐམས་ཅད་ཤེས་པ་ཉིད། །↵རྣམ་ཀུན་མངོན་རྫོགས་རྟོ
47	verse-stanza	13		སྐད་ཅིག་གཅིག་མངོན་རྫོགས་བྱང་ཆུབ། །↵ཆོས་ཀྱི་སྐུ་དང་དེ་རྣམས་བརྒྱད། །
48	terminal-particle	5		ཅེས་གསུངས་པ་ཡིན་ནོ། །
49	line-end	37		ད་ནི་ཚིག་གི་དོན་ལ་སོགས་པ་བཤད་པས་མདོའི་དོན་བརྗོད་པར་བྱ་སྟེ། དེ་ནས་ཞེས་བྱ་བ་ལ་སོགས
50	verse-stanza	17		མན་ངག་མདོར་བསྡུས་ནས་བསྟན་པའི་སྐབས་ཡིན་ནོ། །↵ཡང་གི་སྒྲ་ནི་ཚིག་གི་རྒྱན་ནོ། །
51	terminal-particle	30		ངེས་པའི་ཚིག་ཏུ་ན་ཉོན་མོངས་པ་ལ་སོགས་པ་བཅོམ་པས་ཡང་ན་བཅོམ་ལྡན་འདས་ཡིན་པར་བསྟན་པའམ། 
52	terminal-particle	19		ཉན་ཐོས་ལ་སོགས་པས་བསྟན་པའི་གདུལ་བྱ་མི་སྲིད་པས་བཅོམ་ལྡན་འདས་ཉིད་ཀྱིས་བསྟན་ཏོ། །
53	terminal-particle	5		ཞེས་བྱ་བར་འབྲེལ་ཏོ། །
54	terminal-particle	40		ཅིའི་ཕྱིར་ཞེ་ན། འཁོར་བཞི་པོ་ཞེས་བྱ་བ་ལ་སོགས་པ་ལ་དེ་དག་གིས་སྔར་གཞུང་རྒྱས་པ་མཉན་པས
55	terminal-particle	167		དེ་དག་ཅེས་བྱ་བའི་ཚིག་གིས་ནི་མ་ནིང་ལ་སོགས་པ་ཉོན་མོངས་པ་ཤས་ཆེ་བའི་ཕྱིར་རམ་ཆོས་ཉིད་
56	terminal-particle	56		ཤིན་ཏུ་ཁྱད་པར་ཅན་གྱི་ཆོས་རྟོགས་པ་དང་འབྲེལ་པས་དེ་དག་གི་མཚན་ཉིད་དང་བྲལ་བའི་ཕྱིར་དག
57	terminal-particle	76		ཡང་དག་པར་དགའ་བར་མཛད་པའི་ཕྱིར་ཞེས་བྱ་བ་ཕྱིན་ཅི་མ་ལོག་པའི་བརྩོན་འགྲུས་དང་ལྡན་པའི་ཕ
58	terminal-particle	11		དེ་བཞིན་དུ་འདིར་དོན་འདི་ཉིད་འཛིན་པར་འགྱུར་རོ། །
59	terminal-particle	15		གཞན་དུ་ན་རིགས་པ་དང་མི་ལྡན་པས་དོར་བར་བྱ་བར་འགྱུར་རོ། །
60	terminal-particle	41		ཡང་ན་ཡང་དག་པར་དགའ་བར་མཛད་པའི་ཕྱིར་ཞེས་བྱ་བ་ནི་རང་ཉིད་ངག་ལ་དབང་བར་བསྟན་པས་བདག་ཉིད
61	terminal-particle	87		ཅིའི་ཕྱིར་སྟོན་ཅེ་ན་སྨྲས་པ་ཞེས་བྱ་བ་ལ་སོགས་པ་སྨོས་ཏེ། ཡང་ཞེས་བྱ་བ་ནི་རྒྱས་པར་བསྟ
62	terminal-particle	18		ཤེས་རབ་ནི་ཆོས་རབ་ཏུ་རྣམ་པར་འབྱེད་པའི་མཚན་ཉིད་ཀྱི་ཕ་རོལ་ཏུ་ཕྱིན་པའོ། །
63	terminal-particle	23		ཤེས་རབ་ཀྱི་ཕ་རོལ་ཏུ་ཕྱིན་པའི་གཙོ་བོ་ནི། སངས་རྒྱས་བཅོམ་ལྡན་འདས་ཏེ་སྒྱུ་མ་ལྟ་བུའི་
64	terminal-particle	11		འདི་ཞེས་བྱ་བ་ནི་རབ་ཏུ་དབྱེ་བ་བསྟན་པའོ། །
65	ordinal-open	33		དང་པོ་སྦྱོར་བ་ལ་སོགས་པ་མཚན་ཉིད་ཀྱི་ལམ་སྟེ། འབྲས་བུ་དེའི་དོན་དུ་སྦྱོར་བ་ཉིད་ཀྱི་ག
66	terminal-particle	54		དེ་དང་འདི་སྟེ་གསལ་བར་བྱེད་པའི་ཀུན་རྫོབ་ལ་གཞན་པའི་དབང་གིས་འཇུག་པ་གང་ཡིན་པ་རབ་ཏུ་ཕ
67	terminal-particle	14		འདི་ཞེས་བྱ་བ་ནི་མ་ལུས་པ་ཤིན་ཏུ་ཕྱེ་སྟེ་བསྟན་པའོ། །
68	terminal-particle	53		དེ་ལྟ་བས་ན་ཇི་སྐད་བསྟན་པའི་དོན་སྟོན་པར་བྱེད་པའི་གཞུང་གིས་རང་བཞིན་དེ་ཉིད་བསྡུས་ནས
69	terminal-particle	34		ཚིགས་སུ་བཅད་པ་འདི་ཞེས་བྱ་བ་ལ་སོགས་པ་ལ། དགའ་དང་གུས་དང་ཞེས་བྱ་བ་ལ་སོགས་པ་མཇུག་ཐོགས
70	terminal-particle	17		ཚིགས་སུ་བཅད་པ་ནི་ཁྱད་པར་ཅན་གྱི་སྡེབ་སྦྱོར་གྱི་མཚན་ཉིད་དང་ལྡན་པའོ། །
71	terminal-particle	22		བཅོམ་ལྡན་འདས་ཀྱི་བྱིན་གྱི་བརླབས་ཀྱིས་གདུལ་བྱ་རྣམས་ལ་བཀའ་སྩལ་པ་དེ་བཞིན་དུ་སྣང་བའི
72	line-end	53		དེ་ལྟར་འབྲེལ་པ་བསྟན་ནས་རྣམ་པ་ཐམས་ཅད་མཁྱེན་པ་ཉིད་ཐོབ་པར་འདོད་པས། ཐོག་མར་བྱང་ཆུབ་ཀ
73	verse-stanza	14		དགའ་བ་ནི་མངོན་པར་འདོད་པའོ། །↵གུས་པ་ནི་མངོན་པར་ཡིད་ཆེས་པའོ། །
74	terminal-particle	24		དད་པ་ནི་གུས་པའི་བྱེ་བྲག་གོ །མཆོག་ནི་ཐམས་ཅད་ཀྱི་མཆོག་གོ །ཉེ་བར་གཞག་སྟེ་ནི་ཉེ་བར་བ
75	terminal-particle	54		འདི་སྐད་དུ་ནུས་པ་ཉིད་དང་། ཡོད་པ་ཉིད་དང་། ཡོན་ཏན་དང་ལྡན་པའི་ཆོས་ཡུམ་གྱི་བྱེ་བྲག་ཐ
76	terminal-particle	34		ཐམས་ཅད་མཆོག་ཏུ་བསྐྱེད་པས་མཉན་པར་བྱ་སྟེ། གཞན་དུ་ན་དོན་མེད་པར་འགྱུར་ཏེ། དད་པ་ནི་ཆོ
77	terminal-particle	44		བླང་བར་བྱ་བ་བསྟན་ནས་དེ་བཞིན་དུ་དོར་བར་བྱ་བ་བསྟན་པའི་ཕྱིར་སྒྲིབ་པ་ཞེས་བྱ་བ་ལ་སོགས
78	terminal-particle	18		དེ་ལ་སྒྲིབ་པ་ནི་ཤེས་བྱ་ལ་མངོན་པར་ཞེན་པ་དང་། འདོད་ཆགས་ལ་སོགས་པའོ། །
79	terminal-particle	12		ཡང་དག་པའི་དོན་རྟོགས་པ་དང་འགལ་བའི་ཕྱིར་སྒྲིབ་པའོ། །
80	terminal-particle	17		དེ་དག་ཉིད་ལུས་དང་ངག་དང་ཡིད་ཉོན་མོངས་པར་བྱེད་པས་ན་ཉོན་མོངས་པའོ། །
81	terminal-particle	15		དེ་ཡང་གཉེན་པོ་གོམས་པར་བྱས་པས་བསལ་བར་ནུས་པའི་ཕྱིར་དྲི་མའོ། །
82	terminal-particle	12		དེ་བསལ་ཞེས་བྱ་བར་འབྲེལ་ཏེ། དེ་ལྟར་བསྟན་པར་འགྱུར་རོ། །
83	terminal-particle	36		དངོས་པོ་ལ་མངོན་པར་ཞེན་པ་དང་། འདོད་ཆགས་ལ་ཞེན་པ་མེད་པར་དེ་ཉིད་ལ་གཞོལ་བའི་སེམས་ཀྱིས
84	terminal-particle	41		མི་མཐུན་པའི་ཕྱོགས་དང་གཉེན་པོའི་ཕྱོགས་འདི་སྤང་བ་དང་བྱ་བ་ཡང་ཅི་ཞིག་མཉན་པར་བྱ་ཞེ་ན།
85	terminal-particle	28		ཐར་པའི་བསམ་པ་མྱ་ངན་ལས་འདས་པའི་རྒྱུ་མཐུན་པ་ལ་ལུས་དང་ངག་དང་ཡིད་མངོན་དུ་ཕྱོགས་པ་རྒྱ
86	terminal-particle	9		མཉན་པར་གྱིས་ནི་ཐོས་པའི་ཤེས་རབ་བོ། །
87	terminal-particle	26		རྗེས་ཀྱི་ཡིད་ཀྱི་རྣམ་པར་ཤེས་པས་ཤེས་རབ་ཀྱི་ཕ་རོལ་ཏུ་ཕྱིན་པ་ཁོང་དུ་ཆུད་པར་བྱའོ་ཞེས
88	terminal-particle	19		འདིར་དེ་ནི་ཉེ་བར་མཚོན་པ་སྟེ། བསམ་པ་དང་བསྒོམ་པ་ཞེས་བྱ་བ་ཡང་གཟུང་བར་བྱའོ། །
89	terminal-particle	77		ཇི་ལྟར་དེ་འབྲེལ་ཞེ་ན། འགྲོ་དོན་མངོན་ཞུགས་ཞེས་བྱ་བ་ལ་སོགས་པ་གསུངས་ཏེ། འགྲོ་བ་སེམས
90	terminal-particle	26		དེས་པ་ནི་ཆོས་ཀྱི་དབྱིངས་ཁྱད་པར་དུ་འཕགས་པ་དང་། དམིགས་པ་མེད་པའི་ཐུགས་རྗེའི་བདག་ཉིད
91	terminal-particle	10		འདིས་ནི་བྱང་ཆུབ་སེམས་དཔའི་སྒྲའི་དོན་བསྟན་པའོ། །
92	terminal-particle	73		དེས་ན་འདི་སྐད་དུ་བྱང་ཆུབ་སེམས་དཔའ་སེམས་དཔའ་ཆེན་པོས་གཟུགས་བརྙན་སྤངས་ནས་ཤེས་རབ་ཀྱི
93	terminal-particle	62		ཤེས་རབ་ཀྱི་ཕ་རོལ་ཏུ་ཕྱིན་པ་སྤྱིའི་སྒྲར་གསུངས་མོད་ཀྱི། འོན་ཀྱང་བརྡ་ལ་སོགས་པའི་སྟོ
94	terminal-particle	164		དེས་ནི་འདི་སྐད་དུ་སྙིང་རྗེ་ཆེན་པོའི་ས་བོན་རབ་ཏུ་སད་པ་ལས་བྱང་ཆུབ་སེམས་དཔའི་སྡོམ་པ
95	terminal-particle	7		ཞེས་དོན་གྱིས་བསྟན་པར་འགྱུར་རོ། །
96	terminal-particle	67		ལམ་ཤེས་པ་ལ་སོགས་པ་མ་བསྒྲུབས་པར་རྣམ་པ་ཐམས་ཅད་མཁྱེན་པ་ཉིད་ཀྱི་བདག་ཉིད་སེམས་བསྐྱེད་
97	terminal-particle	26		མི་མཐུན་པའི་ཕྱོགས་ཀྱི་ཆོས་ཐམས་ཅད་ལས་རྒྱལ་ཞིང་ཉམས་པར་མི་ནུས་པ་ཡོད་པ་ནི་བྱང་ཆུབ་སེ
98	terminal-particle	39		ཆོས་མ་ལུས་པ་ལ་གོམས་པ་དང་ལྡན་པས་ཞུགས་པ་དེ་ལྟ་བུ་ནི་སེམས་བསྐྱེད་པའི་རང་གི་ངོ་བོ་སྟ
99	terminal-particle	45		དེ་ལྟ་བས་ན་འདི་སྐད་དུ་ཇི་སྐད་བཤད་པའི་སེམས་བསྐྱེད་པ་ལ་མ་གཏོགས་པའི་ཆོས་གཞན་མེད་དེ།
100	terminal-particle	34		དེ་བས་ན་དེའི་རང་བཞིན་རྣམ་པ་ཐམས་ཅད་མཁྱེན་པ་ཉིད་ནི་བྱང་ཆུབ་སེམས་དཔའ་ཐོབ་པར་བྱ་བ་མ་
101	terminal-particle	109		དེ་ལྟ་ཡིན་ན་ཅིའི་ཕྱིར་སྟོང་ཕྲག་བརྒྱ་པ་ལས་བྱང་ཆུབ་སེམས་དཔའི་ལམ་ཤེས་པ་ལ་སོགས་པ་ཐ་ད
102	terminal-particle	168		དེ་བས་ན་དེ་ཉིད་ལས་ལམ་ཤེས་པ་ཐ་དད་པར་བཀོལ་ནས་རབ་ཏུ་དགའ་བ་ལ་སོགས་པ་ས་བདུན་པ་ལ་ཞུགས་
103	terminal-particle	79		དེའི་རྗེས་ཐོགས་ལ་རྣམ་པ་དང་། ལམ་དང་། དངོས་པོའི་ཤེས་པའི་རྣམ་པ་ཐམས་ཅད་བསྡུས་ནས་དབང་
104	terminal-particle	59		དེའི་རྗེས་ལ་གཉེན་པོའི་ཚོགས་དང་། ངེས་པར་འབྱུང་བའི་སྒྲུབ་པའི་རབ་ཏུ་དབྱེ་བ་རྟོགས་པར
105	terminal-particle	53		དེའི་རྗེས་ཐོགས་ལ་ས་བཅུ་པའི་བར་ཆད་མེད་པའི་ཏིང་ངེ་འཛིན་གྱི་གནས་སྐབས་སུ་སོ་སོ་དང་བས
106	terminal-particle	42		དེ་ནས་གོ་རིམས་བཞིན་དུ་བསྒོམ་པའི་ཆོས་རྣམས་ཤིན་ཏུ་གོམས་པར་བྱས་པས་སྐད་ཅིག་གཅིག་ལ་དེ
107	terminal-particle	47		དེའི་རྗེས་ལ་རྣམ་པ་ཐམས་ཅད་མངོན་དུ་བྱེད་པ་ཆེད་དུ་བྱ་བ་གསུམ་མངོན་སུམ་དུ་བྱས་ནས་རྟོག
108	terminal-particle	36		དེ་ལྟ་བས་ན་སེམས་བསྐྱེད་པ་སྒྱུ་མ་ལྟ་བུའི་རང་བཞིན་ཉིད་ཀྱིས་རྣམ་པ་ཐམས་ཅད་མཁྱེན་པ་དང
109	terminal-particle	36		རིགས་པ་ལས་ཀྱང་རྟོགས་པར་བྱ་སྟེ། འདི་ལྟར་གང་ཡོད་པར་དམིགས་པའི་མཚན་ཉིད་དུ་གྱུར་པ་དེ་
110	terminal-particle	26		སྔོན་པོ་ལ་སོགས་པ་ཡང་ཡོད་པར་དམིགས་པའི་མཚན་ཉིད་དུ་གྱུར་པའི་ཕྱིར་ཞེས་བྱ་བ་ནི་རང་བཞི
111	terminal-particle	22		བ་ལང་རྫིའི་སྐྱེ་བོ་ཡན་ཆད་ཀྱིས་ཉམས་སུ་མྱོང་བར་གྲུབ་པའི་ཕྱིར་མ་གྲུབ་པ་ཡང་མ་ཡིན་ནོ།
112	terminal-particle	12		མཐུན་པའི་ཕྱོགས་ལ་ཡོད་པས་འགལ་བ་ཡང་མ་ཡིན་ནོ། །
113	terminal-particle	41		དེ་ལྟ་བུའི་དོན་ཀྱང་འགེགས་ན་ནི་ཡོད་པའི་ཐ་སྙད་ཐམས་ཅད་རྒྱུན་འཆད་པར་འགྱུར་རོ་ཞེས་བྱ་
114	terminal-particle	46		དེ་བས་ན་ཕྱིའི་དོན་ཡོད་པར་འགྲུབ་བོ་ཞེས་ཟེར་ན་མ་ཡིན་ཏེ། གང་གི་ཕྱིར་གང་ཞིག་རིག་པ་ན་
115	terminal-particle	33		ཡང་ཤེས་པའི་བདག་ཉིད་རིག་པར་གྱུར་པ་ན་མངོན་པར་འདོད་པའི་ཕྱིའི་དོན་རིག་པའི་ཐབས་མེད་པའ
116	terminal-particle	18		གང་གི་ཕྱིར་ཉེ་བའི་རྒྱུ་མཚན་མེད་པས་ན་རྣམ་པ་མེད་པས་ཀྱང་མ་ཡིན་ནོ། །
117	terminal-particle	14		ཤིན་ཏུ་ཐལ་ཆེས་པའི་ཕྱིར་གཞན་གྱི་རྣམ་པས་ཀྱང་མ་ཡིན་ནོ། །
118	terminal-particle	21		མེད་ན་མི་འབྱུང་བ་མེད་པས་འཁྲུལ་པ་སྲིད་པའི་ཕྱིར་རྣམ་པ་དང་བཅས་པས་ཀྱང་མ་ཡིན་ནོ། །
119	terminal-particle	25		ཕྱོགས་གཞན་ཡང་མི་སྲིད་པས་ཤེས་པ་གཞན་མེད་པས་ན་དོན་རིག་པའི་ཐབས་མེད་པའི་ཕྱིར་མ་གྲུབ་པ
120	terminal-particle	12		མཐུན་པའི་ཕྱོགས་ལ་ཡོད་པས་འགལ་བ་ཡང་མ་ཡིན་ནོ། །
121	terminal-particle	38		རིག་པའི་ཐབས་མེད་པ་ཡང་རིག་ན་ནི་ཐམས་ཅད་ཀྱང་རིག་པར་ཐལ་བར་འགྱུར་རོ་ཞེས་བྱ་བས་བཟློག་ན
122	terminal-particle	23		དེ་ལྟ་བས་སྔར་གཏན་ཚིགས་དམིགས་པའི་མཚན་ཉིད་དུ་གྱུར་པའི་ཕྱིར་ཞེས་བྱ་བ་མ་གྲུབ་པ་མ་ཡིན
123	terminal-particle	34		བསྒྲུབ་པར་བྱ་བ་ལས་བཟློག་པར་གྲུབ་པས་འགལ་བ་ཡིན་ཏེ། རྣམ་པར་ཤེས་པ་དེ་ཉིད་མ་རིག་པའི་ས
124	terminal-particle	104		ཤེས་པ་ཙམ་གྱིས་ངོ་བོར་འདུས་པས་གཉིས་མེད་པ་ཉིད་དུ་འགྲུབ་པོ་ཞེས་ཟེར་ན། དེ་ལྟ་མོད་ཀྱི
125	terminal-particle	26		ཤེས་པ་འདི་ཡང་ཕྱིན་ཅི་མ་ལོག་པ་ཡིན་པའི་ཕྱིར་ཞེས་བྱ་བ་ནི་ཁྱབ་པར་བྱེད་པ་འགལ་བ་དམིགས་
126	terminal-particle	38		སྒྲོ་བཏགས་པ་མ་ལུས་པས་དབེན་པ་རྟོག་པ་དང་བྲལ་བའི་སེམས་དང་སེམས་ལས་བྱུང་བ་ཐམས་ཅད་བདག་
127	terminal-particle	13		མཐུན་པའི་ཕྱོགས་ལ་ཡོད་པའི་ཕྱིར་འགལ་བ་ཡང་མ་ཡིན་ནོ། །
128	terminal-particle	38		སྒྲོ་བཏགས་པའི་ཆོས་འཛིན་པའི་ཕྱིར་རང་གི་ངོ་བོ་རིག་པར་མི་འགྱུར་རོ་ཞེས་བྱ་བས་བཟློག་ན
129	terminal-particle	51		ཕྱོགས་གཉིས་པ་ཁས་ལེན་ན་དེའི་ཚེ་སྣང་བའི་དོན་ལ་བསྙོན་རྟོལ་བྱ་བར་མི་ནུས་པ་སྒྲོ་བཏགས་
130	terminal-particle	31		གཉིས་སུ་མེད་པའམ་གཉིས་ཞེས་པ་དེ་ཉིད་སྒྱུ་མ་ལྟ་བུ་ཡིན་པའི་ཕྱིར་སྙིང་པོ་མེད་དེ། དོན་
131	terminal-particle	51		དེ་ལྟར་སེམས་བསྐྱེད་པ་ཙམ་གྱི་བདག་ཉིད་ཤེས་རབ་ཀྱི་ཕ་རོལ་ཏུ་ཕྱིན་པ་སྒྱུ་མའི་རང་བཞིན་
132	line-end	69		གང་དེ་ལྟ་ཡིན་ན་ཇི་ལྟར་ཆོས་འདི་ཉིད་རྟོགས་པ་དང་མི་ལྡན་པས་སྟོང་ཕྲག་བརྒྱ་པ་ལ་སོགས་པར
133	verse-stanza	25		འདི་ནས་བྱང་དུ་རི་ནག་པོ། །↵དགུ་འདས་གངས་རིའོ་དེ་ནས་ནི། །↵སྤོས་ངད་ལྡན་པའི་ཚུ་རོལ་ན།
134	terminal-particle	14		ཞེས་བྱ་བས་བསྟན་ཏེ། མ་དྲོས་པའི་མཚོ་ལས་ཤར་ནས་ནི་གང་གཱའོ། །
135	terminal-particle	5		ལྷོ་ནས་ནི་པ་ཀྵུའོ། །
136	terminal-particle	5		ནུབ་ནས་ནི་སིན་དྷུའོ། །
137	terminal-particle	96		བྱང་ནས་ནི་སི་ཏ་སྟེ། དེའི་མཐུས་མངོན་སུམ་དང་བརྒྱུད་པས་འདུས་པའི་ཕྱིར་ཆུ་ཀླུང་ཇི་སྙེ
138	terminal-particle	15		མངོན་པ་གཞན་དང་གཞན་ལས་ནི་གཞན་ཏེ་ཚད་མི་མཐུན་པར་བསྟན་ཏོ། །
139	terminal-particle	30		འཛམ་བུའི་གླིང་ལ་སོགས་པའི་སྣོད་གཞག་པ་ཐེག་པ་ཆེན་པོའི་མདོ་ལས་རྣམ་པར་གཞག་པའི་ཚད་ཤིན་
140	terminal-particle	56		དེ་ལྟར་ན་ཇི་ལྟར་གཞན་དང་གཞན་མི་འགལ་ཞེ་ན། སྨྲས་པ་གང་གི་ཕྱིར་ཕྱིའི་དངོས་པོ་ཡོངས་སུ་
141	terminal-particle	53		ཆུ་ཀླུང་གི་བྱ་བ་ཇི་ལྟ་བུ་ཅན་ཡིན་པ་ནི་མེ་ཏོག་འབྲས་ལྡན་ཞེས་བྱ་བ་ལ་སོགས་པ་གསུངས་ཏེ།
142	line-end	16		འབྲས་བུ་འབའ་ཞིག་འབྱུང་བའི་ཕྱིར་ནགས་མ་སྟེ། ཨུ་དུམ་བཱ་ར་ལ་སོགས་པའོ། །
143	verse-stanza	19		དེ་དག་སྐྱེད་བྱེད་ནི་གསོ་བར་བྱེད་པ་དང་།↵འཕེལ་བར་བྱེད་པ་ཞེས་བྱ་བའི་བར་དུའོ། །
144	terminal-particle	17		གང་གི་མཐུས་འབབ་ཅེ་ན། ཀླུ་དབང་ལ་སོགས་པ་གསུངས་ཏེ། ཀླུ་ནི་སྦྲུལ་གྱི་ཚོགས་སོ། །
145	terminal-particle	27		དབང་པོ་ནི་བདག་པོ་སྟེ། ཀླུའི་རྗེ་བོ་དེ་ཉིད་ནོར་རྒྱས་ལ་སོགས་པ་དེ་རྣམས་ནི་བདག་པོའི་
146	terminal-particle	24		རྟེན་ནི་ཡན་ལག་བརྒྱད་དང་ལྡན་པར་འབྱུང་བས་ཚ་བ་འཇོམས་པས་ན་མ་དྲོས་པ་སྟེ། བདག་ཉིད་ཀྱི་
147	terminal-particle	5		དེའི་མཐུ་ནི་ནུས་པའོ། །
148	terminal-particle	41		དཔལ་དང་ལྡན་ཏེ། ཀླུང་རྣམས་ཀྱི་ནང་ན་ཤིན་ཏུ་ཕུལ་དུ་བྱུང་བ་ཡིན་ཏེ། བྱེ་ཚན་གྱི་འཇིགས་
149	terminal-particle	103		དཔེ་བསྟན་ནས་དོན་ནི་རྒྱལ་བའི་ཞེས་བྱ་བ་ལ་སོགས་པ་གསུངས་ཏེ། དེ་བཞིན་དུ་རྒྱལ་བའི་ཉན་ཐ
150	terminal-particle	18		ཅིའི་ཕྱིར་ཞེ་ན། མཆོག་འཕགས་ཞེས་བྱ་བ་ལ་སོགས་པ་གསུངས་ཏེ། ཐམས་ཅད་ཀྱི་མཆོག་ཉིད་དོ། །
151	terminal-particle	20		བག་ཆགས་དང་བཅས་པའི་སྒྲིབ་པ་མ་ལུས་པ་སྤངས་པས་མཆོག་སྟེ་སངས་རྒྱས་བཅོམ་ལྡན་འདས་སོ། །
152	terminal-particle	92		བདེ་བ་བྱེད་པ་ནི་མི་གནས་པའི་མྱ་ངན་ལས་འདས་པ་སྟེ། ཐེག་པ་ཆེན་པོར་ཉན་ཐོས་ལ་སོགས་པའི་མ
153	terminal-particle	37		ཉན་ཐོས་ཀྱི་རང་དབང་གིས་ཀྱང་དོན་སྟེ་སྟོན་པ་ཡིན་ནོ་ཞེ་ན། དེ་དག་ཀུན་ཀྱང་ཞེས་བྱ་བ་ལ་ས
154	terminal-particle	48		ཕྱིན་ཅི་མ་ལོག་པའི་ཆོས་ཉིད་ཐུགས་སུ་ཆུད་པས་སམ། ཇི་ལྟ་བ་ཉིད་སྟོན་པར་མཛད་པས་ན་དེ་བཞི
155	terminal-particle	82		ཉན་ཐོས་ཀྱིས་ཀྱང་རང་གི་རྟོགས་པས་ཆོས་ཉིད་མངོན་དུ་བྱས་པ་མ་ཡིན་ནམ། དེ་ལྟ་བས་ན་རང་གི་
156	line-end	27		ལན་དུ་རྒྱལ་བས་ཞེས་བྱ་བ་ལ་སོགས་པ་གསུངས་ཏེ། གང་ཞིག་སྡིག་པའི་ཆོས་ལས་རྒྱལ་བ་ནི་རྒྱལ་
157	verse-stanza	20		ཆོས་ནི་གང་ཟག་ལ་བདག་མེད་པའི་བདག་ཉིད་དོ། །↵ཚུལ་ནི་ཉན་ཐོས་ཀྱི་ལུང་གི་ཆོས་ཉིད་དེ།
158	terminal-particle	8		གང་བསྟན་པ་ནི་གསལ་བར་བྱས་པའོ། །
159	line-end	23		ཡང་དག་པའི་ལམ་དུ་ཞུགས་པ་ཉིད་ཀྱིས་ཤིན་ཏུ་ཁྱད་པར་དུ་འཕགས་པའི་མིར་གྱུར་པ་ནི་མི་མཆོག་
160	ordinal-open	37		དང་པོ་ཉིད་ལ་དབང་བར་གྱུར་པ་ཞེས་བྱ་བའི་རིགས་པས་རང་གི་སྟོན་པ་ཡིན་པར་ཁས་བླངས་པའི་ཕྱི
161	terminal-particle	35		དེ་ལ་མངོན་དུ་ཕྱོགས་པས་ཐོས་པའི་ཤེས་རབ་བསྐྱེད་པ་ནི་བསླབས་ཤིང་ངོ་། །ཡང་ན་མི་མཆོག་ནི
162	terminal-particle	38		དེས་རང་གི་རྟོགས་པའི་ཆོས་ཉིད་མངོན་སུམ་དུ་བྱས་ཤིང་ཕྱིས་བསླབས་པས་ཇི་བཞིན་དུ་ལུང་གི་
163	terminal-particle	23		དེ་བས་ན་དེ་བཞིན་གཤེགས་པ་ཉིད་ཀྱི་མཐུ་ཡིན་གྱི་རང་གི་མཐུས་མ་ཡིན་ནོ་ཞེས་བྱ་བའི་དོན་ཏ
164	terminal-particle	88		འདིས་འདི་སྐད་དུ་བསྟན་པ་ཡིན་ཏེ། རྟག་ཏུ་མཉམ་པར་གཞག་པའི་ཐབས་ལ་མཁས་པ་དང་བྲལ་བས་དོན་ར
165	line-end	3		དེ་སྐད་དུ།
166	verse-stanza	25		རང་གི་རྟོགས་པའི་རྗེས་འབྲངས་ནས། །↵ཅི་ཞིག་ཙམ་ནི་དཔག་པར་ནུས། །↵ཐབས་བྱུང་དེ་རྒྱུ་ལྐོ
167	quote-close	22		ཞེས་གསུངས་པའི་རིགས་པས་ཉན་ཐོས་ཆེན་པོ་རྣམས་ཀྱིས་དཔྱད་ནས་ཀྱང་བསྟན་པར་མི་ནུས་སོ་ཞེས་
168	line-end	173		ཞལ་ལ་བྱུང་བ་བརྗོད་ནས། ང་ནི་དང་པོར་བྱང་ཆུབ་ཏུ་སེམས་བསྐྱེད་པའི་སྐབས་ལ་ཇི་ལྟར་བབ་པའ
169	verse-stanza	20		བསྐྱེད་པ་དེ་མི་དམིགས་སོ་ཞེས་བྱ་བར་སྦྱར་རོ། །↵ཀྱང་གི་སྒྲ་ནི་རིམ་པ་གཞན་དུ་སྦྱར་ཏེ།
170	terminal-particle	7		སྡུད་པའི་དོན་ཡིན་པའི་ཕྱིར་རོ། །
171	line-end	45		གང་དེ་ལྟ་ཡིན་ན་གདམས་ངག་མེད་པས་ཇི་ལྟར་གདམས་ཤེ་ན། དེ་སྐད་ཐོས་ནས་ཞེས་བྱ་བ་ལ་སོགས་པ་
172	verse-stanza	25		ཡང་དག་ཀུན་རྫོབ་རྣམས་ཀྱི་སྐས། །↵མེད་པར་དོན་དམ་ཁ་ཆེན་གྱི། །↵སྟེང་དུ་འགྲོ་བར་བྱ་བ་ན
173	terminal-particle	27		ཞེས་བྱ་བར་རྟོགས་པར་བྱས་ནས་ཀུན་རྫོབ་ཀྱི་བདེན་པ་མེད་པ་མ་ཡིན་པས་མི་འཇིགས་པར་བསྒྲུབས
174	terminal-particle	53		དོན་དམ་པའི་བདེན་པ་ལ་ཡང་ཚད་མས་གྲུབ་པའི་ཕྱིར་མི་སྐྲག་སྟེ། སྐྲག་པའི་གནས་མེད་པས་སྐྲག
175	terminal-particle	59		འདིས་ནི་སྟོང་པ་ཉིད་ཀྱི་སྙིང་པོ་ཅན་གྱི་སེམས་བསྐྱེད་པ་ལ་སོགས་པས་ཡང་དག་པར་ཐོབ་པ་ཡོང
176	terminal-particle	75		གདམས་ངག་ཐོས་པའི་ལས་དང་པོ་པས་དད་པ་ལ་སོགས་པའི་ཆོས་གོམས་པར་བྱས་ནས་ཚོགས་ཀྱི་ལམ་ཐོབ་པ
177	line-end	43		དེ་དག་ལས་དང་པོར་འཇིག་རྟེན་ལས་འདས་པའི་ཡེ་ཤེས་ཀྱི་མེའི་སྔ་རྟགས་ཡིན་པའི་ཕྱིར་དྲོ་བ་
178	verse-stanza	19		གཟུགས་སུ་རུང་བ་ནི་གཟུགས་ཀྱི་མཚན་ཉིད་དོ། །↵ཉམས་སུ་མྱོང་བ་ནི་ཚོར་བའི་མཚན་ཉིད་དོ། །
179	terminal-particle	12		མཚན་མར་འཛིན་པའི་བདག་ཉིད་ཡིན་པས་ན་འདུ་ཤེས་སོ། །
180	terminal-particle	30		སེམས་མངོན་པར་འདུ་བྱེད་པའི་རང་བཞིན་ནི་སེམས་པ་སྟེ། གཙོ་བོ་ཡིན་པས་ཉེ་བར་མཚོན་པ་ཡིན་
181	terminal-particle	28		རྣམ་པར་ཤེས་པ་ནི་རྟོགས་པའི་མཚན་ཉིད་དེ། དེ་རྣམས་དམིགས་པ་མ་ཡིན་ཏེ། དེ་ཁོ་ན་ཉིད་དུ་ཞ
182	terminal-particle	58		དེ་ལྟ་བས་ན་ཀུན་རྫོབ་ཉམས་སུ་མྱོང་བའི་དོན་བཀག་ན་མངོན་སུམ་ལ་སོགས་པ་གནོད་པར་འགྱུར་བས
183	terminal-particle	52		རྣམ་པ་གང་ཞིག་ཡིན་ཞེ་ན། གནས་ནི་ཞེས་བྱ་བ་ལ་སོགས་པ་གསུངས་ཏེ། གནས་པའི་མངོན་པར་ཞེན་པ་
184	terminal-particle	66		ཅིའི་ཕྱིར་དེའི་རྒྱུ་ཡིན་ཞེ་ན། དེ་ཆོས་ཞེས་བྱ་བ་ལ་སོགས་པ་གསུངས་ཏེ། གང་གི་དམིགས་པ་ད
185	terminal-particle	34		ཆུང་ངུ་དང་འབྲིང་དང་ཆེན་པོའི་དབྱེ་བ་རྟོགས་པ་ནི་བྱང་ཆུབ་ཐམས་ཅད་ཀྱི་རྒྱུ་ཉིད་དེ། བྱ
186	terminal-particle	16		ཐོབ་པ་ནི་རྒྱུ་ཐོབ་ན་འབྲས་བུ་ཐོབ་པར་འགྱུར་བར་དགོངས་པ་ཡིན་ནོ། །
187	terminal-particle	14		བདེ་གཤེགས་ནི་ཉོན་མོངས་པའི་སྟོབས་ཀྱིས་འཁོར་བར་སླར་མི་ལྡོག་པའོ། །
188	terminal-particle	45		ཉན་ཐོས་དང་། རང་རྒྱལ་དང་། བླ་ན་མེད་པ་ཡང་དག་པར་རྫོགས་པའི་བྱང་ཆུབ་རྣམས་ལས་སྐལ་བ་ཇི་
189	terminal-particle	159		ད་ནི་དྲོ་བའི་རྗེས་ཐོགས་ལ་དགེ་བའི་རྩ་བ་གཡོ་བའི་རྩེ་མོ་ཡིན་པའི་ཕྱིར་རྩེ་མོར་གྱུར་པ
190	terminal-particle	10		འང་གི་སྒྲ་ནི་ངེས་པར་བཟུང་བའི་དོན་ཏོ། །
191	terminal-particle	44		བྱང་ཆུབ་སེམས་དཔའ་གང་ཞིག་དེ་ལྟར་ཕྱིའི་བདག་ལ་སོགས་པའི་ཆོས་ཀུན་ཡོངས་སུ་ཤེས་པ་ཁོ་ན་ཉ
192	terminal-particle	7		མི་རེག་པ་ནི་མི་དམིགས་པའོ། །
193	terminal-particle	19		དོན་དམ་པའི་སྟོབས་ཀྱིས་ཤེས་རབ་ཀྱི་ཕ་རོལ་ཏུ་ཕྱིན་པར་གནས་ཏེ་ཆོས་ཀྱི་དམིགས་པའོ། །
194	terminal-particle	26		འདིས་ནི་མཚན་མ་མེད་པས་ཁྱད་དུ་འཕགས་པའི་ཕྱིར་གཟུགས་ལ་སོགས་པ་མི་དམིགས་པས་འདི་འབྲས་བུ
195	terminal-particle	76		རྣམ་པ་གང་ཞེ་ན། ཤེས་རབ་འདི་ནི་ཞེས་བྱ་བ་ལ་སོགས་པ་གསུངས་ཏེ། གཟུགས་ཞེས་བྱ་བ་འདི་དག་ག
196	terminal-particle	20		ཅིའི་སྒྲ་ཐམས་ཅད་དང་སྦྱར་བར་བྱ་སྟེ། འདི་ནི་གང་གི་ཕྱིར་ཡང་མ་ཡིན། སུའི་ཡང་མ་ཡིན་ནོ།
197	terminal-particle	14		ཞེས་ཆོས་ཐམས་ཅད་མི་དམིགས་པར་ཤེས་རབ་ཀྱིས་ཡོངས་སུ་རྟོག་གོ། །
198	terminal-particle	15		ཉེ་བར་རྟོག་པ་དེ་དག་ཉེ་བར་རྟོག་པ་སྟེ་རྣམ་པར་དཔྱོད་པའོ། །
199	terminal-particle	30		ཡང་རྣམ་པ་སྣ་ཚོགས་པ་འདི་དག་ལ་རྗེས་སུ་དམིགས་ནས་བྱང་ཆུབ་སེམས་དཔའ་འཇུག་པར་བྱེད་པ་དེ་
200	terminal-particle	46		ཅིའི་ཕྱིར་རྒྱུ་ཡིན་ཞེ་ན། ཉེ་བར་བརྟགས་ནས་ཞེས་བྱ་བ་ལ་སོགས་པ་གསུངས་ཏེ། དེ་དམིགས་པ་ད
201	terminal-particle	10		རིག་པ་དང་ལྡན་པའི་ཕྱིར་སྐྲག་པ་མེད་དོ། །
202	terminal-particle	63		དེ་ཡང་དེ་ཁོ་ན་ཉིད་ལ་ཕྱིན་ཅི་མ་ལོག་པར་ཞུགས་པ་ནི་རྩེ་མོ་སྟེ། ཆུང་ངུ་དང་འབྲིང་དང་ཆེ
203	line-end	55		རྩེ་མོའི་རྗེས་ལ་ད་ནི་བཟོད་པ་སྟེ། ཉམས་པ་མེད་པར་ཆོས་ཆེན་པོ་ལ་བཟོད་པའི་ཕྱིར་བཟོད་པར
204	verse-stanza	19		ཡོངས་སུ་རྟོག་པ་ནི་ཀུན་ཏུ་རྟོག་པའོ། །↵མཚན་མ་ལ་སྤྱོད་པ་ནི་བཟློག་པ་ལ་སྤྱོད་པའོ། །
205	terminal-particle	45		འདི་སྐད་དུ་ཆོས་ཉིད་རབ་ཏུ་མི་ཤེས་པར་གཟུགས་ཀྱི་སྤྱིའི་མཚན་ཉིད་ལ་མངོན་པར་ཞེན་ནས་རྣམ
206	terminal-particle	18		དམིགས་པ་ནི་མཚན་མ་ལ་སྤྱོད་པའོ་ཞེས་བྱ་བར་འབྲེལ་ཏོ་ཞེས་བསྟན་པར་འགྱུར་རོ། །
207	terminal-particle	56		དེ་བཞིན་དུ་གཟུགས་ཀྱི་ཕུང་པོ་འདི་སྟོང་ཞེས་བྱ་བར་ཡོངས་སུ་རྟོག་ཅིང་མངོན་པར་ཞེན་ནས་ག
208	terminal-particle	20		དེ་བཞིན་དུ་དངོས་པོ་དང་དངོས་པོ་མེད་པའི་རང་བཞིན་ལ་མངོན་པར་ཞེན་ནས་བཟློག་པར་བྱའོ། །
209	terminal-particle	38		བྱང་ཆུབ་སེམས་དཔའ་གང་ཞིག་སྐྱེ་བ་མེད་པའི་གནས་ཉིད་ཡིན་ཏེ། མཐོང་བའི་ལམ་ལ་སོགས་པ་ལ་བར
210	terminal-particle	6		བཟློག་པ་ནི་མ་དད་པའོ། །
211	terminal-particle	33		དེ་བས་ན་གཅིག་ཏུ་རང་བཞིན་སྤངས་པ་ལས་རང་མེད་པའི་ཁྱད་པར་དུ་འཕགས་པའི་གཟུགས་ལ་དམིགས་པ་
212	terminal-particle	52		རྣམ་པ་གང་ཞིག་ཡིན་ཞེ་ན། གང་གཟུགས་ཞེས་བྱ་བ་ལ་སོགས་པ་གསུངས་ཏེ། གང་ཞིག་གིས་སྐྱེ་བ་མེ
213	terminal-particle	62		གཟུང་བ་མེད་པས་འཛིན་པ་མི་དམིགས་པར་སྤྱོད་པའི་བྱང་ཆུབ་སེམས་དཔའ་དེ་ནི་ཡང་སྤྱོད་པ་མ་ཡ
214	terminal-particle	8		དེས་ནི་རྣམ་པར་གྱུར་པ་བསྟན་ཏོ། །
215	terminal-particle	53		ཅིའི་ཕྱིར་དེ་ལ་རྒྱུ་ཞེས་བྱ་ཞེ་ན། སྐྱེ་མེད་བློ་ལྡན་ཞེས་བྱ་བ་ལ་སོགས་པ་གསུངས་ཏེ། དེ
216	terminal-particle	15		སེམས་རྩེ་གཅིག་ཏུ་བསྡུས་པའི་རང་བཞིན་ཡིན་པའི་ཕྱིར་ཏིང་ངེ་འཛིན་ཏོ། །
217	terminal-particle	18		བྱང་ཆུབ་ཐམས་ཅད་དང་རྗེས་སུ་མཐུན་ཞིང་གཟུང་བའི་དབྱེ་བ་སྤངས་པའི་ཕྱིར་ཞི་བའོ། །
218	terminal-particle	18		ཉན་ཐོས་ལ་སོགས་པའི་བྱང་ཆུབ་སྐལ་བ་ཇི་ལྟ་བ་བཞིན་ཐོབ་པས་ན་རེག་པའོ། །
219	terminal-particle	15		ཐེག་པ་ཐམས་ཅད་ཀྱིས་ངེས་པར་འབྱུང་བའི་རྒྱུ་ཡིན་པའི་ཕྱིར་མཆོག་གོ། །
220	terminal-particle	7		འདིས་ནི་རྒྱུར་གྱུར་པ་བསྟན་ཏོ། །
221	terminal-particle	32		སྐྱེ་མེད་བློ་ལྡན་ཞེས་བྱ་བ་ལ་སོགས་པ་གསུངས་ཏེ། ད་ནི་བཟོད་པའི་རྗེས་ཐོགས་ལ་ཆོས་ཀྱི་མ
222	terminal-particle	34		དེའི་དམིགས་པ་བསྟན་པའི་ཕྱིར་བྱང་ཆུབ་ཅེས་བྱ་བ་ལ་སོགས་པ་གསུངས་ཏེ། བདག་ནི་བདག་ཏུ་གཞག
223	terminal-particle	50		གནས་པ་ནི་རྣམ་པ་དུ་མའི་ཡོན་ཏན་སྐྱེད་པར་བྱེད་པའི་ཆོས་ཀྱི་མཆོག་གི་ཏིང་ངེ་འཛིན་གྱིས་
224	line-end	15		དེ་ལྟ་བུ་ཉིད་བདག་གིས་ཏིང་ངེ་འཛིན་ལ་མཉམ་པར་བཞག་ཅེ་ན།
225	verse-stanza	25		དེ་ལས་ལངས་ཞེས་རློམ་སེམས་མེད་དོ། །↵ལས་མཐའ་ནི་ཡུལ་གྱི་དངོས་པོ་ལས་སོ། །↵དེ་ལ་འཛིན་པ
226	terminal-particle	36		ལས་བྱེད་པ་པོ་གནས་པ་ནི་བྱ་བ་སྟེ། ཆོས་དེ་རྣམས་ཀྱི་རང་བཞིན་ཏེ། དེ་བཞིན་ཉིད་རང་བཞིན་
227	terminal-particle	54		འདི་སྐད་དུ་ཆོས་འདི་ཉིད་ནི་གཉེན་པོ་ཡིན་པའི་ཕྱིར་སྤྱོད་པ་དང་མི་སྤྱོད་པས་སྟོང་པས་ཐོ
228	terminal-particle	35		དེ་ལྟར་སྤྱོད་པ་ནི་བདེ་བར་གཤེགས་པ་དང་འབྲེལ་པ་ཉིད་ཀྱི་ཤེས་རབ་ཆོས་ཀྱི་མཆོག་གི་རང་བཞ
229	terminal-particle	15		དེས་རྣམ་པར་མི་རྟོག་པ་ལ་སོགས་པའི་རྣམ་པར་གྱུར་པ་བསྟན་ཏོ། །
230	terminal-particle	50		ཅིའི་ཕྱིར་འདི་རྒྱུ་ཡིན་ཞེ་ན། འདི་ནི་ཞེས་བྱ་བ་ལ་སོགས་པ་གསུངས་ཏེ། འདི་ནི་ཞེས་བྱ་བ་
231	terminal-particle	33		དེ་ནས་ཉན་ཐོས་ལ་སོགས་པའི་བྱང་ཆུབ་གང་ཡང་རུང་བའི་རང་གི་ཐེག་པ་ལ་ལྟོས་ནས་ཁྱད་པར་དུ་འག
232	terminal-particle	37		བྱང་ཆུབ་ཐམས་ཅད་ཐོབ་པའི་རྒྱུ་ཉིད་དུ་གནས་པའི་ཕྱིར་སྤྱོད་པ་ཡིན་པའམ། མོས་པས་སྤྱོད་པའ
233	terminal-particle	39		དོན་དེ་དག་འདིར་བསྡུས་ནས་རིགས་པའི་སྟོབས་ཀྱིས་ཇི་ལྟར་བསྟན་པ་ནི་དམིགས་པ་དང་། རྣམ་པ་
234	terminal-particle	43		གང་ཡང་སྟོང་ཕྲག་བརྒྱ་པ་ལས་ཆུང་ངུ་ལ་སོགས་པའི་ཁྱད་པར་གྱི་དམིགས་པ་དང་རྣམ་པ་བྱེ་བྲག་ཏ
235	terminal-particle	22		འདིར་ཡང་དེ་དག་སྦྱར་བར་མི་ནུས་ཏེ། ཚིགས་སུ་བཅད་པ་དང་དེ་དག་ཉིད་འབྲེལ་བ་མེད་པའི་ཕྱིར
236	terminal-particle	70		དེ་ལྟ་བས་ན་གང་གི་ཚེ་ཇི་སྐད་བསྟན་པའི་དམིགས་པ་དང་། རྣམ་པ་བསྒོམས་པ་ན་ཐ་དད་པའི་དོན་ལ
237	terminal-particle	47		གང་གི་ཚེ་ཡང་བསྒོམས་པའི་སྟོབས་ཀྱིས་ཆུང་ངུ་ལ་སོགས་པའི་གསལ་བར་སྣང་བའི་འབྲིང་གི་ཡེ་ཤ
238	terminal-particle	57		གང་གི་ཚེ་ཡང་སེམས་ཙམ་ཉིད་ལ་གནས་ནས་གསལ་བར་སྣང་བ་འབྲིང་དང་ཆུང་ངུའི་ཡེ་ཤེས་ཀྱི་སྣང་བ
239	terminal-particle	45		གང་གི་ཚེ་ཡང་དོན་ལ་འཛིན་པ་སྤངས་ནས་མི་སྣང་བའི་ཆུང་ངུ་ལ་སོགས་པའི་ཡེ་ཤེས་ཀྱི་སྣང་བ་ས
240	terminal-particle	26		ཡང་ཏིང་ངེ་འཛིན་དེ་དག་ཐམས་ཅད་ལ་ཤིན་ཏུ་མོས་པ་བསྟན་པ་ནི་མོས་པས་སྤྱོད་པའི་ས་ཞེས་བྱ་བ
241	terminal-particle	65		དེ་ཉིད་ལས་བརྩམས་ཏེ་རྣམ་པར་རྟོག་པ་བྱང་ཆུབ་སེམས་དཔའི་སྒྲིབ་པ་རྣམས་རྩེ་མོའི་མངོན་པར
242	terminal-particle	70		དེ་ལ་ཀུན་ནས་ཉོན་མོངས་པ་དང་གཉེན་པོའི་དངོས་པོ་རྟེན་ཅན་གྱི་གཟུང་བའི་རྣམ་པར་རྟོག་པ་ག
243	terminal-particle	17		དེ་ནི་དེ་དག་ཆོས་ཉིད་སྒྱུ་མ་ལྟ་བུ་ཡིན་པ་དེའི་ཕྱིར་མེད་ཅེས་བྱའོ། །
244	terminal-particle	21		རི་བོང་གི་རྭ་ལྟར་མེད་པ་ནི་མ་ཡིན་ཏེ། དེ་སྒྲུབ་པར་བྱེད་པའི་ཚད་མ་མེད་པའི་ཕྱིར་རོ། །
245	terminal-particle	26		ཅི་སྟེ་མངོན་སུམ་གྱི་སྣང་བའི་དངོས་པོ་དེ་ཉིད་སྒྱུ་མ་ལྟ་བུ་ཡིན་པའི་ཕྱིར་མེད་དོ་ཞེས་
246	terminal-particle	16		དེ་ཡང་མངོན་སུམ་གྱི་སྒྱུ་མར་མི་འཛིན་ཏེ། རྣམ་པར་མི་རྟོག་པའི་ཕྱིར་རོ། །
247	terminal-particle	47		དེ་ལ་བཟློག་ན་གནོད་པ་ཅན་གྱི་ཚད་མའི་སྟོབས་ཀྱིས་སྒྱུ་མ་ལྟ་བུའི་ངེས་པའི་དངོས་པོ་དེ་ཉ
248	terminal-particle	54		གང་དེ་ལྟ་བུའི་བཟློག་ན་གནོད་པ་ཅན་གྱི་ཚད་མ་མངོན་སུམ་མམ། རྗེས་སུ་དཔག་པ་གང་ཞིག་ཡིན། 
249	terminal-particle	33		བ་ལང་རྫི་དང་བུད་མེད་ལ་སོགས་པ་ལ་བུམ་པ་ལ་སོགས་པ་མངོན་སུམ་གྱིས་གྲུབ་པ་བཟློག་ན་གནོད་
250	terminal-particle	59		འོན་ཀྱང་ཤེས་པའི་ཐ་སྙད་འཇུག་པ་ཉིད་ལ་ལྟོས་པ་ཡིན་ནོ་ཞེ་ན། རྣམ་པ་ཐམས་ཅད་ཀྱི་དེ་ཁོ་ན་
251	terminal-particle	209		འདི་དག་དེ་ཁོ་ན་ཉིད་དུ་འདོད་པ་ཡིན་ཞེས་ཟེར་ན། དེ་ལྟ་ཡིན་ན་ཇི་ལྟར་དེ་ཁོ་ན་ཉིད་དུ་འད
252	terminal-particle	16		སྒྱུ་མ་ལྟ་བུ་ཉིད་མངོན་སུམ་གྱིས་གྲུབ་པ་མ་ཡིན་པར་ཤེས་པར་བྱའོ། །
253	terminal-particle	49		འོན་ཏེ་ཕྱིན་ཅི་ལོག་ལ་གནོད་པའི་རྗེས་སུ་དཔག་པའི་སྟོབས་ཡིན་ལ། དངོས་པོའི་རང་བཞིན་ཙམ་
254	terminal-particle	22		དེ་ཁོ་ན་ཉིད་གྲུབ་པོ་ཞེས་ཟེར་ན། དེ་ལྟ་ཡིན་ན་ཤེས་པ་དང་ཤེས་བྱའི་ཐ་སྙད་མི་འཇུག་གོ། །
255	terminal-particle	13		འོན་ཀྱང་ཀུན་རྫོབ་ཏུ་ཡིན་པར་མཇུག་ཐོགས་སུ་བསྟན་པར་བྱའོ། །
256	terminal-particle	32		དེ་བས་ན་ཇི་ལྟར་མངོན་པར་ཞེན་པ་དང་མཐུན་པར་རང་གི་ཚད་མ་ཇི་ལྟ་བས་ངེས་པ་དང་ལྡན་པ་རྗེས་
257	terminal-particle	19		དངོས་པོ་རྣམས་སྒྱུ་མ་ལྟ་བུར་གཞག་པ་ནི་ངེས་པ་ཡིན་ནོ་ཞེས་བྱ་བར་གནས་སོ། །
258	terminal-particle	45		དེ་ལྟ་བས་ན་འཕགས་པ་ལང་ཀར་གཤེགས་པ་ལ་སོགས་པ་ལས་བཅོམ་ལྡན་འདས་ཀྱིས་ཇི་ལྟར་སྣང་བ་འདི་ཀ
259	line-end	6		ཤིན་ཏུ་སྤྲོས་པས་ཆོག་གོ། །
260	verse-stanza	34		བྱིས་པ་ནི་འཕགས་པའི་ལམ་མ་སྐྱེས་པའོ། །↵དེས་བརྟགས་པ་ནི་རིགས་པ་དང་ལྡན་པའོ། །↵འདི་དག་
261	terminal-particle	55		གཞན་ཡང་དོར་བར་བྱ་བ་ཉིད་ནི་ཀུན་ནས་ཉོན་མོངས་པའི་རྟེན་ཅན་བཟུང་བའི་རྣམ་པར་རྟོག་པ་དང་
262	terminal-particle	33		དེ་བཞིན་དུ་བླང་བར་བྱ་བའི་གཉེན་པོའི་རྟེན་ཅན་བཟུང་བའི་རྣམ་པར་རྟོག་པ་གཉིས་པའི་ཡུལ་ཉ
263	terminal-particle	90		དེ་ལྟར་བཟུང་བའི་རྣམ་པར་རྟོག་པ་བསྒྲུབས་ནས། དེ་གཉིས་དེ་ཉིད་ནས་བརྩམས་ཏེ་མངོན་པར་ཞེན
264	terminal-particle	117		བྱང་ཆུབ་སེམས་དཔའ་གང་གི་ཐོས་པ་ལ་སོགས་པའི་རིམ་གྱིས་རབ་ཏུ་ཤེས་པ་དེ་ངེས་པར་འབྱུང་སྟེ
265	terminal-particle	22		གང་འདི་ལ་ནི་ངེས་པར་འབྱེད་པའི་ཆའི་དུས་སུ་ཐོས་པའི་ཤེས་རབ་ལ་སོགས་པ་བསྐྱེད་ནས་ཤེས་པའ
266	terminal-particle	43		དེས་ནི་ཡང་སྐྱེས་བུ་རྫས་སུ་ཡོད་པའི་རྟེན་ཅན་འཛིན་པའི་རྣམ་པར་རྟོག་པ་དང་པོའི་རང་བཞིན
267	terminal-particle	73		འཛིན་པའི་རྣམ་པར་རྟོག་པ་གཉིས་པ་བསྟན་པའི་ཕྱིར། སྒྱུ་མ་གཞན་དང་ཞེས་བྱ་བ་ལ་སོགས་པ་གསུ
268	terminal-particle	56		འོན་ཀྱང་ཕུང་པོ་འདི་སྒྱུ་མ་ལྟ་བུར་སྔར་བསྟན་པ་བཞིན་དུ་ཤེས་པར་གྱུར་ནས་དེས་ན་ཡང་སྐྱེ
269	terminal-particle	91		དེ་ལྟ་བུར་ཡོངས་སུ་ཤེས་པ་ལ་ཡོན་ཏན་ཅི་ཡོད་ཅེ་ན། སྣ་ཚོགས་ཞེས་བྱ་བ་ལ་སོགས་པ་གསུངས་ཏེ
270	terminal-particle	43		གང་ཞིག་མོས་པ་དེ་ནི་ཤེས་རབ་ཀྱི་ཕ་རོལ་ཏུ་ཕྱིན་པ་སྟེ། འགྲོ་བ་མ་ལུས་པ་བདག་མེད་པའི་རང
271	terminal-particle	136		རྣམ་པར་རྟོག་པ་བཞི་པོ་འདི་རྣམས་ཉེ་བར་འདུས་པའི་གདུལ་བྱའི་སྐྱེ་བོས་ཁོང་དུ་ཆུད་པར་བྱ
272	terminal-particle	55		འདི་ནི་སྙིང་པོ་ཡིན་པས་ཕན་ཚུན་སྤངས་ཏེ་གནས་པའི་མཚན་ཉིད་དེ་ལ་ཕུང་པོ་གཞན་མེད་པས་ཇི་ས
273	terminal-particle	66		ད་ནི་དགེ་བའི་བཤེས་གཉེན་ཐབས་མཁས་པའི་རང་བཞིན་ཅན་གྱི་ཡོངས་སུ་བཟུང་བ་སྟོན་ཏེ། དེའི་ས
274	terminal-particle	7		དེ་དང་ལྡན་པ་ནི་བཅས་པའོ། །
275	terminal-particle	77		དེ་ཉིད་ཀྱི་ཐོབ་པ་ལ་སོགས་པའི་ཤེས་པ་སྐྱེས་ནས་རིགས་པ་དང་ལུང་གི་ཆོས་ཡོངས་སུ་བརྟགས་པ་
276	terminal-particle	25		དེ་ནི་ངེས་པར་འབྱེད་པའི་ཆ་དང་མཐུན་པ་ལ་སོགས་པར་ཡང་དག་པར་འཇུག་པར་འགྱུར་རོ་ཞེས་བྱ་བར
277	terminal-particle	97		རྗེས་སུ་འགྲོ་བའི་སྒོ་ནས་བསྟན་ནས། ལྡོག་པའི་སྒོ་ནས་གསལ་བར་བྱ་བའི་ཕྱིར། གང་ཞིག་སྡིག
278	terminal-particle	14		དེས་ཇི་ལྟ་བ་བཞིན་གྱི་ཡོངས་སུ་བཟུང་བར་གྱུར་པ་བསྟན་ཏོ། །
279	terminal-particle	241		དྲོ་བ་ལ་སོགས་པའི་རྗེས་ལ་ད་ནི་ཇི་སྐད་བསྟན་པའི་སྒྲུབ་པར་ངེས་པར་འབྱེད་པའི་ཆ་དང་མཐུན
280	terminal-particle	15		སངས་རྒྱས་མ་ལུས་པའི་གཞིར་གྱུར་པ་ཉིད་ཀྱི་བྱེད་པ་ཞེས་བརྗོད་དོ། །
281	terminal-particle	19		དེ་བས་ན་འཕགས་པའི་གང་ཟག་ཐམས་ཅད་འདུས་མ་བྱས་ཀྱིས་རབ་ཏུ་ཕྱེ་བ་ཡིན་ནོ། །
282	terminal-particle	63		གཞི་ནི་རིགས་ལ་བྱ་བ་མ་ཡིན་ནམ། དེ་བས་ན་དེ་སྔོན་དུ་འགྲོ་བ་ཅན་ཡིན་པའི་ཕྱིར་སེམས་བསྐྱ
283	terminal-particle	92		ཇི་སྐད་བསྟན་པའི་བྱང་ཆུབ་སེམས་དཔའི་དམིགས་པ་གང་ཡིན་ཞེ་ན། དེའི་རྗེས་ཐོགས་ལ་དམིགས་པ་
284	terminal-particle	44		ཆགས་པ་མེད་པར་འགྱུར་བ་ནི་ཆགས་པ་མེད་པའི་རང་བཞིན་ཏེ། བྱང་ཆུབ་ཅེས་བྱ་བར་འདིར་ཡང་འབྲེ
285	terminal-particle	15		དེ་བས་ན་བྱང་ཆུབ་ནི་རང་གི་དོན་ཕུན་སུམ་ཚོགས་པའི་དགོས་པའོ། །
286	line-end	37		དེ་སེམས་དཔའ་ནི་སེམས་དཔའ་སྟེ། དེས་བྱེད་པས་ནི་བྱང་ཆུབ་སེམས་དཔའ་ཞེས་བྱ་བ་དོན་དང་ལྡན
287	verse-stanza	15		བཟང་པོ་ཞེས་བྱ་བའི་མིང་ཐོབ་པོ། །↵དེས་ནི་དམིགས་པར་གྱུར་པ་བསྟན་ཏོ། །
288	line-end	45		གང་ཆོས་ཀྱི་དབྱིངས་ཉིད་རྟག་ཏུ་རྣམ་པར་དག་པ་གཉིས་སུ་མེད་པའི་ཡེ་ཤེས་ཀྱི་དམིགས་པ་ཡིན་
289	verse-stanza	13		ཆུ་ཁམས་གསེར་དང་ནམ་མཁའ་བཞིན། །↵དག་པ་བཞིན་དུ་དག་པར་འདོད། །
290	terminal-particle	114		ཅེས་བསྟན་ཏོ་ཞེས་ཟེར་ན། དེ་ལྟ་ཡིན་ན་ཐོས་པ་དང་བསམས་པའི་ཤེས་པས་ངེས་པའི་དངོས་པོའི་རང
291	terminal-particle	25		འོན་ཏེ་ཁས་མི་ལེན་ན་དེའི་ཕྱིར་རྣམ་པར་རྟོག་པའི་བག་ཆགས་མི་སྤོང་བས་ཕྱོགས་གཅིག་དག་པར་
292	terminal-particle	45		ཁྱོད་ཀྱི་ལུགས་ཇི་ལྟ་བུ་ཡིན་ཞེ་ན། སྐྱོན་མེད་དེ་གང་གི་ཕྱིར་དངོས་པོའི་ངོ་བོ་གང་ཅུང་
293	terminal-particle	70		བྱ་བ་བྱེད་པའི་གང་དག་དོན་ཇི་ལྟར་སྣང་བ་དེ་དག་ནི་ཀུན་རྫོབ་ཡིན་པར་བསྟན་ཏེ། ཐོས་པ་ལ་ས
294	terminal-particle	37		རང་བཞིན་གཙོ་བོར་གྱུར་པ་ནི་རིགས་ཡིན་ལ། འགྱུར་བ་གཙོ་བོར་གྱུར་པ་ནི་དམིགས་པ་ཡིན་ཏེ། 
295	terminal-particle	19		དམིགས་པ་འདི་ལ་བརྗོད་པར་བྱ་བ་མང་དུ་ཡོད་མོད་ཀྱི། ཧ་ཅང་ཐལ་ཆེས་པས་གཞག་གོ། །
296	terminal-particle	90		འབྲས་བུ་ཅི་ལ་བཏགས་ནས་བྱང་ཆུབ་སེམས་དཔའི་དམིགས་པར་བྱེད་ཅེ་ན། དེའི་རྗེས་ལ་ཆེད་དུ་བྱ
297	terminal-particle	53		དེ་བཞིན་དུ་སྤོང་བ་ཆེན་པོ་ཉིད་ཐོབ་པ་སྟེ། ལྟ་བར་གྱུར་པའི་བདག་ཉིད་ལྟ་བ་སྣ་ཚོགས་པ་རྣ
298	terminal-particle	46		དེ་ཉིད་ཀྱང་རྟོགས་པ་ཆེན་པོ་མེད་ན་མི་འབྱུང་བས་དེ་དག་གིས་དེ་ཡང་འཕངས་པ་དེ་བས་ན་འབྲས་
299	terminal-particle	8		དེ་ནི་ཆེད་དུ་བྱ་བ་བསྟན་ཏོ། །
300	terminal-particle	30		དམིགས་པ་དང་ཆེད་དུ་བྱ་བ་ལ་ཁྱད་པར་ཅི་ཡོད་ཅེ་ན། མདའ་བཀང་བ་དང་འབེན་ལ་རྒྱབ་པ་དང་ཆོས་མ
301	terminal-particle	12		དེ་དག་ལ་ཉེ་བར་གྱུར་པ་ནི་དམིགས་པ་ཡིན་ནོ། །
302	terminal-particle	16		གཞན་གྱིས་བསྐལ་པ་ནི་ཆེད་དུ་བྱ་བ་སྟེ། དེ་གཉིས་ཀྱི་བྱེ་བྲག་ཡིན་ནོ། །
303	terminal-particle	97		ཆེད་དུ་བྱ་བའི་རྗེས་ལ་ད་ནི་རྫོགས་པའི་ཆེད་དུ་སྒྲུབ་པ་བརྗོད་པར་བྱ་སྟེ། དེ་ཡང་ཐམས་ཅད
304	terminal-particle	28		དེ་ལ་གོ་ཆའི་སྒྲུབ་པ་ནི་ཚོགས་ཀྱི་ཡིན་པར་བཟུང་ངོ་། །འཇུག་པའི་སྒྲུབ་པ་ནི་མོས་པས་སྤྱ
305	terminal-particle	54		ཚོགས་ཀྱི་བསྒྲུབ་པ་ནི་རྩེ་མོ་དང་སྦྱིན་པ་ལ་སོགས་པ་དྲུག་དང་། ཞི་གནས་དང་། ལྷག་མཐོང་ད
306	terminal-particle	23		ས་དང་པོ་རབ་ཏུ་དགའ་བའི་རང་བཞིན་ཚོགས་ཀྱི་སྒྲུབ་པ་ནི་མཐོང་བའི་ལམ་གྱི་བདག་ཉིད་ཅན་ཡིན
307	terminal-particle	22		ས་གཉིས་པ་ལ་སོགས་པའི་བསྒོམ་པའི་ལམ་གྱི་རང་བཞིན་ནི་ཡང་ལམ་གྱི་ཚོགས་ཀྱི་རང་བཞིན་ཡིན་ན
308	terminal-particle	19		གཉེན་པོའི་བདག་ཉིད་ཅན་ཡང་ཚོགས་ཀྱི་བསྒྲུབ་པ་ནི་ལམ་གཉིས་ཀའི་སྤྱོད་ཡུལ་ཅན་ཡིན་ནོ། །
309	terminal-particle	43		ངེས་པར་འབྱུང་བའི་སྒྲུབ་པ་ནི་ཡང་བསྒོམ་པའི་ལམ་ཡིན་ཏེ། རབ་ཀྱི་མཐར་ཐུག་པར་འགྲོ་བའི་ར
310	terminal-particle	44		སྒྲུབ་པ་བཞི་པོ་དེ་དག་ཀྱང་ཁྱད་པར་གྱི་རང་བཞིན་རྣམ་པ་ཐམས་ཅད་སྦྱོར་བ་ནི་མི་ནུས་པས་སྤ
311	terminal-particle	18		གཞན་དུ་བསླབ་པར་འདོད་པས་བྱེ་བྲག་རྣམས་སྦྱོར་ན་མ་འབྲེལ་པ་བསྟན་པར་འགྱུར་རོ། །
312	terminal-particle	10		དེ་ལྟར་ཕྱི་མ་རྣམས་ལ་ཡང་བལྟ་བར་བྱའོ། །
313	terminal-particle	49		དེ་ལ་དང་པོ་བརྩོན་འགྲུས་ཀྱི་རང་བཞིན་གོ་ཆའི་བསྒྲུབ་པ་བསྟན་པའི་ཕྱིར་སེམས་དཔའ་ཆེན་པོ
314	terminal-particle	20		བྱང་ཆུབ་སེམས་དཔའི་སྡོམ་པའི་ཚུལ་ཁྲིམས་ལ་སོགས་པ་རྒྱ་ཆེན་པོ་དང་ལྡན་པས་ན་བློ་ཆེའོ། །
315	terminal-particle	21		གཞན་གྱིས་གནོད་པ་ལ་ཇི་མི་སྙམ་པ་ལ་སོགས་པའི་བཟོད་པ་དང་ལྡན་པས་ན་མཐུ་ཆེ་བའོ། །
316	terminal-particle	17		སེམས་ཅན་གྱི་དོན་གྱི་བརྩོན་འགྲུས་ཀྱི་སྟོབས་དང་ལྡན་པས་ན་ཐེག་པ་ཆེན་པོའོ། །
317	terminal-particle	9		སེམས་རྩེ་གཅིག་པ་ཐོབ་པས་ན་མཆོག་གོ། །
318	terminal-particle	34		ལས་དང་བྱེད་པ་པོ་དང་བྱ་བ་གསུམ་གྱི་དམིགས་པ་ནི་ཤེས་རབ་དང་ལྡན་པས་ན་དེ་བཞིན་གཤེགས་པའི
319	terminal-particle	48		དེ་ལྟར་གོ་ཆའི་བསྒྲུབ་པས་ཁྱད་པར་དུ་འགྲོ་བས་གཉིས་པ་འཇུག་པའི་སྒྲུབ་པ་བསྟན་པའི་ཕྱིར།
320	terminal-particle	18		ལྷའི་བུའི་བདུད་ཀྱི་སྡེ་མ་རུངས་པའི་བསམ་པ་ཉིད་ཀྱི་རྒྱུ་ཅན་འདུལ་བའི་ཕྱིར་རོ། །
321	terminal-particle	10		ཡིད་ལ་རེ་བ་བཞིན་བྱེད་པས་ན་དགོས་པའོ། །
322	terminal-particle	15		དེ་ལྟ་བུའི་འབད་པ་བྱེད་པས་ན་སེམས་དཔའ་ཆེན་པོ་ཞེས་བརྗོད་དོ། །
323	terminal-particle	109		འཇུག་པའི་སྒྲུབ་པ་བསྒྲུབས་ནས་འབྲས་བུ་རྫོགས་པའི་བྱང་ཆུབ་ཆེན་པོ་ཐོབ་པ་གསུམ་པ་ཚོགས་ཀ
324	terminal-particle	92		དེ་བཞིན་དུ་སྒྱུ་མ་མཁན་གྱི་སྤྲུལ་པ་བསད་པ་དེ་དག་ཅི་འདྲ་བར་དེ་ལྟར་གཉེན་པོའི་སྒྱུ་མ་
325	terminal-particle	70		འགྲོ་བ་ཀུན་སྤྲུལ་པ་དང་འདྲ་བ་ཡིན་ན་ཇི་ལྟར་བཅིངས་པ་དང་གྲོལ་བར་འགྱུར་ཞེས་ཟེར་ན། དེ་
326	terminal-particle	18		གང་གི་ཕྱིར་གཟུགས་ལ་སོགས་པ་ཡང་དག་པ་མ་ཡིན་ཏེ་མེད་པ་མ་ཡིན་ནོ། །
327	terminal-particle	18		རྒྱུ་གང་གིས་ཤེ་ན། ཡོད་པ་ཉིད་དུ་སྒྲུབ་པར་བྱེད་པའི་ཚད་མ་མེད་པའི་ཕྱིར་རོ། །
328	terminal-particle	50		ཇི་ལྟ་བུ་ཀུན་རྫོབ་ཡིན་ཞེ་ན། དེ་ལྟར་ཞེས་བྱ་བ་ལ་སོགས་པ་གསུངས་ཏེ། འདི་ལྟར་རིགས་པས་ཆ
329	terminal-particle	85		འོན་ཀྱང་བཅིངས་པ་དང་གྲོལ་བ་དོར་བར་བྱ་བ་དང་། བླང་བར་བྱ་བའི་སེམས་ཀྱིས་རང་བཞིན་ཆོས་ཉ
330	terminal-particle	40		བརྩེ་བ་ལ་སོགས་པ་སྒྲུབ་པར་བྱེད་པ་ནི་གང་ཟག་དམ་པ་རྣམས་ཏེ། ཉན་ཐོས་ལ་སོགས་པ་ལ་ལྟོས་ནས
331	terminal-particle	89		ཇི་སྐད་བསྟན་པ་ཉིད་ཐེག་པ་ཆེན་པོ་ཡིན་པར་ཅིའི་ཕྱིར་ཞེས་དྲི་བ་སྔོན་དུ་འགྲོ་བས་ཐེག་པ་
332	terminal-particle	11		དེ་བས་ན་འདི་ནི་ཐེག་པ་ཆེན་པོ་ཡིན་ནོ། །
333	terminal-particle	44		ཅིའི་ཕྱིར་ཞེ་ན། བྱང་ཆུབ་སེམས་དཔའི་ཐེག་པ་ནི་ཐེག་པ་ཆེན་པོ་ཞེས་བྱ་སྟེ། གང་གི་ཕྱིར་ན
334	terminal-particle	22		ཡོན་ཏན་རྣམ་པ་ཐམས་ཅད་མཐར་ཐུག་པ་ནས་གཞལ་མེད་ཁང་དང་འདྲ་བས་ན་གཞལ་མེད་ཁང་ཆེན་ནོ། །
335	line-end	22		དགའ་སྐྱིད་བདེ་བ་ཞེས་བྱ་བ་ལ་སོགས་པ་ཐམས་ཅད་སྤངས་པའི་ཕྱིར་ཟག་པ་མེད་པ་ནི་དགའ་བའོ། །
336	verse-stanza	16		ལུས་ཀྱི་བདེ་བའི་ཚོགས་ནི་སྐྱིད་པའོ། །↵བདེ་བ་ནི་སེམས་ལས་བྱུང་བ་བདེ་བའོ། །
337	terminal-particle	26		མངོན་པར་འཐོབ་བྱེད་ནི་དགའ་སྐྱིད་བདེ་བ་ལ་མངོན་པར་ཕྱོགས་ཏེ་ཐོབ་པ་ནི་བཅོམ་ལྡན་འདས་སོ
338	terminal-particle	28		ཡང་ན་ཁྱད་པར་དུ་འཕགས་པ་དེ་བས་ན་བྱང་ཆུབ་སེམས་དཔའི་ལམ་འབྲས་བུ་དང་བཅས་པ་ལ་ཐེག་པ་ཆེན་
339	terminal-particle	78		དེ་ལྟ་མོད་ཀྱི་ཕྱོགས་གཞན་དང་གཞན་དུ་འགྲོ་བའི་གནས་སྐབས་ཐོབ་པ་ཁྱད་པར་དུ་འཕགས་པའི་རྒྱ
340	terminal-particle	12		ཕྱོགས་ནི་ཤར་ཕྱོགས་ལ་སོགས་པ་དེས་ཉེ་བར་མཚོན་པའོ། །
341	terminal-particle	20		ས་དང་པོ་ལ་སོགས་པའི་གནས་སྐབས་སུ་ཕྱིན་པ་དེས་དེ་ཁོ་ན་ཉིད་དམིགས་པ་མེད་དོ། །
342	terminal-particle	65		དེ་ལྟ་ཡིན་ན་ཇི་ལྟར་མྱ་ངན་ལས་འདས་པར་འགྲོ་ཞེས་བྱ་བའི་ཐ་སྙད་འཇུག་ཅེ་ན། མྱ་ངན་ཞེས་བྱ
343	terminal-particle	60		འཇིག་རྟེན་པས་ཀྱང་རང་གི་ངོ་བོ་དགག་པ་ཙམ་ཉིད་ལ་མྱ་ངན་ལས་འདས་ཞེས་བྱ་བར་གྲགས་པར་བསྟན་
344	terminal-particle	13		ངོ་བོ་ཐོབ་པ་མེད་པའི་ཕྱིར་མ་འོངས་པ་མ་ཡིན་ནོ། །
345	terminal-particle	9		གནས་པས་ད་ལྟར་བྱུང་བ་མ་ཡིན་ནོ། །
346	terminal-particle	19		དུས་ཀྱིས་འགྱུར་བའི་བྱེ་བྲག་ཁྱད་པར་འགྱུར་བ་མི་སྲིད་དེ་ཚད་མས་གནོད་པའི་ཕྱིར་རོ། །
347	terminal-particle	22		རྒྱུ་དེས་ན་རང་གི་ངོ་བོ་ལོག་པ་ཙམ་ལ་འཇིག་རྟེན་པས་ཀྱང་མེ་ཤི་ཞེས་རྗོད་པར་བྱེད་དོ། །
348	terminal-particle	104		གལ་ཏེ་དེ་ལྟ་ན་ཐེག་པ་ཆེན་པོ་དེ་ཁོ་ན་ཉིད་ཀྱི་ཁྱད་པར་རྟོགས་པ་མེད་པའི་ཕྱིར་ཇི་ལྟར་བྱ
349	terminal-particle	56		དེ་བས་ན་དུས་གསུམ་གཅིག་དང་དུ་མ་དང་བྲལ་བའི་ཕྱིར་དག་པར་གྱུར་པ་ཡིན་ཏེ། དེ་ལྟ་བུའི་རི
350	terminal-particle	45		ཀུན་ཏུ་སེམས་ཅན་མྱ་ངན་ལས་ཟློ་བར་ནུས་ཏེ། གཞན་དུ་ན་དེ་དག་གིས་དེ་ཁོ་ན་ཉིད་ཀྱི་ཁྱད་པར
351	terminal-particle	47		དེ་ལྟ་བུ་དེ་ལས་བཟློག་པ་དེ་ཉིད་ནི་ཤེས་རབ་དང་སྙིང་རྗེ་ལ་སོགས་པ་ཚོགས་ཀྱི་སྒྲུབ་པ་ཡི
352	terminal-particle	68		ཚོགས་བསགས་པ་ལ་བཞི་པ་ངེས་པར་འབྱུང་བས་དེ་བསྟན་པའི་ཕྱིར་བྱང་ཆུབ་སེམས་ཞེས་བྱ་བ་ལ་སོག
353	terminal-particle	38		ཆེད་དུ་བྱ་བའི་ངེས་པར་འབྱུང་བའི་སྒྲུབ་པར་སྤྱོད་པར་བྱེད་ཅིང་ཆོས་རྣམས་མ་སྐྱེས་པར་རྟ
354	terminal-particle	24		བདག་དང་གཞན་དུ་མངོན་པར་ཞེན་པ་མེད་པ་ནི་སེམས་ཅན་འདུ་ཤེས་མེད་དེ་ཡོད་པའི་འདུ་ཤེས་མི་བ
355	terminal-particle	14		དེའི་ཚེ་ཤེས་རབ་དང་ཐབས་ལ་མཁས་པ་དེ་ནི་ཤེས་རབ་བོ། །
356	terminal-particle	22		དོན་ཐམས་ཅད་ཀྱི་ཆེད་དུ་བྱ་བའི་ངེས་པར་འབྱུང་བའི་སྒྲུབ་པ་ནི་ཕ་རོལ་ཏུ་ཕྱིན་པ་མཆོག་གོ
357	terminal-particle	9		གང་སྤྱོད་པ་བྱེད་ཅེས་བྱ་བའི་བར་དུའོ། །
358	terminal-particle	80		སེམས་ཅན་དུ་དམིགས་ན་ཉེས་པ་ཅི་ཞིག་ཡོད་ཅེ་ན། གལ་ཏེ་ཞེས་བྱ་བ་ལ་སོགས་པ་གསུངས་ཏེ། གལ་ཏ
359	line-end	29		དེ་བས་ན་བདག་དང་གཞན་གྱི་ཆར་ཡོངས་སུ་འཛིན་པའི་ཉེས་པ་དེ་གཉིས་ཀྱིས་ཉེས་པ་ཐམས་ཅད་འབྱུང
360	verse-stanza	20		འདི་ནི་ཤེས་རབ་ཕ་རོལ་ཕྱིན་མཆོག་སྤྱོད་མ་ཡིན། །↵ཞེས་བྱ་བ་ནི་ཚིགས་སུ་བཅད་པའི་དོན་ཏོ།
361	terminal-particle	29		ཇི་ལྟར་སྤྱད་པར་བྱ་ཞེ་ན། བདག་ཅི་ཞེས་བྱ་བ་ལ་སོགས་པ་གསུངས་ཏེ། སྐྱེ་བ་མེད་པ་དང་སྐྱེ་
362	quote-close	67		བདེན་པ་གཉིས་ཐ་དད་པར་གཉིས་ཀྱི་རང་བཞིན་དུ་མི་རྟོག་ཅིང་ཡིད་ལ་མི་བྱེད་པ་ནི་གང་གི་ཚེ་
363	terminal-particle	70		གཞན་དག་ཏུ་བྱས་ཏེ། ཀུན་རྫོབ་ཏུ་གཅིག་ཏུ་རྟོགས་པ་ཅི་འདྲ་བར་སེམས་ཅན་ཐམས་ཅད་སྒྲོ་བཏགས
364	terminal-particle	55		དེ་ལྟར་རྟོགས་པར་བྱ་བའི་དངོས་པོ་བརྟགས་པར་བསྟན་ནས། འཇིག་རྟེན་ཞེས་བྱ་བ་ལ་སོགས་པ་གསུ
365	terminal-particle	17		དེ་དག་ཀུན་ལ་སྐྱེ་བ་དང་ནི་ཡང་དག་འདས་སྤངས་ཏེ། སྤངས་པ་ནི་འགགས་པའོ། །
366	terminal-particle	13		དེ་ཉིད་སྤངས་པ་ནི་མི་གནས་པའི་མྱ་ངན་ལས་འདས་པའོ། །
367	terminal-particle	12		ཉམས་པ་མེད་པའི་རང་བཞིན་ཡིན་པའི་ཕྱིར་འཆི་མེད་དོ། །
368	terminal-particle	30		མེ་ལོང་ལྟ་བུའི་ཡེ་ཤེས་ལ་སོགས་པའི་རང་བཞིན་ཕྱིན་ཅི་ལོག་ཐམས་ཅད་སྤངས་པའི་ཕྱིར་དམ་པ་ས
369	terminal-particle	18		དེ་ལས་གཞན་གོང་ན་མེད་པའི་ཡེ་ཤེས་ཀྱི་དོན་ཐོབ་པ་ནི་དགོས་པ་ཡིན་ནོ། །
370	terminal-particle	20		ཆེད་དུ་བྱ་བ་ངེས་པར་འབྱུང་བའི་སྒྲུབ་པའི་ཤེས་རབ་ནི་མཆོག་སྟེ་ཕ་རོལ་ཏུ་ཕྱིན་པའོ། །
371	terminal-particle	23		དེ་ལྟར་གྲུབ་པ་ལ་རྣམ་པར་བཀག་ནས་ཞེས་བྱ་བའི་སྒྲ་ནི་རབ་ཏུ་གྲགས་པའི་མིང་གི་རྣམ་གྲངས་ས
372	terminal-particle	34		གྲུབ་པ་དེ་ལ་ཇི་ལྟར་འཇུག་པར་བྱ་ཞེ་ན། བྱང་ཆུབ་སེམས་དཔའ་ཞེས་བྱ་བ་ལ་སོགས་པ་གསུངས་ཏེ།
373	terminal-particle	15		མེད་པ་ནི་སྒྱུ་མ་ལྟ་བུ་ཡིན་པའི་ཕྱིར་ཡོད་པ་མ་ཡིན་ནོ། །
374	terminal-particle	28		ཆོས་རྣམས་བསྒོམ་པ་ལ་སོགས་པའི་རིམ་གྱིས་ཡོངས་སུ་ཤེས་པར་གྱུར་པ་དེ་ལྟ་བུར་གྱུར་པའི་ཆེ
375	terminal-particle	9		དོགས་མེད་ནི་ཐེ་ཚོམ་མེད་པར་བྱེད་པའོ། །
376	terminal-particle	23		དེ་ལྟར་བྱང་ཆུབ་སེམས་དཔའ་དེས་ཐབས་དང་ཤེས་རབ་དང་ལྡན་ཏེ་ཀུན་རྫོབ་དང་དོན་དམ་པ་ལ་གནས་པ
377	terminal-particle	9		ཤེས་པར་བྱས་པ་ནི་ངེས་པར་བྱས་པའོ། །
378	terminal-particle	35		ཡང་དག་པར་ཞུགས་པའི་ཕྱིར་འདི་ནི་ཤེས་རབ་སྟེ། ཇི་སྐད་བསྟན་པའི་ངེས་པར་འབྱུང་བའི་བསྒྲུ
379	line-end	17		དེ་དག་གིས་ནི་རྣམ་པ་ཐམས་ཅད་མཁྱེན་པ་ཉིད་བསྟན་ཏེ། དེ་སྐད་དུ་ཡང་།
380	verse-stanza	28		སེམས་བསྐྱེད་པ་དང་གདམས་ངག་དང་། །↵ངེས་འབྱེད་ཡན་ལག་རྣམ་བཞི་དང་། །↵སྒྲུབ་པ་ཡི་ཡང་བཞི
381	verse-stanza	20		དམིགས་པ་དག་དང་ཆེད་དང་ནི། །↵གོ་ཆ་འཇུག་པའི་བྱ་བ་དང་། །↵ཚོགས་ནི་ངེས་པར་འབྱུང་བྱས་རྣ
382	terminal-particle	12		ཐུབ་པའི་རྣམ་ཀུན་མཁྱེན་པ་ཉིད་ཅེས་གསུངས་པ་ཡིན་ནོ། །
383	terminal-particle	66		གཞུང་འདིར་ཚིགས་སུ་བཅད་པ་རྣམས་ཀྱིས་ཉེ་བར་བསྡུས་པ་ནི་གསལ་བར་མཛད་པའི་ཕྱིར་ཡིན་ཏེ། ས
384	terminal-particle	39		སྐྱེ་བོ་ཐམས་ཅད་ཀྱིས་བདེ་བར་རྟོགས་པར་བྱ་བའི་ཕྱིར་རམ། དོན་གཅིག་པར་ཤེས་པར་བྱ་བའི་ཕྱ
385	terminal-particle	28		ཡོན་ཏན་རིན་པོ་ཆེ་སྡུད་པ་ཚིགས་སུ་བཅད་པ་ལས་རྣམ་པ་ཐམས་ཅད་མཁྱེན་པ་ཉིད་ལ་འཇུག་པའི་ལེའ
386	line-end	24		རྣམ་པ་ཐམས་ཅད་མཁྱེན་པ་ཉིད་རྟོགས་པ་ནི་ལམ་ཡོངས་སུ་མ་ཤེས་པར་མ་ཡིན་པས་ལམ་ཤེས་པར་བསྟན་
387	terminal-particle	44		དེ་ལ་དང་པོ་རྟེན་ལ་སོགས་པ་བརྗོད་པར་བྱ་བའི་ཕྱིར། གང་ཞིག་ཅེས་བྱ་བ་ལ་སོགས་པ་གསུངས་ཏེ
388	terminal-particle	21		འདི་ལྟར་འོད་ཀྱིས་མོག་མོག་པོར་མཛད་པས་རྒྱུད་ལ་ཡོད་པའི་ང་རྒྱལ་བཅོམ་པ་ནི་རྟེན་ཡིན་ནོ
389	terminal-particle	18		དེས་ཡང་དག་པར་བྱང་ཆུབ་ཀྱི་སེམས་བསྐྱེད་པ་ནི་ཡུལ་སོ་སོར་ངེས་པ་ཡིན་ནོ། །
390	terminal-particle	50		འདི་ན་སྣོད་མིན་སེམས་ཅན་འགའ་ཡང་མེད། །ཅེས་གསུངས་པས་འགྲོ་བ་ཐམས་ཅད་ཀྱིས་སངས་རྒྱས་ཐོབ
391	terminal-particle	26		བསོད་ནམས་དང་ཡེ་ཤེས་ཀྱི་ཚོགས་ཡོངས་སུ་རྫོགས་པར་བྱ་བའི་ཕྱིར་ཉོན་མོངས་པ་ཐམས་ཅད་མི་སྤ
392	terminal-particle	35		ཤེས་རབ་དང་ཐབས་ལ་མཁས་པའི་སྟོབས་ཀྱིས་ཡོངས་སུ་མ་བཟུང་བའི་སེམས་ཅན་ཡོངས་སུ་བཟུང་བ་ལ་ས
393	terminal-particle	23		དབྱེ་བ་ལྔ་པོའི་དོན་མེད་ན་མི་འབྱུང་བའི་ཕྱིར་ཆོས་ཉིད་ཀྱི་སྒྲས་འཕངས་པ་ཡིན་ནོ་ཞེས་རྟ
394	terminal-particle	31		གཞན་དུ་ན་ལམ་ཤེས་པས་རྟོགས་པར་མི་རིགས་པས་དེ་ཉིད་ཀྱི་ཕྱིར་དེ་རྟོགས་པའི་ཐབས་ཡིན་པས་ད
395	terminal-particle	20		ཤེས་རབ་ཀྱི་ཕ་རོལ་ཏུ་ཕྱིན་པ་ནི་ལམ་ཤེས་པའི་རང་བཞིན་མཆོག་ལ་སྤྱོད་པ་ཡིན་ནོ། །
396	terminal-particle	115		རྟེན་ལ་སོགས་པ་བསྟན་པའི་ཤུགས་ཀྱིས་ལམ་ཤེས་པའི་དབང་དུ་བྱས་ཏེ། རང་གི་ལམ་ཐབས་ལ་མཁས་པའ
397	terminal-particle	14		ཟག་པ་དང་བཅས་པས་མཐུན་པ་མ་ཡིན་པའི་ཕྱིར་སྡུག་བསྔལ་བའོ། །
398	terminal-particle	9		བདག་དང་གཞན་གྱིས་སྟོང་པའི་ཕྱིར་སྟོང་པའོ། །
399	terminal-particle	27		རྟག་པ་ཉིད་ལ་སོགས་པ་དེ་ཉིད་ལས་བཟློག་པར་བྱ་བ་དེ་གཉིས་ནི་དོར་བར་བྱ་བ་དང་བླང་བར་བྱ་བ
400	terminal-particle	12		གཙོ་བོའི་ཕྱིར་སྡུག་བསྔལ་གྱི་བདེན་པ་བཟུང་བ་ཡིན་ནོ། །
401	terminal-particle	47		དེ་བཞིན་ཉིད་དང་དེ་བཞིན་སྟོང་ཞེས་བྱ་བ་འདིས་ནི་རབ་ཏུ་འབྱེད་པའི་སྟོབས་ཀྱིས་ལྷག་མ་བད
402	terminal-particle	30		དེ་ལ་བྱང་ཆུབ་སེམས་དཔས་ཇི་ལྟར་གོམས་པར་བྱ་ཞེ་ན། སྟོང་ཞེས་བྱ་བ་ལ་སོགས་པ་གསུངས་ཏེ། ག
403	terminal-particle	80		འདིར་རྟག་པ་ལ་སོགས་པའི་ཆོས་ཀྱི་གཉེན་པོ་མི་རྟག་པ་ལ་སོགས་པའི་རྣམ་པའི་བདེན་པ་བཞིའི་ད
404	terminal-particle	22		དེ་བས་ན་སྟོང་པ་ཉིད་ཀྱི་བདེན་པས་སྤྱིར་འབྲས་བུ་ཅུང་ཟད་གང་ཐོབ་པ་ལ་ཡང་མི་གནས་སོ། །
405	terminal-particle	46		དེ་ཉིད་ཀྱི་ཕྱིར་དབང་པོ་རྟུལ་པོ་དང་འབྲིང་དང་རྣོན་པོ་ལ་མི་རྟག་པ་ལ་སོགས་པའི་རྣམ་པ་བ
406	terminal-particle	80		ཁྱད་པར་ཉན་ཐོས་དང་། རང་སངས་རྒྱས་དང་། དེ་བཞིན་གཤེགས་པའི་སར་མི་གནས་ཤིང་རྣམ་པ་ཐམས་ཅད
407	terminal-particle	70		བདེན་པ་ཡོངས་སུ་ཤེས་པའི་སྔོན་དུ་ངེས་པར་འབྱེད་པའི་ཆ་ཡོངས་སུ་ཤེས་པ་འགྲོ་བས་ངེས་པར་འ
408	terminal-particle	31		དེ་བཞིན་དུ་འདོད་པའི་ཁམས་ལ་སོགས་པའི་འདུས་བྱས་ལ་ཡང་མི་གནས་ཤིང་། དེ་བས་ན་དེ་ལ་ཇི་ལྟ
409	terminal-particle	33		དེ་ཉིད་ཀྱི་ཕྱིར་ཇི་སྐད་བསྟན་པའི་རྣམ་པར་བསྒོམས་པས་ངེས་པར་འབྱེད་པ་ཡོངས་སུ་ཤེས་པ་གན
410	terminal-particle	17		གང་གི་ཕྱིར་གནས་མེད་གནས་ཡིན་འདི་ནི་རྒྱལ་བ་དེ་བཞིན་གཤེགས་པས་གསུངས་སོ། །
411	terminal-particle	80		ཉན་ཐོས་ཀྱི་ལམ་གྱི་རྗེས་ལ་རང་སངས་རྒྱས་རྣམས་ཀྱི་ལམ་བརྗོད་པར་རིགས་མོད་ཀྱི། ཉན་ཐོས་ལ
412	terminal-particle	42		དེ་བཞིན་དུ་ཤེས་བྱའི་སྒྲིབ་པའི་ཕྱོགས་གཅིག་གཟུང་བའི་རྣམ་པར་རྟོག་པ་སྤངས་པ་དང་། སྒྲ་
413	terminal-particle	29		གཞན་དུ་ན་ཁྱད་པར་དུ་འཕགས་པ་མེད་ན་ལམ་ལ་ཁྱད་པར་ཡོད་པར་མི་རིགས་པའི་ཕྱིར་ཤུགས་ཀྱིས་འཕ
414	terminal-particle	57		དེ་བས་ན་ཁྱད་པར་དུ་འཕགས་པའི་ལམ་ཁྱད་པར་ཅན་རང་སངས་རྒྱས་ཀྱི་ལམ་བསྟན་པའི་ཕྱིར་གང་དག་ཅ
415	terminal-particle	12		དེ་བཞིན་དུ་འཁོར་བའི་རྒྱ་མཚོར་ནུབ་པའི་སྐྱེ་བོས་སོ། །
416	terminal-particle	13		གང་གི་ཕྱིར་མི་ལྡོག་པའི་ཕྱིར་བདེ་གཤེགས་ནི་ཉན་ཐོས་སོ། །
417	terminal-particle	16		རང་སངས་རྒྱས་དང་དེ་བཞིན་ཆོས་རྒྱལ་འགྱུར་འདོད་པ་ནི་མངོན་པར་འདོད་པའོ། །
418	terminal-particle	18		དེས་ན་འདི་ལ་ནི་ལམ་ཤེས་པ་སྟེ་ལམ་ཐམས་ཅད་དུ་ཡུལ་ཡིན་པའི་ཕྱིར་རོ། །
419	terminal-particle	39		ཆོས་ལ་རྟོགས་པའི་བཟོད་པ་འདི་ལ་མ་བརྟེན་པར་སངས་རྒྱས་ཐོབ་པར་མི་ནུས་ཏེ། མངོན་པར་འདོད་
420	terminal-particle	25		འདིས་གཞི་ཁྱབ་པའི་དོན་དུ་བསྟན་པ་འདིས་ནི་རང་སངས་རྒྱས་ཀྱི་ལམ་གྱི་དབང་དུ་བྱས་པ་དེ་བས
421	terminal-particle	44		གཟུང་བར་རྟོག་པ་འབའ་ཞིག་སྔངས་པའི་རང་སངས་རྒྱས་ཀྱི་ལམ་གང་གིས་ཁྱད་པར་དུ་འཕགས་པ་དེའི་
422	terminal-particle	12		གཟུང་བ་མེད་པས་དེ་འཛིན་མེད་ཅེས་བསྟན་པའི་ཕྱིར་རོ། །
423	terminal-particle	148		འཛིན་པའི་རྣམ་པར་རྟོག་པ་ཅི་འདྲ་བས་ཆོས་འཛིན་པ་རང་སངས་རྒྱས་སུ་རྟོགས་ཤེ་ན། ཆོས་འཆད་པ
424	terminal-particle	103		གང་གི་ཕྱིར་རང་སངས་རྒྱས་གང་གིས་གཞན་ལ་འཆད་པ་ཉེ་བར་མཚོན་པ་ཡིན་པའི་ཕྱིར་མི་འཆད་པ་ཡང་
425	terminal-particle	27		དེ་བས་ན་འཛིན་པའི་རྣམ་པར་རྟོག་པ་མ་སྤངས་པའི་རིགས་པ། འདིས་ཡང་རང་སངས་རྒྱས་ཀྱི་ལམ་གྱི
426	terminal-particle	59		རྣམ་པ་གང་གིས་ཆོས་སྒྱུ་མ་ལྟ་བུར་བསྟན་པ་ནི་རང་བཞིན་བཀག་ནས་དེ་ཁོ་ན་ཉིད་དུ་ཡོད་པར་རྟ
427	terminal-particle	19		ཚོགས་ན་སྤྱོད་པ་དང་། བསེ་རུ་ལྟ་བུ་འང་རང་སངས་རྒྱས་སུ་མཚུངས་པས་རྐྱེན་རྒྱལ་ལོ། །
428	terminal-particle	22		ལོངས་སྤྱོད་རྫོགས་པ་དང་། སྤྲུལ་པའི་སྐུ་གཉིས་པོ་དག་གིས་འཇིག་རྟེན་མགོན་གྱི་དབྱེ་བ་ར
429	terminal-particle	43		རིམ་པ་ཇི་ལྟ་བ་བཞིན་དུ་དོན་དུ་སྦྱོར་བས་མཁས་པ་དང་གསལ་བ་སྟེ། ཕུལ་དུ་བྱུང་བའི་ཤེས་རབ
430	terminal-particle	33		ཡང་གང་གིས་ཆོས་ཀྱི་སྐུ་ཐོབ་པ་ནི་མྱ་ངན་ལས་འདས་པ་སྟེ། རིམ་པ་ཇི་ལྟ་བ་བཞིན་དུ་རང་དང་ག
431	terminal-particle	22		ཡང་ན་མཁས་པ་རྣམས་ཀྱི་ནང་ནས་ཤེས་རབ་ཕུལ་ཏུ་བྱུང་བ་ཕུན་སུམ་ཚོགས་པ་ནི་མཁས་རིག་གོ། །
432	terminal-particle	81		ཡང་དག་པར་རྫོགས་པའི་སངས་རྒྱས་མངོན་དུ་བྱེད་པ་དེ་དག་ཐམས་ཅད་ནི་འདས་མ་ཐག་ཏུ་བསྟན་པའི་
433	terminal-particle	32		གང་གི་བརྡ་ཅུང་ཟད་གྲུབ་པས་དོན་མ་གྲུབ་པ་སྒྲུབ་པར་བྱེད་པའི་དཔེ་སྒྱུ་མ་ལྟ་བུ་བསྟན་པས
434	terminal-particle	60		ཅི་འདྲ་བ་ལ་མཁས་པའི་གང་ཟག་རང་སངས་རྒྱས་ཀྱི་ཐེག་པའི་སྣོད་དུ་འགྱུར་བ་བསྟན་པའི་ཕྱིར། 
435	terminal-particle	32		དང་པོར་ངེས་པར་འབྱེད་པའི་ཆ་དང་མཐུན་པ་ཐོབ་པ་ཉིད་ཀྱིས་རང་སངས་རྒྱས་ཀྱི་བྱང་ཆུབ་ཐོབ་པ
436	terminal-particle	62		ཐམས་ཅད་ཀྱིས་མཆོད་པར་འོས་པས་ན་དགྲ་བཅོམ་པ་སྟེ། །མཐོང་བའི་ལམ་ལ་སོགས་པ་དེ་ཉིད་ཀྱིས་བ
437	terminal-particle	12		དགེ་བའི་བཤེས་གཉེན་གྱིས་ཡོངས་སུ་བཟུང་བ་ནི་བཞི་པའོ། །
438	terminal-particle	22		གང་ཟག་བཞི་པོ་དེ་དག་རང་སངས་རྒྱས་ཀྱི་རིགས་ཅན་ཡིན་པའི་ཕྱིར་འདི་ལ་སྐྲག་པར་མི་འགྱུར་ར
439	terminal-particle	6		དེ་དག་གི་རྟེན་བསྟན་ཏོ། །
440	terminal-particle	59		ཇི་ལྟར་རང་སངས་རྒྱས་ཀྱི་ལམ་བྱང་ཆུབ་སེམས་དཔས་གོམས་པར་བྱ་བ་བསྟན་པའི་ཕྱིར། བྱང་ཆུབ་ས
441	terminal-particle	9		ཉོན་མོངས་པ་སྤོང་བ་ཡང་དེ་བཞིན་ནོ། །
442	terminal-particle	65		ཤེས་རབ་འབྲིང་གི་སྟོབས་ཀྱིས་ཆོས་ཉིད་ལྷག་པ་མཐོང་བ་ཉིད་ཇི་སྐད་བསྟན་པས་ཁྱད་པར་དུ་འཕག
443	terminal-particle	36		དེ་ལྟར་མི་དམིགས་པས་རང་སངས་རྒྱས་ཀྱི་ཐེག་པ་ལ་སྤྱོད་པ་ནི་བྱང་ཆུབ་སེམས་དཔའ་མཁས་རིག་ས
444	terminal-particle	37		ཐམས་ཅད་མཁྱེན་པ་ཉིད་ཆེད་དུ་སངས་རྒྱས་ལ་དམིགས་ནས་དེའི་ཐབས་བདག་མེད་པ་ལ་གོམས་པར་བྱེད་
445	terminal-particle	25		གང་ཞིག་མི་སློབ་པ་ནི་ཤེས་རབ་དང་ཐབས་ལ་མཁས་པའི་སྟོབས་ཀྱིས་ཡོངས་སུ་བཟུང་བས་གོ་རིམས་བ
446	terminal-particle	22		དེ་ཉིད་ཀྱི་ཕྱིར་ཕྱིན་ཅི་མ་ལོག་པར་རྟོགས་པ་ནི་དེ་སློབ་པ་ཡིན་ནོ་ཞེས་བྱ་བའི་དོན་ཏོ། 
447	terminal-particle	59		ངེས་པར་འབྱེད་པའི་ཆ་ཡོངས་སུ་ཤེས་པ་དེས་ཇི་སྐད་བསྟན་པའི་རང་སངས་རྒྱས་ཀྱི་ལམ་ཡོངས་སུ་
448	terminal-particle	5		འཕེལ་བ་ནི་བསགས་པའོ། །
449	terminal-particle	9		ཡོངས་སུ་ཉམས་པ་ནི་བསགས་པ་མེད་པའོ། །
450	terminal-particle	13		ཡོངས་སུ་བཟུང་བ་ནི་རྟེན་པར་བྱེད་ཅེས་བྱ་བའི་བར་དུའོ། །
451	terminal-particle	21		ཇི་སྐད་བསྟན་པ་བསྒོམས་པས་ངེས་པར་འབྱེད་པ་ཡོངས་སུ་ཤེས་པ་ནི་སློབ་པ་སྟེ། འཇུག་པར་བྱེད
452	terminal-particle	86		གང་ལ་བྱང་ཆུབ་སེམས་དཔའ་ནི་མི་སློབ་ཅིང་འདོར་བར་བྱེད་དེ། ཉེ་བར་ལེན་པའི་ཕུང་པོ་ལྔ་པོ
453	terminal-particle	12		དེ་ལྟ་བུས་ངེས་པར་འབྱུང་ངོ་ཞེས་བསྟན་པར་འགྱུར་རོ། །
454	terminal-particle	30		དེ་ལྟ་བུ་ལ་འདིར་སློབ་སྟེ་གོམས་པ་ཞེས་པས་བཅོམ་ལྡན་འདས་རྣམ་པ་ཐམས་ཅད་མཁྱེན་པ་ཉིད་དེ།
455	terminal-particle	87		ལྷག་མ་ཉོན་མོངས་པ་སྤོང་བ་ནི་སྔར་བསྟན་པའི་ལམ་གྱི་ངོ་བོ་ལ་མངོན་དུ་ཕྱོགས་པས་ཡང་དང་ཡང
456	terminal-particle	96		ཇི་ལྟ་བུར་གྱུར་པའི་རྒྱལ་བའི་སྲས་ཀྱིས་མཐོང་བའི་ལམ་ཐོབ་པའི་སྟོབས་ཀྱིས་རང་གི་ལམ་ལ་ད
457	terminal-particle	17		གཟུགས་ལ་ཤེས་རབ་མེད་དེ། རྣམ་པར་ཤེས་པ་ལ་སོགས་པ་ཡང་ཤེས་རབ་མེད་དོ། །
458	terminal-particle	7		ཤེས་རབ་ལ་ཡང་དེ་བཞིན་ནོ། །
459	terminal-particle	50		འོན་ཀྱང་ནམ་མཁའི་ཁམས་དང་མཚུངས་པར་དེ་དག་གིས་སྟོང་སྟེ། གཟུགས་ལ་སོགས་པ་རིགས་པས་མ་བསྐ
460	line-end	3		དེ་སྐད་དུ།
461	verse-stanza	26		ཆ་ཤས་སྒྲོ་འདོགས་ཇི་སྙེད་པ། །↵དེ་བསལ་ཕྱིར་ན་ངེས་པ་དང་། །↵སྒྲ་ཡང་དེ་སྙེད་ཁོ་ན་དེས།
462	terminal-particle	5		ཞེས་གསུངས་པ་ཡིན་ནོ། །
463	terminal-particle	44		དེ་ལྟར་བསྒོམས་པས་མཐོང་བའི་ལམ་འཇིག་རྟེན་པའི་ཆོས་ཀྱི་མཆོག་གི་རྗེས་ཐོགས་ལ་མི་དམིགས་
464	terminal-particle	49		དེ་ལྟར་ན་འཕགས་པའི་བདེན་པ་བཞིའི་རྣམ་པའི་བྱེ་བྲག་གིས་རིམ་པ་བཞིན་བསྒོམ་པར་གྲགས་པ་ཇི
465	terminal-particle	34		དངོས་པོ་ཐམས་ཅད་འབྱུང་བའི་རྒྱུ་ཡིན་པའི་ཕྱིར་དངོས་པོར་མངོན་པར་ཞེན་པ་སྤང་བར་བྱ་བ་ཡི
466	terminal-particle	18		མངོན་སུམ་དུ་བྱ་བ་ཡིན་པས་ན་འགོག་པའི་བདེན་པ་སྟེ་ནམ་མཁའི་ཁམས་ཀྱིས་སོ། །
467	terminal-particle	23		ཡོན་ཏན་ཐམས་ཅད་འབྱུང་བའི་ཕྱིར་ཆོས་རྣམ་པར་འབྱེད་པ་ནི་ལམ་གྱི་བདེན་པ་ཡིན་པས་ཤེས་རབ་ཀ
468	line-end	19		ཕ་མཐའ་མེད་ནི་སྔོན་དང་ཕྱི་མའི་མཐའ་དང་རྒྱུ་དང་འབྲས་བུ་ཞེས་བྱ་བའི་བར་དུའོ། །
469	verse-stanza	20		ཡོངས་སུ་རྫོགས་པར་ཡོད་པའི་དུས་ནི་ཕ་རོལ་ལོ། །↵ཕ་མཐའ་མེད་ནི་སྒྱུ་མ་ལྟ་བུར་མེད་པའོ། 
470	terminal-particle	26		གང་ལ་རང་བཞིན་ཡོད་པ་ནི་རང་བཞིན་ཏེ། དེ་ནི་ཕ་མཐའ་མེད་དེ། རྒྱུ་དང་འབྲས་བུའི་རང་བཞིན་
471	terminal-particle	25		འདིས་འགྲོ་བའི་རང་བཞིན་མཁྱེན་པའི་ཕྱིར་འཇིག་རྟེན་མཁྱེན་པ་སྟེ། དེ་བཞིན་གཤེགས་པ་རྣམས
472	terminal-particle	20		དེ་དག་གི་རང་བཞིན་གང་ལ་ཡོད་པ་དེ་ནི་གང་གི་ཕྱིར་རིགས་པས་ཕ་མཐའ་མེད་པའོ། །
473	terminal-particle	74		དེ་བས་ན་རྟེན་ཅིང་འབྲེལ་པར་འབྱུང་བར་སྨྲ་བའི་ཕྱོགས་བདག་མེད་པའི་རྣམ་པ་གཅིག་གིས་ཆོས་
474	line-end	37		དངོས་པོར་སྨྲ་བའི་ཕྱོགས་ལ་ཅིའི་ཕྱིར་མི་རྟེན་ཅེ་ན། འདུ་ཤེས་ཞེས་བྱ་བ་ལ་སོགས་པ་གསུངས
475	verse-stanza	25		འདི་དག་ཐམས་ཅད་མིང་ཙམ་སྟེ། །↵འདུ་ཤེས་ཙམ་ལ་རབ་ཏུ་གནས། །↵བརྗོད་པ་ལས་ནི་གཞན་གྱུར་པ། 
476	line-end	5		ཞེས་གསུངས་པའི་ཕྱིར་རོ། །
477	verse-stanza	20		འདྲེན་པ་སྟེ་འགྲོ་བའི་བླ་མས་བཏགས་པ་ཙམ་དུའོ། །↵ཙམ་གྱི་སྒྲས་རྣམ་པ་གཞན་གཅོད་པར་བྱེད་
478	terminal-particle	7		མིང་ཙམ་དུ་ཡོངས་སུ་བསྒྲགས་སོ། །
479	terminal-particle	50		དེ་བས་ན་མིང་བཏགས་པ་ཡིན་པར་ཤེས་ནས་བདག་མེད་པའི་རྣམ་པ་བསྒོམས་པས་གང་ཞིག་མཐོང་བའི་ལམ་
480	terminal-particle	90		ཐོབ་པར་བྱ་བའི་དངོས་པོ་ཐོབ་པ་ནི་རྣམ་པར་གྲོལ་བའི་ལམ་གྱི་སྟོབས་ཀྱིས་ཡིན་ཏེ། ཡེ་ཤེས་
481	terminal-particle	111		དོན་དམ་པར་བསྒོམ་པ་རྒྱུ་དང་བཅས་པ་ཡོད་པའི་ཕྱིར་ཕྱིན་ཅི་ལོག་གི་རང་བཞིན་ཡོད་དོ་ཞེ་ན།
482	terminal-particle	62		གཞན་གང་ལས་རྒྱུར་གྱུར་པ་དེ་སྒྲུབ་པར་བྱེད་པའི་ཚད་མ་མེད་པའི་ཕྱིར་ཡོད་པ་སྐྱེ་བར་ག་ལ་
483	terminal-particle	30		སྤྱོད་པ་ནི་བདག་མེད་པའི་རྣམ་པ་གཅིག་པའི་ཆོས་ཐམས་ཅད་ཁྱད་པར་དང་བྲལ་བ་ལ་རྗེས་སུ་གནས་ཤ
484	quote-close	106		དེ་ལྟ་བུར་གྱུར་པ་ཉིད་ཀྱིས་མཐོང་བའི་ལམ་བསྒོམ་པ་ནི་སྔོན་གྱི་དེ་བཞིན་གཤེགས་པས་ལུང་བ
485	terminal-particle	19		ཕན་པ་དང་བདེ་བ་དང་མཐུན་པའི་ཕྱིར་མཐུན་པར་སྨྲ་བར་གྱུར་པར་རྒྱལ་བས་གསུངས་སོ། །
486	terminal-particle	33		རྣམ་པ་ཐམས་ཅད་མཁྱེན་པ་ཉིད་དུ་བསྟན་པའི་མཐོང་བའི་ལམ་ལ་སོགས་པའི་ལམ་སྔར་བསྟན་པའི་རིགས
487	terminal-particle	16		དེར་བསྟན་པའི་ངེས་པར་འབྱེད་པ་མཐོང་བའི་ལམ་འདིའི་ཡིན་པར་གཟུང་བར་བྱའོ། །
488	line-end	21		ཡོན་ཏན་རིན་པོ་ཆེ་སྡུད་པ་ཚིགས་སུ་བཅད་པ་ལས་བརྒྱ་བྱིན་གྱི་ལེའུ་སྟེ་གཉིས་པའི་བཤད་པའོ
489	line-end	100		མཐོང་བའི་ལམ་གྱི་རྗེས་ལ་བསྒོམ་པའི་ལམ་བརྗོད་པར་བྱ་བ་ཡིན་མོད་ཀྱི། བརྗོད་པར་བྱ་བ་ཉུང
490	verse-stanza	18		འཇམ་དཔལ་ལ་སོགས་པའི་བྱང་ཆུབ་སེམས་དཔའོ། །↵འདི་ལ་གང་ཞིག་རྟག་ཏུ་ནི་ཐམས་ཅད་དུའོ། །
491	terminal-particle	24		གཞུང་དང་དོན་འཛིན་པ་དང་། ཐོས་པ་དང་། བསམས་པ་དང་བསྒོམས་པའི་རང་བཞིན་གྱི་ཤེས་རབ་ནི་ཆུ
492	terminal-particle	17		ཆོས་ཉིད་འཇིག་པར་བྱེད་པས་དངོས་པོར་མངོན་པར་ཞེན་པར་བྱེད་པ་ནི་དུག་གོ། །
493	terminal-particle	11		སྲེག་པའི་བདག་ཉིད་ཡིན་པའི་ཕྱིར་འདོད་ཆགས་ནི་མེའོ། །
494	terminal-particle	25		ཟུག་རྔུའི་བདག་ཉིད་ཡིན་པའི་ཕྱིར་མཚོན་ནི་ཞེ་སྡང་ངོ་། །གཏི་མུག་གིས་གྲང་བ་དང་དྲོ་བ་མ
495	terminal-particle	19		མི་ཚུགས་པ་ནི་བསྒོམ་པའི་ལམ་གྱིས་ཤིན་ཏུ་མཉམ་པར་བྱས་ནས་ཀུན་ཏུ་མི་སྤྱོད་པའོ། །
496	terminal-particle	21		རྣམ་པ་གཞན་ཡང་རིགས་པས་ཕྱིའི་ཡང་དུག་ལ་སོགས་པས་མི་ཚུགས་ཤིང་མི་ནུས་པར་རྟོགས་པར་བྱའོ།
497	terminal-particle	14		དེ་བཞིན་དུ་བདུད་དང་བདུད་ཀྱི་སྡེ་ནི་དེའི་འཁོར་ཏེ་ཕྱོགས་སོ། །
498	terminal-particle	22		བདུད་ཀྱི་གླགས་ཏེ་ཉེས་པ་དང་བུག་པ་མི་རྙེད་དེ། གང་གི་སྐབས་བཟུང་བས་ཀྱང་གནོད་པར་མི་འག
499	terminal-particle	32		བྱེད་པའི་རྗེས་ལ་བསྒོམ་པའི་ལམ་བརྗོད་པར་བྱ་བ་ཡིན་པས་དེ་ཡང་ཟག་པ་དང་བཅས་པ་དང་། ཟག་པ་
500	terminal-particle	34		དེ་ལ་ཟག་པ་དང་བཅས་པ་ཡང་མོས་པ་དང་། ཡོངས་སུ་བསྔོ་བ་དང་། རྗེས་སུ་ཡི་རང་བ་ཡིད་ལ་བྱེད་
501	terminal-particle	20		ཟག་པ་མེད་པ་ཡང་སྒྲུབ་པ་དང་། རྣམ་པར་དག་པའི་དབྱེ་བས་རྣམ་པ་གཉིས་སུ་འགྱུར་རོ། །
502	terminal-particle	99		དེ་ལ་དང་པོ་མོས་པ་ཡིད་ལ་བྱེད་པ་ཟག་པ་དང་བཅས་པ་ནི་ཡང་དགེ་བའི་ཆོས་རྣམས་མངོན་པར་འདུ་བ
503	terminal-particle	38		དེ་ཡང་རང་གི་དོན་དང་། རང་དང་གཞན་གྱི་དོན་དང་། གཞན་གྱི་དོན་དང་གསུམ་ལས་ངའོ་སྙམ་པའི་ང
504	terminal-particle	133		དེ་བསྟན་པའི་ཕྱིར་ལ་ལས་ཞེས་བྱ་བ་ལ་སོགས་པ་གསུངས་ཏེ། མྱ་ངན་ལས་འདས་པས་འདུལ་བའི་སེམས་
505	terminal-particle	26		རིམ་པ་དེ་བཞིན་དུ་སེམས་ཅན་ཇི་སྙེད་པས། ཞིང་བྱེ་བ་མཐའ་ཡས་པར་ཡོངས་སུ་རྟག་པར་བཟུང་ནས་
506	terminal-particle	145		མཆོད་རྟེན་དེ་སྙེད་བྱས་ཏེ། དེ་དག་ཐམས་ཅད་ཀྱིས་མཆོད་པ་བྱེད་པ་ལས་གཞན་མི་བྱེད་པར་ལྷའི
507	terminal-particle	56		རྣལ་མའི་དོན་ཉེ་བར་བསྡུ་བའི་ཕྱིར། མཆོད་རྟེན་བྱས་ཞེས་བྱ་བ་ལ་སོགས་པ་གསུངས་ཏེ། སྔར་བ
508	terminal-particle	31		དེ་ལྟ་བས་ན་ཤེས་རབ་ཀྱི་ཕ་རོལ་ཏུ་ཕྱིན་པ་ལ་དེ་བཞིན་དུ་རང་གི་དོན་འདོད་པས་མོས་པ་བསྐྱེ
509	terminal-particle	46		དེའི་རྗེས་ལ་བདག་དང་གཞན་མཉམ་པའི་ཕྱིར་བདག་དང་གཞན་གྱི་དོན་དུ་མོས་པ་ཡིན་ཏེ། དེ་བསྟན་
510	terminal-particle	10		གང་བསྟན་པ་མ་བྱུང་བའི་ཕྱིར་མ་འོངས་པའོ། །
511	terminal-particle	43		གང་ཡང་བསྟན་པ་གནས་པ་ནི་འཇིག་རྟེན་མགོན་ཏེ། དེ་དག་ཐམས་ཅད་ཀྱིས་རིག་སྔགས་ཆེན་མོ་འདི་ལ
512	terminal-particle	11		བླ་ན་མེད་པའི་རིག་སྔགས་ཀྱིས་འདྲེན་པར་གྱུར་ཏོ། །
513	terminal-particle	2		འགྱུར་རོ། །
514	terminal-particle	23		གྱུར་པ་དེ་བས་ན་ཤེས་རབ་ཀྱི་ཕ་རོལ་ཏུ་ཕྱིན་པ་འདི་ནི་བཅོམ་ལྡན་འདས་ཞེས་བྱ་བར་འབྲེལ་ཏོ
515	terminal-particle	14		མྱ་ངན་ནི་སྡུག་པ་དང་བྲལ་བ་ལ་སོགས་པས་སེམས་གདུངས་པའོ། །
516	terminal-particle	11		སྡུག་བསྔལ་ནི་བཟོད་པར་དཀའ་བ་ལུས་ཀྱི་ཚོར་བའོ། །
517	terminal-particle	12		ཆོས་ནི་ནད་ཀྱིས་ངག་འཆོལ་བའོ་ཞེས་བྱེད་ན་གསལ་བའོ། །
518	terminal-particle	20		སེམས་ཅན་ཁམས་མང་ནི་འགྲོ་བ་མ་ལུས་པ་སངས་རྒྱས་ཐོབ་པར་བྱེད་ཅེས་བྱ་བའི་བར་དུའོ། །
519	terminal-particle	61		གལ་ཏེ་དེ་བཞིན་གཤེགས་པ་ཁོ་ན་བསྐྱེད་པའི་དོན་བྱེད་ན་བྱང་ཆུབ་སེམས་དཔའ་མ་ཡིན་ནོ་ཞེས། 
520	terminal-particle	20		དེ་དག་གིས་ཀྱང་རིག་སྔགས་འདི་ལ་བསླབས་ནས་མཁས་པ་ཐོབ་པ་སྟེ་བྱང་ཆུབ་ལ་རེག་གོ། །
521	terminal-particle	15		གང་ཡིན་པའི་བདེ་བ་འདུས་བྱས་པ་ནི་ལྷ་ལ་སོགས་པ་རྣམས་ཀྱིའོ། །
522	terminal-particle	11		འདུས་མ་བྱས་ཀྱི་བདེ་བ་ནི་ཉན་ཐོས་རྣམས་ཀྱིའོ། །
523	terminal-particle	7		དེ་ཀུན་འདི་ལས་འབྱུང་བས་མའོ། །
524	terminal-particle	11		བདེ་བ་དེ་ཀུན་འདི་ལས་འབྱུང་བར་རིག་པར་བྱའོ། །
525	terminal-particle	13		དེ་བས་ན་དེ་དག་གི་དོན་བྱེད་པར་བསྟན་པར་འགྱུར་རོ། །
526	terminal-particle	72		ཡང་ཇི་ལྟར་གཅིག་གིས་དུ་མའི་ངོ་བོ་བྱེད་ཅེ་ན། ས་བོན་ཞེས་བྱ་བ་ལ་སོགས་པ་གསུངས་ཏེ། སྦུ
527	terminal-particle	32		དཔེ་དེ་བཞིན་དུ་ལྷན་ཅིག་བྱེད་པའི་བྱེ་བྲག་གི་དབྱེ་བས་དེ་བཞིན་དུ་གཅིག་གིས་ཀྱང་རྒྱལ་
528	terminal-particle	69		སངས་རྒྱས་དེ་དག་གི་ཡང་བྱམས་པ་ལ་སོགས་པ་དང་པོའི་རྒྱུ་ཉིད་མ་ཡིན་ནམ་ཇི་ལྟར་ཡུམ་གཅིག་ག
529	terminal-particle	66		ཁྱད་པར་དུ་ནི་ཕ་རོལ་ཏུ་ཕྱིན་པ་ལྔ་པོ་སྦྱིན་པ་ལ་སོགས་པའི་ཆོས་ཇི་སྙེད་པ་གང་གི་ཕྱིར་ད
530	line-end	30		དེ་དག་གི་ཡང་རྗེས་སུ་འབྲང་བ་མ་ཡིན་ནམ་གང་གི་ཕྱིར་དེ་སྐད་སྨྲ་ཞེ་ན། འཁོར་ལོ་ཞེས་བྱ་བ
531	verse-stanza	20		གསེར་དངུལ་ཟངས་ལྕགས་འཁོར་ལོ་ཅན། །↵དེ་དག་གླིང་གཅིག་གླིང་གཉིས་དང་། །↵གསུམ་དང་བཞི་ལ་
532	terminal-particle	64		ཞེས་གསུངས་པའི་འཁོར་ལོས་སྒྱུར་བ་བཞི་ལས་གང་ཡང་རུང་བ་ལ་རྒྱལ་པོ་གཞན་ཡང་འཁོར་ལོས་སྒྱུ
533	terminal-particle	67		གང་དེ་བཞིན་དུ་ཕྱིན་ཅི་མ་ལོག་པའི་རང་བཞིན་གྱི་ལམ་ཤེས་རབ་ཀྱི་ཕ་རོལ་ཏུ་ཕྱིན་པ་རྒྱལ་བ
534	terminal-particle	29		ཡང་དག་པ་ལ་མངོན་དུ་ཕྱོགས་པ་བསྐྱེད་དེ། དེ་བས་ན་ཕྱིན་ཅི་མ་ལོག་པའི་ཤེས་པ་སྔོན་དུ་འགྲ
535	terminal-particle	18		ཡུལ་ནི་གང་ཅུང་ཟད་ཅིག་གི་རྗེས་སུ་མི་འགྲོ་སྟེ། སྐྱེད་པར་མི་བྱེད་པའི་ཕྱིར་རོ། །
536	terminal-particle	27		དེ་བས་ན་རྣམ་པ་ཐམས་ཅད་དུ་རང་དང་གཞན་གྱི་དོན་འདོད་པས་ཡུམ་ལ་འདོད་པ་བསྐྱེད་པར་བྱའོ་ཞེ
537	line-end	39		ཡོན་ཏན་རིན་པོ་ཆེ་སྡུད་པ་ཚིགས་སུ་བཅད་པ་ལས་ཕ་རོལ་ཏུ་ཕྱིན་པས་དཔག་ཏུ་མེད་པའི་ཕན་ཡོན་
538	quote-open	42		དེ་ནས་དེའི་རྗེས་ལ་བདག་གི་རང་བཞིན་དུ་འགྲོ་བ་རྣམས་བྱས་པའི་ཕྱིར་གཞན་གྱི་དོན་དུ་མོས་
539	terminal-particle	74		ཀཽ་ཤི་ཀ་ཁྱོད་ཆ་གང་ལེན་ཞེས་རྒྱལ་བས་དྲི་བ་རྨས་པ་དང་། གང་གི་རྒྱལ་བའི་སྐུ་གདུང་གིས་ད
540	terminal-particle	104		དེ་བཞིན་གཤེགས་པའི་སྐུ་གདུང་ལེན་པ་ལ་མ་གུས་པ་གང་གི་རྒྱུ་ཡིན་ཞེ་ན། ལན་དུ་ཅི་སླད་ཅེས
541	terminal-particle	52		དེ་ལྟ་བས་ན་ཤེས་རབ་ཀྱི་ཕ་རོལ་ཏུ་ཕྱིན་པས་ཡོངས་སུ་བསྒོས་ཏེ། བདག་ཉིད་ཆེན་པོའི་རྣལ་འབ
542	terminal-particle	84		གལ་ཏེ་དེ་ལྟ་ཡིན་ན་བཅོམ་ལྡན་འདས་མྱ་ངན་ལས་འདས་པས་རྟེན་མེད་པའི་ཕྱིར་མི་མཆོད་དོ་སྙམ་
543	terminal-particle	22		གབ་ཙེ་གང་དུ་སྦས་པའི་གབ་ཙེ་དེ་ལ་ནོར་བུ་རིན་པོ་ཆེ་དེའི་མཐུས་ཕྱག་བགྱི་བར་འོས་སོ། །
544	terminal-particle	62		དེ་གབ་ཙེ་ལས་ཕྱུང་བར་གྱུར་པ་དེ་ནི་རིན་པོ་ཆེ་སྟོན་པའི་གབ་ཙེ་ལས་རེག་པར་དགའ་བ་དང་ལྟ་
545	terminal-particle	69		དེ་བཞིན་དུ་དེ་དང་འདྲ་བར་ཤེས་རབ་ཕ་རོལ་ཕྱིན་མཆོག་ཡོན་ཏན་གྱིས་བཅོམ་ལྡན་འདས་མྱ་ངན་ལས
546	terminal-particle	66		དེ་ལྟ་བས་ན་གང་ཞིག་རྒྱལ་བའི་ཡོན་ཏན་གཞན་གྱི་དོན་ལ་མོས་པ་ཡོངས་སུ་འཛིན་པར་འཚལ་བ་དེས་
547	terminal-particle	110		དེ་དག་གིས་གཞན་གྱི་དོན་ལ་མོས་པ་བསྟན་ནས། ཅི་སྟེ་སྦྱིན་པ་ལ་སོགས་པའི་ཕ་རོལ་ཏུ་ཕྱིན་པ
548	terminal-particle	11		སྔར་བཤད་པའི་ཡང་གི་སྒྲ་འདིར་ཡང་སྦྱར་བར་བྱའོ། །
549	terminal-particle	8		དགེ་ཆོས་ནི་སྦྱིན་པ་ལ་སོགས་པའོ། །
550	terminal-particle	22		ཆུད་མི་གསོན་པ་ནི་ཉན་ཐོས་ལ་སོགས་པའི་བྱང་ཆུབ་ཏུ་མི་བསྔོ་བས་ཡུན་རིང་དུ་གནས་པར་བྱའོ།
551	terminal-particle	10		ཡོངས་སུ་འཛིན་པ་ནི་མི་དམིགས་པ་ཡིན་ནོ། །
552	terminal-particle	37		རྒྱུ་མཚན་ནི་ཚུལ་གཅིག་སྟེ། དེའི་སྙིང་པོ་ཅན་ཡིན་པའི་ཕྱིར་བསྡུས་པ་གོམས་པར་བྱས། སེམས
553	terminal-particle	12		དེ་བས་ན་དེ་ལ་མོས་པ་རྣམ་པ་གསུམ་བསྟན་ཏོ། །
554	terminal-particle	79		དེའི་ཕྱིར་ཤེས་རབ་ཀྱི་ཕ་རོལ་ཏུ་ཕྱིན་པ་ལ་མོས་པ་ནི་ཁྱད་པར་མེད་པ་ཐམས་ཅད་ལ་ཡིན་ཏེ། དཔ
555	terminal-particle	51		གང་གི་ཚེ་གྲིབ་མ་ཞེས་གྲངས་སུ་བརྗོད་པ་འབའ་ཞིག་ཏུ་འགྲོ་ཞིང་རབ་ཏུ་འཐོབ་སྟེ། གྲིབ་མ་ད
556	terminal-particle	32		དེ་བཞིན་དུ་ཤེས་རབ་ཀྱི་ཕ་རོལ་ཏུ་ཕྱིན་པས་འཁོར་གསུམ་རྣམ་པར་དག་པར་ཕྱིན་ཅི་མ་ལོག་པའི་
557	terminal-particle	12		ལྔ་ནི་སྦྱིན་པ་ལ་སོགས་པའི་ཕ་རོལ་ཏུ་ཕྱིན་པའོ། །
558	terminal-particle	53		རྒྱལ་བ་ནི་རྣམ་པ་ཐམས་ཅད་མཁྱེན་པ་ཉིད་དེ། སངས་རྒྱས་ཉིད་དུ་མཚོན་པར་གྱུར་པའི་ཡོངས་སུ་
559	line-end	34		རྣམ་པ་གཉིས་ཀྱིས་སྦྱིན་པ་ལ་སོགས་པ་ལྔ་ཕ་རོལ་ཏུ་ཕྱིན་པ་ཡིན་ཏེ། ཤེས་རབ་འཕེལ་བ་ནི་གཙོ
560	ordinal-open	9		དྲུག་པ་ནི་རབ་ཏུ་གྲགས་པ་ཡིན་ནོ། །
561	terminal-particle	43		གཙོ་བོ་ཤེས་རབ་ཀྱི་ཕ་རོལ་ཏུ་ཕྱིན་པ་མ་ཡིན་པ་རྣམ་པར་བཅད་པའི་ཕྱིར་ཕ་རོལ་ཏུ་ཕྱིན་པ་ཞེ
562	terminal-particle	8		འགྱུར་བ་བྱང་ཆུབ་ཀྱི་ངོ་བོར་རོ། །
563	terminal-particle	42		དེ་བས་ན་ཕྱིན་ཅི་མ་ལོག་པའི་ཆོས་ཉིད་གསལ་བར་བྱེད་པའི་ཕྱིར་ཡུམ་གང་ཡིན་པ་ཉིད་འདྲི་བ་ལ
564	line-end	24		ཡོན་ཏན་རིན་པོ་ཆེ་སྡུད་པ་ཚིགས་སུ་བཅད་པ་ལས་ཡོན་ཏན་ཡོངས་སུ་བརྗོད་པའི་ལེའུ་སྟེ་བཞི་པ
565	terminal-particle	130		མོས་པ་འདི་གསུམ་གྱི་བཅོས་མའི་ཉེས་པ་སྤང་བ་ནི་གོམས་པ་ཡིན་པར་ཤེས་ནས་བཅོས་མ་སྤང་བའི་ཕ
566	terminal-particle	36		གང་གི་ཕྱིར་ཆོས་རྣམས་སྒྱུ་མ་ལྟ་བུར་ཁོང་དུ་ཆུད་པས་སྐྱེ་བོ་མཁས་པས་ནམ་ཡང་ཆོས་རྣམས་འཇ
567	terminal-particle	37		ལྡོག་པའི་སྒོ་ནས་བསྟན་པའི་ཕྱིར་གང་ལ་ཞེས་བྱ་བ་ལ་སོགས་པ་གསུངས་པ་ལ་གང་ན་ནི་དངོས་པོ་ས
568	terminal-particle	50		འོན་ཀྱང་ཆོས་ཐམས་ཅད་དེ་ཁོ་ན་ཉིད་དུ་མ་སྐྱེས་ཤིང་རང་བཞིན་གྱིས་སྟོང་པར་ཤེས་པ་དེ་ནི་ད
569	terminal-particle	56		དེ་ནས་དེའི་རྗེས་ལ་མོས་པ་གསུམ་སྒོམ་པར་བྱེད་པའི་བྱང་ཆུབ་སེམས་དཔའ་གོང་ནས་གོང་དུ་འཇུ
570	terminal-particle	106		ཞེས་སྟོན་པ་ལ་སོགས་པས་བསྟན་པར་བཞེད་ནས། ལ་ལས་ཞེས་བྱ་བ་ལ་སོགས་པ་གསུངས་ཏེ། ལ་ལས་གངྒཱ
571	terminal-particle	78		གང་གིས་གླེགས་བམ་ཙམ་བྱིན་པས་བསོད་ནམས་ཁྱད་པར་དུ་འཕགས་ཤེ་ན། ལན་དུ་ཅི་ཕྱིར་ཞེས་བྱ་བ་
572	terminal-particle	50		འདི་ལྟར་གླེགས་བམ་ནི་འདིར་ཡུལ་ཡིན་ཏེ། བླངས་ནས་དེ་ལ་བསླབས་པས་མུ་སྟེགས་ཅན་ངན་པ་སྨྲ་
573	terminal-particle	66		དེ་བས་ན་མ་ཚང་བ་མེད་པ་ནི་བྱང་ཆུབ་གསུམ་བྱིན་པ་ཡིན་པའི་ཕྱིར་གླེགས་བམ་ཙམ་བྱིན་པ་བསོད
574	terminal-particle	14		བྱང་ཆུབ་ཀྱི་སེམས་ཀྱི་བདག་ཉིད་ཆོས་ཐམས་ཅད་ཀྱི་གཞི་ཡིན་ནོ། །
575	terminal-particle	48		དེ་བས་ན་སྟོང་པ་ལ་སོགས་པའི་སྤྲོ་བ་བསྐྱེད་པའི་ཕྱིར་མྱུ་གུ་ཞེས་བྱ་བ་ལ་སོགས་པ་གསུངས་
576	terminal-particle	183		དེ་ལ་ཡལ་ག་ལ་སོགས་པ་ག་ལ་འབྱུང་། །དེ་བཞིན་དུ་བྱང་ཆུབ་ཀྱི་སེམས་ཉེ་བར་ལེན་པའི་རྒྱུ་ས
577	terminal-particle	24		གཞན་དུ་ན་སྙིང་རྗེ་མེད་པ་དང་། ཐབས་མེད་པས་སངས་རྒྱས་ལ་སོགས་པར་མི་འགྱུར་རོ་ཞེས་བྱ་བར
578	terminal-particle	82		རྗེས་སུ་འགྲོ་བའི་སྒོ་ནས་བྱང་ཆུབ་ཀྱི་སེམས་གང་ཡིན་པ་དེ་ཉིད་ཀྱི་ཆོས་ཐམས་ཅད་ནས་དེ་མེ
579	terminal-particle	22		ཡང་ཆུ་ཀླུང་དེ་དག་མེད་ན་མེ་ཏོག་འབྲས་བུ་རྣམས་ཆུ་མེད་པས་གང་ཡང་འབྱུང་བར་མི་འགྱུར་རོ།
580	terminal-particle	25		རྒྱ་མཚོ་ལ་ཡང་རིན་པོ་ཆེ་སྣ་ཚོགས་པ་ཆུས་རེག་པའི་སྦྱོར་བས་འབྱུང་བའི་གཟུགས་མང་པོ་ཡང་མ
581	terminal-particle	63		དེ་བཞིན་དུ་འདིར་གསུང་རབ་དང་། བྱང་ཆུབ་ཀྱི་སེམས་སྟོང་པ་ཉིད་དང་སྙིང་རྗེའི་སྙིང་པོ་ཅ
582	terminal-particle	23		ཡང་ཡེ་ཤེས་དེ་དག་མེད་ན་སྦྱིན་པའི་ཕ་རོལ་ཏུ་ཕྱིན་པ་ལ་སོགས་པའི་ཡོན་ཏན་འཕེལ་བ་མེད་དོ།
583	terminal-particle	18		བྱང་ཆུབ་ཀྱི་རྒྱ་མཚོར་བགྲོད་པར་དཀའ་བ་རང་གི་དོན་ཕུན་སུམ་ཚོགས་པ་མེད་དོ། །
584	terminal-particle	24		སངས་རྒྱས་ནས་དུས་ཕྱིས་འབྱུང་བར་འགྱུར་བ་ཆོས་སྟོན་པ་གཞན་གྱི་དོན་ཕུན་སུམ་ཚོགས་པ་ཡང་མ
585	terminal-particle	102		རྒྱ་ཆེ་བའི་བདག་ཉིད་ཀྱི་དཔེ་བསྟན་པའི་ཕྱིར་འཇིག་རྟེན་ཞེས་བྱ་བ་ལ་སོགས་པ་གསུངས་ཏེ། འ
586	terminal-particle	14		དེ་བཞིན་དུ་ཉན་ཐོས་ལ་སོགས་པ་ཀུན་གྱི་ཆར་མི་ཕོད་དོ། །
587	terminal-particle	24		དེ་ལྟ་བས་ན་བྱང་ཆུབ་སེམས་དཔའ་ལ་སངས་རྒྱས་ལ་སོགས་པས་བསྟོད་པ་ལ་སོགས་པ་ཞེས་བྱ་བར་གནས་
588	line-end	24		ཡོན་ཏན་རིན་པོ་ཆེ་སྡུད་པ་ཚིགས་སུ་བཅད་པ་ལས་བསོད་ནམས་ཀྱི་རྣམ་གྲངས་ཀྱི་ལེའུ་སྟེ་ལྔ་པ
589	terminal-particle	103		སངས་རྒྱས་ཐམས་ཅད་ཀྱིས་བསྟོད་པ་དང་། བཀུར་བ་དང་། བསྔགས་པའི་མོས་པ་ཡིད་ལ་བྱེད་པ་ལ་རྗེ
590	terminal-particle	43		ཡང་གང་གི་ཚེ་བདག་ཉིད་ཀྱི་སེར་སྣ་ལ་སོགས་པའི་སེམས་ཚར་བཅད་ནས་གཞན་གྱིས་སྦྱིན་པ་ལ་སོགས
591	terminal-particle	135		གཙོ་བོ་ཡིན་པས་རྗེས་སུ་ཡི་རང་བ་ཡིད་ལ་བྱེད་པ་བསྟན་པའི་ཕྱིར། ཉན་ཐོས་ཚོགས་ཞེས་བྱ་བ་ལ
592	terminal-particle	53		ཡང་དག་པའི་རྗེས་སུ་ཡི་རང་བ་དེས་ནི་ཡོངས་སུ་སྔོ་བར་བྱེད་པ་ཡིན་པས་དེའི་རྗེས་ལ་ཡོངས་ས
593	terminal-particle	47		འདི་ལྟར་གང་གི་ཚེ་རང་གི་དང་གཞན་གྱི་བསོད་ནམས་མཉམ་དུ་ཐོབ་པར་བྱ་བའི་ཕྱིར་གཞན་གྱིས་བྱ
594	terminal-particle	31		གང་གི་ཚེ་ཡང་བདག་ཉིད་ཀྱི་སྦྱིན་པ་ལ་སོགས་པ་མི་ཟད་པར་བྱ་བའི་ཕྱིར་ཡོངས་སུ་སྔོ་བར་བྱེ
595	terminal-particle	39		གཙོ་བོ་ཡིན་པའི་ཕྱིར་ཡོངས་སུ་བསྔོ་བ་ཡིད་ལ་བྱེད་པ་དང་པོར་བསྟན་པའི་ཕྱིར། འདས་དུས་ཞེ
596	terminal-particle	49		བཅོམ་ལྡན་འདས་མཐའ་ཡས་གང་ཞིང་མང་བྱེ་སྟོང་དག་ན་གང་བཞུགས་པར་གྱུར་པ་སྟེ། ཕུང་པོ་ལྷག་མ
597	terminal-particle	58		དེ་དག་གི་དང་པོ་བྱང་ཆུབ་མཆོག་ཏུ་སེམས་བསྐྱེད་པ་ནས་རྣམ་པར་འདྲེན་པ་རྣམས་ཀྱི་དམ་ཆོས་ཟ
598	terminal-particle	53		མི་དམིགས་པར་ཞུགས་པ་དང་ལྡན་པས་སྤྱོད་ཅིང་སྦྱིན་པ་ལ་སོགས་པའི་ཕ་རོལ་ཏུ་ཕྱིན་པས་རབ་ཏུ
599	terminal-particle	22		གང་ཡང་སངས་རྒྱས་སྲས་རྣམས་དང་ནི་ཉན་ཐོས་རྣམས་ཏེ། སློབ་དང་མི་སློབ་དགེ་བ་ཟག་བཅས་ཟག་མེ
600	terminal-particle	74		དང་གི་སྒྲས་ནི་གཞན་སོ་སོའི་སྐྱེ་བོ་རྣམས་ཀྱི་བསོད་ནམས་ཀྱང་ངོ་། །ཚད་མེད་པ་ལ་སོགས་པ་
601	terminal-particle	64		རྗེས་སུ་ཡི་རང་བའི་བསོད་ནམས་དང་། ཆོས་ཐམས་ཅད་མི་དམིགས་པའི་ཚུལ་གྱིས་བསྔོ་བས་འགྲོ་བའ
602	terminal-particle	66		དེས་སྤྱིར་བསྟན་པ་མ་ཡིན་ནམ་ཇི་ལྟར་མི་དམིགས་པས་ཡོངས་སུ་བསྔོ་བ་ཁྱད་པར་དུ་བྱས་ཤེ་ན། 
603	terminal-particle	22		དེ་བཞིན་དུ་བྱང་ཆུབ་གང་དུ་ཡོངས་སུ་བསྔོ་བ་དེར་དམིགས་པ་ནི་བྱང་ཆུབ་ཏུ་དམིགས་པ་ཡིན་ནོ
604	terminal-particle	21		ཡོངས་སུ་བསྔོ་བའི་ཡིད་ཀྱིས་བསོད་ནམས་ཡོད་པར་རྟོགས་པ་ནི་སེམས་ཅན་དུ་འདུ་ཤེས་པ་ཡིན་ནོ
605	terminal-particle	37		དེ་བས་འདུ་ཤེས་ནི་མཚན་མར་འཛིན་པའི་བདག་ཉིད་ཡིན་པས་དམིགས་པའི་རྒྱུ་ལྟ་གནས་ཏེ། མངོན་པ
606	terminal-particle	25		ལས་དང་། བྱེད་པ་དང་། བྱ་བར་དམིགས་པ་ཐམས་ཅད་ལ་མངོན་པར་ཞེན་པ་དང་ལྡན་པའི་ཕྱིར་འབྲེལ་པ
607	terminal-particle	27		དེ་བས་ན་ཚད་མས་གནོད་པའི་ཕྱིར་དམིགས་པ་ནི་ཕྱིན་ཅི་ལོག་གི་རང་བཞིན་ཡིན་པའི་ཕྱིར་ཡོངས་
608	terminal-particle	124		དེ་ལྟ་ཡིན་ན་ཇི་ལྟར་ཡོངས་སུ་བསྔོ་ཞེ་ན། གལ་ཏེ་ཞེས་བྱ་བ་ལ་སོགས་པ་གསུངས་ཏེ། གལ་ཏེ་འད
609	terminal-particle	10		དེ་ལྟར་ཆོས་ཐམས་ཅད་མི་དམིགས་པའི་ཕྱིར་རོ། །
610	terminal-particle	107		ལས་དང་བྱ་བ་ལ་སོགས་པ་ཤེས་རབ་ཀྱིས་ཡིད་ལ་མི་བྱེད་པ་དེ་ལྟ་ཡིན་ན། ཁ་ཅིག་ཏུ་ཇི་ལྟར་དམི
611	terminal-particle	29		ཇི་ལྟར་དུག་དང་འདྲེས་པའི་ཁ་ཟས་ཟོས་ན་མཐར་རྣམ་པར་སྨིན་པ་སྡུག་བསྔལ་མྱོང་ན་བདེ་བ་ཙམ་བ
612	terminal-particle	85		དེ་བཞིན་དུ་དཀར་པོའི་ཆོས་རྣམས་ལ་དམིགས་པས་ཡོངས་སུ་བསྔོ་བ་ནི་བྱང་ཆུབ་ཉམས་པའི་རྒྱུ་ཡ
613	terminal-particle	142		དེ་ལྟར་ཡིད་ལ་བྱེད་པ་གཉིས་རྒྱ་ཆེར་བསྟན་ནས་ཉེ་བར་བསྡུ་བའི་ཕྱིར། དེ་ལྟས་ཞེས་བྱ་བ་ལ་
614	terminal-particle	21		དེ་ལྟ་བུ་ནི་ཕྱིན་ཅི་མ་ལོག་པ་ཡིན་པའི་ཕྱིར་ཡང་དག་པར་ཞུགས་པ་ཡིན་པར་དགོངས་སོ། །
615	terminal-particle	147		དེ་ལས་ཡོན་ཏན་ཅི་ཞིག་ཏུ་འགྱུར་ཞེ་ན། དེ་ལྟར་ཞེས་བྱ་བ་ལ་སོགས་པ་གསུངས་ཏེ། དེ་ལྟར་དེ་
616	terminal-particle	39		ཇི་སྐད་བསྟན་པའི་རིགས་པས་ཡོངས་སུ་བསྔོ་བ་དང་། རྗེས་སུ་ཡི་རང་བ་ནི་དམིགས་པ་ཐམས་ཅད་ཀྱ
617	terminal-particle	39		ཡིད་ལ་བྱེད་པ་འདི་ཡང་སྔ་ཕྱི་ངེས་པ་ནི་མ་ཡིན་ཏེ། སྟོང་ཕྲག་བརྒྱ་པ་ལས་དང་པོ་བསྔོ་བ་ཡི
618	terminal-particle	10		འདིར་བཟློག་པར་ཤེས་པར་བྱེད་པ་རྟོགས་པར་བྱའོ། །
619	line-end	22		ཡོན་ཏན་རིན་པོ་ཆེ་སྡུད་པ་ཚིགས་སུ་བཅད་པ་ལས་ཡོངས་སུ་བསྔོ་བའི་ལེའུ་སྟེ་དྲུག་པའི་བཤད་
620	terminal-particle	13		བསྒོམ་པའི་ལམ་ཟག་པ་དང་བཅས་པ་ནི་རྣམ་པ་གསུམ་མོ། །
621	terminal-particle	100		དེའི་རྗེས་ལ་བསྒོམ་པའི་ལམ་ཟག་པ་མེད་པ་བསྒོམ་པར་བྱ་བ་ཡིན་ཏེ། དེ་ཡང་རྒྱུ་དང་འབྲས་བུའ
622	terminal-particle	106		དེ་བཞིན་དུ་སྒྲུབ་པའི་མཚན་ཉིད་ཀྱི་ཤེས་རབ་ཀྱི་ཕ་རོལ་ཏུ་ཕྱིན་པ་དང་བྲལ་བས་སྦྱིན་པ་ལ་
623	terminal-particle	81		དེ་ལྟ་ན་གང་དུ་ཡང་དག་པའི་མིག་འཐོབ་ཅེ་ན། གང་ཚེ་ཞེས་བྱ་བ་ལ་སོགས་པ་གསུངས་ཏེ། གང་གི་ཚ
624	terminal-particle	23		དེ་ཉིད་ཀྱི་ཕྱིར་སངས་རྒྱས་སུ་འགྲོ་བས་སྦྱིན་པ་ལ་སོགས་པས་ཀྱང་ཕ་རོལ་ཏུ་ཕྱིན་པའི་མིང་
625	terminal-particle	55		གཞན་དུ་ན་མིག་མེད་པས་དཔེར་ན་རི་མོའི་ལས་ནི་ཡོངས་ཟིན་ཏེ་ཐམས་ཅད་རྫོགས་ཀྱང་རི་མོ་མཁན་
626	terminal-particle	76		གལ་ཏེ་སྒྲུབ་པའི་ཤེས་རབ་ཀྱི་སྟོབས་ཀྱིས་སྦྱིན་པ་ལ་སོགས་པ་ཕ་རོལ་ཏུ་ཕྱིན་པའི་རང་བཞིན
627	line-end	49		དཀར་པོ་ནི་རྡུལ་ཕྲ་རབ་ཙམ་ཡང་མི་དམིགས་པའི་ཤེས་རབ་སྒྲུབ་པའི་བདག་ཉིད་ཀྱི་བྱང་ཆུབ་སེམ
628	verse-stanza	17		འཇིག་རྟེན་ཇི་ལྟར་གྱུར་པ་ཞིག་ཅེ་ན། །↵ནམ་མཁའ་གང་ལའང་ཅུང་ཟད་མི་གནས་ཏེ། །
629	terminal-particle	29		ཅུང་ཟད་ཅིག་གི་རང་བཞིན་དེ་དང་འདྲ་བར་ཡོངས་སུ་དག་པ་སངས་རྒྱས་དང་བྱང་ཆུབ་སེམས་དཔའ་ལ་ས
630	terminal-particle	76		དེ་ལྟ་བུར་གྱུར་པའི་ཆོས་ཀྱི་དབྱིངས་ལ་མངོན་པར་ཞེན་པ་ཕྱིན་ཅི་ལོག་ཡིན་ནོ་ཞེས་བསྟན་པའ
631	terminal-particle	63		དགྲོལ་སྙམ་སེམས་པ་དེའི་ཚེ་ཕྱིན་ཅི་ལོག་ཏུ་ཞུགས་པའི་ཕྱིར་སེམས་ཅན་འདུ་ཤེས་ཡོངས་རྟོག་
632	terminal-particle	132		དེའི་རྗེས་ལ་གཉིས་པ་ཤིན་ཏུ་རྣམ་པར་དག་པའི་མཚན་ཉིད་ཀྱི་བསྒོམ་པའི་ལམ་བསྒོམ་པར་བྱ་བ་ཡ
633	terminal-particle	25		སྐྱེ་བའི་རྒྱུ་དེ་ཉིད་དང་ལྡན་པས་ཤིན་ཏུ་རྣམ་པར་དག་པའི་མཚན་ཉིད་བསྒོམ་པའི་ལམ་མྱུར་དུ
634	terminal-particle	12		ཆོས་མ་ལུས་པའི་ཆོས་ཉིད་རྟོགས་པ་ནི་བྱང་ཆུབ་བོ། །
635	terminal-particle	9		གནོད་པ་ཐམས་ཅད་ཞི་བས་ན་ཞི་བའོ། །
636	terminal-particle	110		སྐྱེད་པའི་རྒྱུའི་རྗེས་ལ་མི་བསྐྱེད་པའི་རྒྱུ་བསྟན་པའི་ཕྱིར་སྔོན་སྤྱོད་ཅེས་བྱ་བ་ལ་ས
637	terminal-particle	64		གང་གིས་དེ་བཞིན་དུ་ཡུམ་ཐོས་ཀྱང་ཆོས་ཟབ་མོ་མི་རྟོགས་པས་བློ་ཆུང་བ་དེ་ཡིས་འདི་སྤོང་བར
638	terminal-particle	126		ཉེ་བར་བསྡུ་བའི་ཕྱིར། དེ་ལྟ་བས་ན་ཞེས་བྱ་བ་ལ་སོགས་པ་གསུངས་ཏེ། གང་ལ་མ་དད་པ་ཉིད་ཉེས་
639	line-end	20		ཡོན་ཏན་རིན་པོ་ཆེ་སྡུད་པ་ཚིགས་སུ་བཅད་པ་ལས་དམྱལ་བའི་ལེའུ་སྟེ་བདུན་པའི་བཤད་པའོ།། །།
640	terminal-particle	67		སྐྱེ་བ་དང་ནི་སྐྱེ་བའི་རྒྱུ་ཐོབ་པ་དང་སྤང་བའི་ཡུལ་བསྟན་ནས་དེ་བཞིན་དུ་སྐབས་ལ་བབ་པ་ཤ
641	line-end	22		བདག་དང་གཞན་ལ་སོགས་པའི་རྒྱུས་མངོན་པར་ཞེན་པ་དང་བྲལ་ཏེ་སྒྱུ་མ་ལྟ་བུ་ཉིད་ནི་དག་པའོ། 
642	verse-stanza	19		དང་པོའི་འབྲས་བུ་ཞེས་བྱ་བ་ནི་ཚིག་ལྷག་མའོ། །↵དེ་ལ་སོགས་པ་དག་པར་རིག་པར་བྱའོ། །
643	terminal-particle	44		གཞན་དུ་ན་འབྲས་བུ་དག་པ་སྐྱེ་མི་སྲིད་པ་དེ་བཞིན་དུ་འབྲས་བུ་རྣམ་པར་དག་པས་ཀྱང་གཟུགས་ར
644	terminal-particle	115		རྣམ་པར་དག་པ་སྤྱིར་བསྟན་ནས་ཁྱད་པར་དུ་བསྟན་པ་ནི་འབྲས་བུ་གཟུགས་དག་ཐམས་ཅད་མཁྱེན་པ་ཉི
645	terminal-particle	55		དེའི་ཚེ་རྩེ་མོའི་གནས་སྐབས་སུ་འབྲས་བུ་གཟུགས་དག་སྟེ། ཤིན་ཏུ་རྣམ་པར་དག་པའི་མཚན་ཉིད་
646	terminal-particle	29		དེ་བཞིན་དུ་ཐམས་ཅད་མཁྱེན་པ་ཉིད་དག་པས་འབྲས་བུ་གཟུགས་དག་པར་ཡང་བཟུང་སྟེ། སྟོང་ཕྲག་བར
647	terminal-particle	53		དེ་ལྟ་ཡིན་ན་དག་པ་ཐ་དད་པས་ཕྱིན་ཅི་ལོག་ཏུ་འགྱུར་རོ་ཞེ་ན། ཐམས་ཅད་མཁྱེན་ཞེས་བྱ་བ་ལ་ས
648	terminal-particle	35		རིགས་པ་ཐམས་ཅད་མཁྱེན་པ་ཉིད་འབྲས་བུ་དག་དང་གཟུགས་དག་པ། ནམ་མཁའི་ཁམས་དང་མཚུངས་ཏེ། སྟོ
649	terminal-particle	9		འདིས་ནི་ལམ་ཤེས་པ་བསྟན་པ་ཡིན་ནོ། །
650	line-end	5		དེ་སྐད་དུ་ཡང་།
651	verse-stanza	27		མོག་མོག་པོར་བྱེད་ལ་སོགས་དང་། །↵སློབ་མ་བསེ་རུའི་ལམ་གང་དང་། །↵འདི་དང་གཞན་པའི་ཡོན་ཏ
652	verse-stanza	28		བྱེད་པ་དང་ནི་མོས་པ་དང་། །↵བསྟོད་དང་བཀུར་དང་བསྔགས་པ་དང་། །↵བསྔོ་བ་རྗེས་སུ་ཡི་རང་ད
653	verse-stanza	25		སྒྲུབ་དང་ཤིན་ཏུ་དག་པ་ཞེས། །↵བྱ་བ་འདི་ནི་བསྒོམ་པའི་ལམ། །↵བྱང་ཆུབ་སེམས་དཔའ་མཁས་རྣམ
654	terminal-particle	5		ཅེས་གསུངས་པ་ཡིན་ནོ། །
655	terminal-particle	169		དངོས་པོ་ཐམས་ཅད་ཡོངས་སུ་ཤེས་པ་མེད་པར་ལམ་ཡང་དག་པར་ཡོངས་སུ་ཤེས་པ་མེད་པས་ཐམས་ཅད་ཤེས་
656	terminal-particle	30		གང་དུ་ཤེས་རབ་ཀྱི་ཕ་རོལ་ཏུ་ཕྱིན་པ་ལ་སྤྱོད་པ་ན་མཚན་མའི་རྣམ་པར་གཡེང་བས་རབ་ཏུ་མི་གཡོ
657	terminal-particle	25		རྣམ་པ་ཐམས་ཅད་དུ་ཐབས་ལ་མཁས་པའི་སྟོབས་ཀྱིས་ཉེ་བར་གྱུར་པ་ཐོབ་པ་ཡིན་ནོ་སྙམ་དུ་དགོངས་
658	terminal-particle	139		དེ་ལྟར་ཉེ་བར་གྱུར་པའི་རྒྱལ་བའི་སྲས་ཐབས་ལ་མཁས་པ་དང་ཕྱིན་ཅི་མ་ལོག་པའི་ཤེས་རབ་ཀྱི་ཕ
659	terminal-particle	64		དེ་བས་ན་ཉན་ཐོས་ལ་སོགས་པའི་གཉེན་པོ་ནི་བྱང་ཆུབ་སེམས་དཔའི་མི་མཐུན་པའི་ཕྱོགས་ཡིན་ནོ་
660	terminal-particle	11		གཟུགས་ནི་འདིར་སྤྱི་སྟེ་རང་བཞིན་ཡིན་པར་བརྗོད་དོ། །
661	terminal-particle	5		གཟུགས་ཀྱི་རང་བཞིན་ནོ། །
662	terminal-particle	13		འགྲོ་བ་འདི་དག་ནི་བཅུད་དང་སྣོད་ཀྱི་འཇིག་རྟེན་གཉིས་སོ། །
663	terminal-particle	22		འདིར་བྱང་ཆུབ་སེམས་དཔའ་སྐྱེ་བོ་འདམ་ལ་བྱིང་བ་ནི་བསྡམས་པའི་གནས་ཏེ། ཆགས་པ་ནི་མངོན་པར
664	terminal-particle	30		འགྲོ་བ་དྲུག་པོ་དེ་དག་འཁོར་བའི་འཁོར་ལོར་ནི་ཕྱིན་ཅི་ལོག་མ་སྤངས་པའི་ཕྱིར་འཁྱམས་ཏེ་མ
665	terminal-particle	25		མི་ཤེས་པའི་ཕྱིར་འཁྲུལ་པས་དེའི་ངོ་བོ་མ་ཡིན་པ་ལས་མ་གྲོལ་བས་ཆོས་དང་ཆོས་ཅན་དུ་འཛིན་པ
666	terminal-particle	23		རི་དྭགས་རྒྱར་ཆུད་པ་དང་འདྲ་བས་དེའི་མི་མཐུན་པའི་ཕྱོགས་ཡིན་པའི་ཕྱིར་འཇུག་པར་མི་བྱ་བ
667	terminal-particle	63		དེ་ལྟ་མོད་ཀྱི་རྒྱལ་བའི་སྲས་རྣམས་ཀྱི་གཉེན་པོ་ཇི་ལྟ་བུ་ཡིན་ཞེ་ན། ཤེས་རབ་ལྡན་པ་ཞེས་
668	terminal-particle	22		དེ་ནམ་མཁའི་བྱ་དང་འདྲ་བར་ཤེས་རབ་ལྡན་པའི་བྱང་ཆུབ་སེམས་དཔའ་གཟུགས་ལ་སོགས་པ་ལ་སྤྱོད་ད
669	terminal-particle	19		དེ་ལ་ཆོས་དང་ཆོས་ཅན་གྱི་དངོས་པོར་མི་རྟེན་ཏེ། གཟུགས་ལ་སོགས་པ་མེད་པའི་ཕྱིར་རོ། །
670	terminal-particle	106		དེ་བས་ན་མི་དམིགས་པར་བསྟན་པ་ཉིད་གཉེན་པོ་ཡིན་ནོ་ཞེས་བྱ་བའི་དོན་ཏེ། མི་མཐུན་པ་དང་གཉ
671	terminal-particle	52		དེ་ལྟར་དེ་རིམ་པ་བཞིན་དུ་སྟོང་པ་ཉིད་ལ་གོམས་པར་བྱས་པས་མི་མཐུན་པའི་ཕྱོགས་སྤངས་ནས་གཉ
672	terminal-particle	32		ཉན་ཐོས་ལ་སོགས་པ་ཡང་གཟུགས་ལ་སོགས་པ་ལ་མི་རྟག་པ་ལ་སོགས་པར་འཛིན་པའི་སྤྱོད་པ་ཡིན་ཏེ། 
673	line-end	22		ཡོན་ཏན་རིན་པོ་ཆེ་སྡུད་པ་ཚིགས་སུ་བཅད་པ་ལས་རྣམ་པར་དག་པའི་ལེའུ་སྟེ་བརྒྱད་པའི་བཤད་པའ
674	terminal-particle	115		མཉམ་པ་ཉིད་དུ་བསྒོམ་པའི་སྦྱོར་བས་མཐོང་བའི་ལམ་བསྒོམ་པར་བྱ་བ་ཡིན་པས་དེ་བསྟན་པའི་ཕྱི
675	terminal-particle	26		དེ་བས་ན་ཉི་མ་སྒྲ་གཅན་གཟའ་བྲལ་ལྷང་ངེར་འདུག་པ་དང་། །མེ་བཏང་རྩྭ་དང་ཤིང་དང་ནགས་ཚལ་བས
676	terminal-particle	23		དེ་བཞིན་དུ་དེས་བསྒོམ་པ་དང་ལྡན་པས་སྤང་བར་བྱ་བའི་ཉོན་མོངས་པའི་ཚོགས་སྲེག་ཅེས་བྱ་བ་ལ
677	terminal-particle	39		ཉན་ཐོས་ལ་སོགས་པས་ནི་རྟག་པ་ལ་སོགས་པའི་རྣམ་པ་བཀག་ནས་མི་རྟག་པ་ལ་སོགས་པའི་རྣམ་པས་རང་
678	terminal-particle	10		དེ་དག་གིས་ཐམས་ཅད་ཤེས་པ་ཉིད་བསྟན་ཏོ། །
679	line-end	3		དེ་སྐད་དུ།
680	verse-stanza	28		ཤེས་པས་སྲིད་ལ་མི་གནས་ཤིང་། །↵སྙིང་རྗེས་ཞི་ལ་མི་གནས་དང་། །↵ཐབས་མ་ཡིན་པས་རིང་བ་དང་
681	verse-stanza	27		མི་མཐུན་གཉེན་པོའི་ཕྱོགས་དག་དང་། །↵སྦྱོར་དང་དེ་ཡི་མཉམ་ཉིད་དང་། །↵ཉན་ཐོས་ལ་སོགས་མཐ
682	terminal-particle	5		ཅེས་གསུངས་པ་ཡིན་ནོ། །
683	terminal-particle	79		ཐམས་ཅད་མཁྱེན་པ་ཉིད་གསུམ་རྟོགས་ནས་དབང་དུ་བྱ་བའི་ཕྱིར་ཁྱད་པར་གྱི་ལམ་དེའི་དེ་བཞིན་ཉ
684	terminal-particle	31		ཤེས་རབ་ཀྱི་ཕ་རོལ་ཏུ་ཕྱིན་པ་ནི་རྣམ་པ་ཀུན་མངོན་པར་རྫོགས་པར་རྟོགས་པའི་རང་བཞིན་གྱི་ལ
685	terminal-particle	43		བྱང་ཆུབ་སེམས་དཔའ་དེ་ལྟར་བྱེད་པ་པོ་ཡང་མི་དམིགས་ཏེ། ཀུན་ཏུ་བརྟགས་པའི་བདག་དང་གཟུགས་
686	terminal-particle	54		དེ་བས་ན་གང་ཟག་དང་ཆོས་བདག་མེད་པ་རྣམ་པ་གཉིས་རྟོགས་པས་རྣམ་པ་ཐམས་ཅད་རྟོགས་པའི་ཕྱིར་འ
687	line-end	20		ཡོན་ཏན་རིན་པོ་ཆེ་སྡུད་པ་ཚིགས་སུ་བཅད་པ་ལས་བསྟོད་པའི་ལེའུ་སྟེ་དགུ་པའི་བཤད་པའོ།། །།
688	terminal-particle	88		ཁྱད་པར་ཅན་གྱི་སྦྱོར་བས་རྣམ་པ་རྣམས་བསྒོམ་པར་བྱ་བ་ཡིན་པས་དེ་ཡང་སྦྱོར་བ་པོ་ཁྱད་པར་ཅ
689	terminal-particle	56		བཅོམ་ལྡན་འདས་ཀྱིས་བཀའ་སྩལ་པ། ཕུང་པོ་ཁམས་ལ་རྡུལ་ཙམ་བརྩོན་པར་མི་བྱེད་ཅིང་། རྡུལ་ཙམ
690	terminal-particle	62		གང་གི་རྒྱུས་དེ་ལྟར་བརྩོན་ཞེ་ན། གང་ཞིག་ཅེས་བྱ་བ་ལ་སོགས་པ་གསུངས་ཏེ། སེམས་ཅན་དེ་ནི་
691	terminal-particle	43		གང་ཞིག་ཆོས་འདི་ནི་ཡུམ་སྟེ། གཟུགས་ལ་སོགས་པ་རང་གི་རྒྱུ་ལས་སྒྱུ་མ་བྱེད་པས་སྤྲུལ་པ་ད
692	terminal-particle	12		གཞན་དུ་འཇུག་པར་མི་འགྱུར་རོ་ཞེས་བྱ་བ་ཡིན་ནོ། །
693	terminal-particle	135		རྒྱལ་བ་སྐྱེད་མ་ལ་འཇུག་པའི་སྦྱོར་བ་ཉན་ཐོས་ལ་སོགས་པའི་བྱེད་པའི་ཁྱད་པར་ཅན་དུ་ཡིད་ལ་
694	terminal-particle	96		གང་གི་ཕྱིར་གོམས་པར་བྱས་ནས་འདི་དག་གྲོང་དང་གྲོང་ཁྱེར་གྱི་སྔོན་གྱི་མཚན་མ་ལ་བ་ལང་རྫི
695	terminal-particle	30		གང་གི་ཕྱིར་ཡུམ་མཉན་པ་ལ་སོགས་པའི་སྦྱོར་བ་ཕུན་སུམ་ཚོགས་པ་ན་དགྲ་བཅོམ་ས་ལ་མི་གནས་རྐྱ
696	terminal-particle	96		ད་ནི་ཡང་ཡུམ་མཉན་པ་ལ་སོགས་པས་ཕུན་སུམ་ཚོགས་པ་ཐམས་ཅད་སྟེར་བར་བྱེད་པ་བསྟན་པ་འདིར་ཡང་
697	terminal-particle	44		ཡང་གང་གི་ཚེ་ཅི་སྟེ་ཤིང་ལ་སོགས་པའི་རྟགས་མ་མཐོང་ན་དེའི་ཚེ་རྒྱ་མཚོ་ཆེན་པོ་ནི་ཉེ་བར་
698	terminal-particle	18		དེ་ལྟར་དེ་བཞིན་དུ་ཐོས་པའི་བསམ་པས་བྱང་ཆུབ་དམ་པར་ཞུགས་པར་རིག་པར་བྱའོ། །
699	terminal-particle	26		རྒྱལ་བའི་ཤེས་རབ་ཀྱི་ཕ་རོལ་ཏུ་ཕྱིན་པ་འདི་ཉན་པ་ནི་ཉེ་བར་མཚོན་པ་སྟེ། སེམས་པ་དང་། བས
700	terminal-particle	10		རྣམ་པར་འདྲེན་པ་སྟེ་བཅོམ་ལྡན་འདས་ཀྱིས་སོ། །
701	terminal-particle	44		མངོན་སུམ་དུ་བླ་ན་མེད་པའི་བྱང་ཆུབ་ཏུ་ལུང་བསྟན་པར་མ་གྱུར་ཀྱང་མཉན་པ་ལ་སོགས་པ་ལ་ནུས་
702	terminal-particle	8		རིང་པོར་མི་ཐོགས་བདག་རེག་འགྱུར་རོ། །
703	terminal-particle	56		ལོངས་སྤྱོད་རྫོགས་པའི་སྐུ་ཐོབ་པར་བྱ་བ་བསྒྲུབ་པའི་སྒོ་ནས་བསྟན་པའི་ཕྱིར། དཔྱིད་དུས་
704	terminal-particle	78		དེ་བཞིན་དུ་ཤེས་རབ་ཕ་རོལ་ཕྱིན་འདི་སུའི་ལག་ཏུ་ཐོབ་པ་ན་ཡུན་རིང་པོར་མི་ཐོགས་པར་དེས་བ
705	line-end	14		གང་གི་ཚེ་དེ་ནི་བཙའ་བའི་དུས་ལ་བབ་ཅེས་བྱ་བ་སྟེ།
706	verse-stanza	19		ཡན་ལག་རྣམས་རྒྱས་པ་ནི་དུས་ལ་བབ་བོ། །↵ཚོར་བ་ནི་ཉམས་སུ་མྱོང་བའི་རང་བཞིན་ནོ། །
707	terminal-particle	12		དེ་བཙའ་བའི་དུས་ཏེ་སྐྱེ་བ་ཡིན་པར་ཤེས་པར་བྱའོ། །
708	terminal-particle	108		དེ་བཞིན་དུ་བྱང་ཆུབ་སེམས་དཔའ་སྔར་མཉན་ནས་སེམས་པ་ན་རྒྱལ་བའི་ཤེས་རབ་ཕ་རོལ་ཕྱིན་པ་ལ་ག
709	terminal-particle	25		རྣལ་འབྱོར་པ་གང་ཞིག་གཟུགས་ལ་སོགས་པ་ཆོས་ཐམས་ཅད་དེ་ཁོ་ན་ཉིད་དུ་འཕེལ་བ་སྟེ་སྐྱེ་བ་མི
710	terminal-particle	101		ཡོངས་སུ་འགྲིབ་པ་མེད་དེ་འཇིག་པ་མི་མཐོང་ངོ་། །དེ་ལྟ་བས་ན་གང་ཞིག་ཆོས་དང་ཆོས་མིན་མི་
711	terminal-particle	26		དེ་ལྟར་ཇི་སྐད་བསྟན་པའི་ཕྱིན་ཅི་མ་ལོག་པའི་ལམ་ལ་གོམས་པར་བྱས་པས་འབྲས་བུ་དེ་དག་ཐམས་ཅ
712	terminal-particle	12		དེ་བས་ན་སྦྱོར་བ་སྒྲུབ་བོ་ཞེས་བྱ་བར་དགོངས་སོ། །
713	line-end	64		རྣམ་པ་ཕུལ་དུ་བྱུང་བའི་ཆེ་བའི་བདག་ཉིད་བཤད་ནས། ཡོན་ཏན་བརྗོད་ན་དེ་རྟོགས་པ་སྔོན་དུ་འ
714	verse-stanza	18		ཡང་སྦྱོར་བ་ལ་གནས་པ་ནི་སྤྱོད་པའོ། །↵སྤྱིའི་སངས་རྒྱས་ཀྱི་ཆོས་ནི་རྒྱུ་དང་འབྲས་བུའོ།
715	terminal-particle	63		ཁྱད་པར་ནི་དད་པ་ལ་སོགས་པ་ལྔ་དང་། འདུན་པ་ལ་སོགས་པ་དང་ལྷན་ཅིག་བྱེད་པ་རྫུ་འཕྲུལ་གྱི་
716	terminal-particle	60		འབྲས་བུར་གྱུར་པ་རྣམས་ལ་དེ་སྦྱོར་བའི་སྟོབས་ཀྱིས་རྣམ་པར་མི་རྟོག་པ་དང་། རྣམ་པར་རྟོག
717	terminal-particle	29		བདུད་ཀྱི་མཐུ་བཅོམ་པ་ལ་སོགས་པའི་ཡོན་ཏན་ལ་སོགས་པ་བསྐྱེད་པས་རང་དབང་དུ་སྤྱོད་པ་ནི་བྱ
718	terminal-particle	24		འདི་ནི་ཤེས་རབ་སྟེ་སྤྱོད་པའི་རང་བཞིན་ཡིན་པའི་ཕྱིར་ཕ་རོལ་ཕྱིན་མཆོག་སྤྱོད་པ་ཡིན་ཏེ།
719	line-end	29		ཡོན་ཏན་རིན་པོ་ཆེ་སྡུད་པ་ཚིགས་སུ་བཅད་པ་ལས་ཡོན་ཏན་གཟུང་བར་ཡོངས་སུ་བརྗོད་པ་ཞེས་བྱ་བ
720	terminal-particle	52		ཡོན་ཏན་གྱི་རྗེས་ལ་གང་ཡང་སྦྱོར་བའི་བར་ཆད་བྱེད་པའི་སྐྱོན་སྤངས་ནས་བསྒོམ་པར་བྱ་བ་ཡིན
721	terminal-particle	38		སངས་རྒྱས་ལ་ནི་རབ་འབྱོར་ཞུས་པ་ནི་ཡོན་ཏན་གྱི་རྒྱུ་ཡིན་པའི་ཕྱིར་ཡོན་ཏན་ལ་སྦྱོར་བ་ལ་
722	terminal-particle	19		སྟོན་པས་བཀའ་སྩལ་བར་དུ་གཅོད་པར་འགྱུར་མང་སྟེ། དེ་ལས་ཅུང་ཟད་ནི་ཉེ་བར་མཚོན་པའོ། །
723	terminal-particle	16		དེ་བས་ན་རེ་ཞིག་ཡོངས་སུ་བརྗོད་པར་བྱའོ་ཞེས་བྱ་བ་ནི་ལན་ཏོ། །
724	terminal-particle	34		དེ་ཉིད་ནི་རྒྱལ་བའི་ཞེས་བྱ་བ་ལ་སོགས་པ་གསུངས་ཏེ། རྒྱལ་བའི་ཤེས་རབ་ཕ་རོལ་ཕྱིན་འདི་ཡི
725	terminal-particle	63		སྤོབས་པ་ནི་ཡུལ་ལ་ཁྱད་པར་ཅན་གྱི་ཡེ་ཤེས་ཀྱི་རང་བཞིན་ཐ་དད་པ་རྣམ་པ་དུ་མ་འབྱུང་འགྱུར་
726	terminal-particle	21		འདི་བཤད་ཚེ་ན་ཁ་ཅིག་སོམ་ཉི་ཟ་འགྱུར་ཏེ་ཞེས་བྱ་བ་ལ། བཤད་པ་ནི་བཤད་པར་གྱུར་པའོ། །
727	terminal-particle	15		སངས་རྒྱས་ཀྱིས་གསུངས་པ་ལ་ཐེ་ཚོམ་ཟ་བ་ནི་སོམ་ཉིར་གྱུར་པའོ། །
728	terminal-particle	54		དེས་ཡོངས་སུ་མ་ཤེས་པར་འདྲེན་པ་བཅོམ་ལྡན་འདས་ཀྱིས་འདིར་ནི་བདག་གི་མིང་ཡང་མ་བརྗོད། རི
729	terminal-particle	71		དེ་ནི་ཅི་ཞིག་བྱེད་པར་འགྱུར་ཞེ་ན། དེ་ལྟར་ཞེས་བྱ་བ་ལ་སོགས་པ་གསུངས་ཏེ། དེ་ལྟར་བདུད་
730	terminal-particle	34		གླང་པོ་རྙེད་ནས་དཔེར་ན་འགའ་ཞིག་གི་དོན་དུ་གླང་པོའི་རྗེས་ནི་ཚོལ་བ་ལྟར། ཤེས་རབ་ཕ་རོལ
731	terminal-particle	73		དཔེར་ན་ལ་ལས་རོ་བརྒྱ་ལྡན་པའི་ཟས་རྙེད་ལ། ཟས་མཆོག་རྙེད་ནས་ཞག་དྲུག་ཅུ་པའི་འབྲས་ཆན་ཚོ
732	line-end	19		བདུད་ཀྱི་ལས་རྣམ་པ་གཞན་ཡང་བསྟན་པའི་ཕྱིར། བསྟི་སྟང་ཞེས་བྱ་བ་ལ་སོགས་པ་གསུངས་ཏེ།
733	verse-stanza	17		གྲགས་པ་ཙམ་འདོད་པ་ནི་བསྟི་སྟང་འདོད་པའོ། །↵ནོར་འདོད་པ་ནི་རྙེད་པ་འདོད་པའོ། །
734	terminal-particle	14		ཡོ་བྱད་ལ་ལྟོས་པ་ནི་ལྟོས་པ་དང་བཅས་པའི་སེམས་ཀྱིས་སོ། །
735	terminal-particle	27		བསོད་སྙོམས་ཀྱི་དོན་དུ་ཁྱིམ་པ་དང་འདྲིས་པ་དང་། ཁྱིམ་པ་བསྟེན་པ་དང་ལྡན་པར་འགྱུར་ཞིང་
736	terminal-particle	22		དེས་ཆོས་ཅུང་ཟད་ཡིན་པ་ནི་ཆོས་མིན་ཏེ། ཉན་ཐོས་ལ་སོགས་པའི་ཐེག་པས་བྱ་བ་སྤྱོད་པར་འགྱུར
737	terminal-particle	12		ལམ་བོར་ལམ་གོལ་འགྲོ་བ་འདི་ནི་བདུད་ཀྱི་ལས་སོ། །
738	terminal-particle	32		གང་དག་དེའི་ཚེ་མ་བྱོན་པའི་རྒྱལ་བ་རྣམས་བསྐྱེད་མ་ལ་འདུད་ཅིང་དད་པར་གྱུར་ནས་ཏེ། ལས་དང
739	terminal-particle	35		ཆོས་ཀྱི་དམ་པ་འདི་མཉན་པར་འདོད་ཅིང་འདོད་པ་ལས་དེ་དག་གིས་ནི་ཆོས་སྨྲ་བ་ལྡན་རིག་པ་ནི་བ
740	terminal-particle	36		དད་པ་དང་བྲལ་ནས་དགའ་བ་མེད་ཅིང་ཡིད་མི་བདེ་བར་གྱུར་ནས་གཞན་དུ་འགྲོ་བ་དོན་དུ་གཉེར་བའི
741	line-end	36		བདུད་ཀྱི་ལས་ཇི་སྙེད་པ་རྣམ་པ་ཐམས་ཅད་མཐའ་ཡས་པས་བརྗོད་པར་མི་ནུས་པའི་ཕྱིར་ཉེ་བར་བསྡུ
742	verse-stanza	18		འདི་ཞེས་བྱ་བ་ནི་རྗེས་ཐོགས་ལ་མངོན་པའོ། །↵འབྱུང་བར་གྱུར་པ་ནི་བདུད་ཀྱི་ལས་སོ། །
743	terminal-particle	19		དེའི་ཚེ་གང་དག་ལ་མ་འོངས་པའི་དུས་ན་བར་དུ་གཅོད་པ་རྣམས་མང་ནི་དུ་མའོ། །
744	terminal-particle	10		གཅོད་པ་ནི་བགེགས་བྱེད་པར་འབྱུང་བར་འགྱུར་རོ། །
745	terminal-particle	79		གང་ཞིག་ཉེས་པས་གཡེང་བའི་ཕྱིར་དགེ་སློང་མང་པོ་དཀྲུགས་པས་དེའི་ཚེ་ཤེས་རབ་ཀྱི་ཕ་རོལ་ཏུ
746	terminal-particle	17		དུས་རྣམས་རྟག་ཏུ་ཐམས་ཅད་འདི་འདོད་པའི་ཕྱིར་དུ་དོན་དུ་གཉེར་བ་ཡིན་ནོ། །
747	terminal-particle	91		དེ་བཞིན་དུ་རྒྱལ་བའི་ཤེས་རབ་ཕ་རོལ་ཕྱིན་པ་མཆོག །རིན་ཆེན་ཆོས་ཀྱང་དཀོན་ལ་རྟག་ཏུ་འཚེ་
748	terminal-particle	66		དེ་བཞིན་དུ་ལས་དང་པོ་པ་ཇི་སྙེད་པ་དེ་དག་ཐམས་ཅད་ཀྱི་དེ་ལྟར་རྙེད་པ་མི་འགྱུར་བར་བསྟེན
749	terminal-particle	43		དེ་བཞིན་དུ་ཡང་ཕྱོགས་བཅུའི་བཅོམ་ལྡན་འདས་བསོད་ནམས་ཆེན་པོ་དང་ལྡན་པས་ཡུམ་ཡོངས་སུ་འཛི
750	quote-open	12		ཡོན་ཏན་རིན་པོ་ཆེ་སྡུད་པ་ཚིགས་སུ་བཅད་པ་ལས།
751	line-end	11		བདུད་ཀྱི་ལས་ཀྱི་ལེའུ་སྟེ་བཅུ་གཅིག་པའི་བཤད་པའོ།། །།
752	terminal-particle	68		དེ་ལ་བཅོམ་ལྡན་འདས་ཅིའི་ཕྱིར་དགོངས་པ་མཛད་ཅེ་ན། དཔེ་སྔོན་དུ་འགྲོ་བས་རྟོགས་པར་བྱ་བའ
753	terminal-particle	48		དེ་བཞིན་དུ་ཕྱོགས་བཅུའི་འཇིག་རྟེན་གྱི་ཁམས་ན་བཞུགས་པའི་སངས་རྒྱས་ཀྱང་སྟེ། བཅོམ་ལྡན་
754	terminal-particle	73		ཡོན་ཏན་དང་སྐྱོན་བླང་བ་དང་དོར་བ་སྔོན་དུ་འགྲོ་བས་མཚན་ཉིད་ཤེས་པའི་སྒོ་ནས་ངེས་པར་བསྒ
755	terminal-particle	15		དེའི་ལས་སུ་སྒྲུབ་པར་བྱེད་པ་རྟེན་གྱི་མཚན་ཉིད་དང་བཞིར་འགྱུར་རོ། །
756	terminal-particle	70		དེ་ལ་རེ་ཞིག་ཤེས་པའི་མཚན་ཉིད་ནི་ཀུན་མཁྱེན་གསུམ་གྱི་དབྱེ་བས་གསུམ་ཡོད་པ་ལས་ཐམས་ཅད་ཤ
757	terminal-particle	42		དེ་དག་ཤེས་རབ་ཀྱི་ཕ་རོལ་ཏུ་ཕྱིན་པ་ཡུམ་འདི་ལས་བྱུང་བར་རིམ་པ་ཇི་ལྟ་བ་བཞིན་དུ་སྦྱར་ཏ
758	terminal-particle	23		སངས་རྒྱས་དེ་དག་གིས་ཡང་དག་པ་ཇི་ལྟ་བ་བཞིན་དུ་དེ་ཁོ་ན་ཉིད་གཟིགས་པས་འཇིག་རྟེན་སྟོན་ཏ
759	terminal-particle	8		ཡུམ་གྱིས་བསྒྲུབ་ཅིང་སྐྱེད་པར་མཛད་དོ། །
760	terminal-particle	21		འགྲོ་བའི་སྤྱོད་པ་ཐུགས་སུ་ཆུད་པས་སེམས་ཅན་གཞན་གྱིས་སེམས་ཀྱི་སྤྱོད་པ་ཡང་དག་པར་སྟོན་
761	terminal-particle	44		ཕྱིན་ཅི་མ་ལོག་པའི་ལམ་ལ་སྦྱོར་བའི་སྟོབས་དང་ལྡན་པ་དེས་དེ་བཞིན་གཤེགས་པ་རྣམས་བསྐྱེད་
762	terminal-particle	139		འཇིག་རྟེན་གྱི་སེམས་ཅན་གྱི་ཁམས་གང་ཡིན་པ་སྒྱུ་མ་ལྟ་བུའི་དེ་བཞིན་ཉིད་དང་། གང་ཡང་དགྲ
763	line-end	28		དེའི་རྗེས་སུ་ལམ་ཤེས་པའི་སྒོ་ནས་སྟོང་པ་ཉིད་ལ་སོགས་པའི་མཚན་ཉིད་བསྟན་པའི་ཕྱིར། མཁས་
764	verse-stanza	16		གནས་པ་ནི་ད་ལྟར་བྱུང་བ་ཉིད་དོ། །↵འཇིག་རྟེན་མཁས་པ་ནི་མ་འོངས་པའོ། །
765	terminal-particle	14		མྱ་ངན་ལས་འདས་ཀྱང་རུང་བ་ནི་འདས་པའི་བཅོམ་ལྡན་འདས་སོ། །
766	terminal-particle	30		གང་གི་ཕྱིར་ཆོས་ཉིད་སྐྱོན་མེད་ཆོས་རྣམས་སྟོང་པ་འདི་གནས་ཏེ། ངེས་པར་ཆོས་ཉིད་ཀྱི་རང་བ
767	terminal-particle	14		ཕྱིན་ཅི་ལོག་གི་རང་བཞིན་ཡིན་པའི་ཕྱིར་གྲོལ་བར་མི་རིགས་སོ། །
768	terminal-particle	45		དེ་ལྟ་བས་ན་སྟོང་པ་ཉིད་ཀྱི་དོན་ཆོས་ཉིད་འདི་ལ་གནས་ཏེ། སྟོང་པ་ཉིད་ལ་སོགས་པར་སྦྱོར་བ
769	terminal-particle	36		དེ་ལྟ་བས་ན་དེ་ཡང་ཐམས་ཅད་ཀྱི་དེ་བཞིན་ཉིད་དུ་ཐུགས་སུ་ཆུད་པས་དེ་བཞིན་གཤེགས་ཞེས་སངས་
770	terminal-particle	86		གལ་ཏེ་དེ་ལྟར་སྟོང་པ་ཉིད་ལ་སོགས་པའི་ཡེ་ཤེས་ཡིན་ན། སེམས་ཅན་གྱི་དོན་ཇི་ལྟར་བྱེད་པ་བ
771	terminal-particle	85		སྟོབས་བཅུ་རྣམ་འདྲེན་རྣམས་ཀྱི་སྤྱོད་ཡུལ་འདི་ཡིན་ཏེ། འདི་ལྟར་སྙིང་རྗེ་ཆེན་པོ་ལ་མངོ
772	terminal-particle	147		དམིགས་པ་ལ་མངོན་པར་ཞེན་པ་མ་ཡིན་ནམ། སྟོང་པ་ཉིད་ཀྱི་ཆོས་བསྟན་པས་ཇི་ལྟར་འདུལ་བར་འགྱུ
773	terminal-particle	73		དེའི་རྗེས་ལ་རྣམ་པ་ཐམས་ཅད་མཁྱེན་པའི་སྒོ་ནས་ཉིད་ཀྱི་ཆོས་ལ་བརྟེན་ནས་ཞུགས་པ་ལ་སོགས་པ
774	terminal-particle	68		དེ་བཞིན་དུ་སྦྱོར་བ་ལས་གོམས་པས་ཤེས་རབ་ཀྱི་ཕ་རོལ་ཏུ་ཕྱིན་པ་རང་གི་ཆོས་ཉིད་ལ་བརྟེན་ན
775	terminal-particle	93		ཇི་ལྟར་ཆོས་ཉིད་སྟོན་ཅེ་ན། གཟུགས་ཞེས་བྱ་བ་ལ་སོགས་པ་གསུངས་ཏེ། ཕུང་པོ་ལྔར་ཆོས་ཐམས་ཅ
776	terminal-particle	109		དེ་ལྟར་ཤེས་རབ་ཀྱི་མིག་གིས་མཐོང་བ་འདི་ནི་ཆོས་མཐོང་ཡིན་ཞེས་དེ་བཞིན་གཤེགས་པས་བསྟན་པ
777	terminal-particle	80		འདིར་ཅི་འདྲ་བ་མཐོང་བ་ཡིན་ཞེ་ན། ནམ་མཁའ་ཞེས་བྱ་བ་ལ་སོགས་པ་གསུངས་ཏེ། ཇི་ལྟར་ནམ་མཁའ་
778	terminal-particle	14		དེ་བས་ན་དོན་འདི་བརྟགས་བར་གྱིས་ཏེ་རྣམ་པར་དཔྱད་པས་སོ། །
779	terminal-particle	12		དེ་བས་ན་ནམ་མཁའ་ཞེས་བྱ་བ་ནི་ཐ་སྙད་དོ། །
780	terminal-particle	20		མཐོང་བ་མེད་པ་ཉིད་མཐོང་བ་ཡིན་ནོ་ཞེས་བྱ་བ་ལྷག་མ་མ་ཡིན་པར་རྟོགས་པར་བྱའོ། །
781	terminal-particle	12		དེ་ལྟར་ཆོས་མཐོང་བ་ཡང་དེ་བཞིན་གཤེགས་པས་བསྟན་ཏོ། །
782	terminal-particle	30		གང་གི་ཕྱིར་མཐོང་བ་མེད་པ་ནི་གཅིག་ཏུ་ངེས་པའི་རང་བཞིན་མཐོང་བར་མི་ནུས་ཏེ། དངོས་པོ་ཐམ
783	line-end	23		ཡོན་ཏན་རིན་པོ་ཆེ་སྡུད་པ་ཚིགས་སུ་བཅད་པ་ལས་འཇིག་རྟེན་བསྟན་པའི་ལེའུ་སྟེ་བཅུ་གཉིས་པའ
784	terminal-particle	243		ཤེས་པའི་རྣམ་པ་སྤྱིའི་རང་བཞིན་ཡོངས་སུ་ཤེས་པས་ཁྱད་པར་དུ་ཤེས་པར་བྱ་དགོས་པས། ཁྱད་པར་
785	line-end	16		དེ་ཉིད་གསལ་བར་བསྟན་པའི་ཕྱིར། རྒྱལ་པོ་ཞེས་བྱ་བ་ལ་སོགས་པ་གསུངས་ཏེ།
786	verse-stanza	16		རྒྱལ་པོའི་གྲོང་ནི་ལུས་འཕགས་ལ་སོགས་པའོ། །↵ཡུལ་ནི་མ་ག་དྷཱ་ལ་སོགས་པའོ། །
787	terminal-particle	72		འཁོར་ནི་རྒྱལ་པོའི་ཁབ་ལ་སོགས་པ་སྟེ། དེར་མི་འགྲོ་བར་རྒྱལ་པོ་དེའི་རང་བཞིན་ཡུལ་མིས་འ
788	line-end	24		ཡོན་ཏན་རིན་པོ་ཆེ་སྡུད་པ་ཚིགས་སུ་བཅད་པ་ལས་བསམ་གྱིས་མི་ཁྱབ་པའི་ལེའུ་སྟེ་བཅུ་གསུམ་པ
789	terminal-particle	88		ཡང་གང་གི་ཚེ་སངས་རྒྱས་ཀྱི་ཡོན་ཏན་ཁྱད་པར་ཅན་རྣམས་ཐོབ་ཅེ་ན། གང་ལ་ཞེས་བྱ་བ་ལ་སོགས་པ་
790	terminal-particle	63		ཡང་དག་པའི་སྦྱོར་བ་ལ་རྗེས་སུ་གནས་པ་ཡོད་ན། དེའི་ཚེ་བདེན་པ་གཉིས་ཀྱི་རིམ་པས་ཞུགས་པ་ཡ
791	terminal-particle	21		དད་པ་དང་ཤེས་རབ་ཡུལ་ལ་དྲག་ཏུ་སྒྲུབ་པ་ནི་བྱ་བ་ཡིན་ནོ་ཞེས་བསྟན་པར་འགྱུར་རོ། །
792	line-end	49		ཆོས་ཐམས་ཅད་ཀྱི་སྔོན་དུ་དད་པ་འགྲོ་བ་མ་ཡིན་ནམ། ཇི་ལྟར་ཤེས་རབ་ཀྱི་བྱ་བ་ཡིན་ཞེ་ན། ལན
793	verse-stanza	29		དཔེར་ན་རྒྱ་མཚོར་འཇུག་པའི་གྲུ་ནི་ཆག་གྱུར་པ། །↵མི་གང་རོའམ་རྩྭའམ་ཤིང་ནི་མི་འཛིན་པ། 
794	terminal-particle	92		ཡང་གང་ཞིག་རོ་ལ་སོགས་པ་ལ་འཛིན་པ་དེ་ནི་བདེ་བར་ཕ་རོལ་ཏུ་ཕྱིན་པར་འགྱུར་ཏེ། དེ་ཐང་ལ་ག
795	terminal-particle	5		སྐྱེ་བ་ནི་འབྱུང་བའོ། །
796	terminal-particle	5		རྒ་བ་ནི་རྙིངས་པའོ། །
797	terminal-particle	11		རང་གི་རིགས་མཐུན་པའི་རྒྱུན་ཆད་པས་ན་འཆི་བའོ། །
798	terminal-particle	18		བུ་དང་བུ་མོ་ལ་སོགས་པ་དང་བྲལ་བས་ཡིད་མི་བདེ་བ་ནི་མྱ་ངན་ནོ། །
799	terminal-particle	18		དེ་དག་ཉིད་རླབས་ཏེ་གང་གི་ཕྱིར་དེ་དག་གི་རིམ་པ་ནི་འཁོར་བའི་རྒྱ་མཚོའོ། །
800	quote-close	13		དེ་ལ་དེ་སྐད་ཅེས་བརྗོད་དེ། དེ་བས་ན་སྦྱོར་ཞེས་བྱ་བའོ། །
801	terminal-particle	36		གང་ཞིག་དེ་ཡང་དད་པ་སྟོབས་སུ་གྱུར་པས་ཤེས་རབ་ཕ་རོལ་ཕྱིན་མཆོག་གིས་ཟིན་པ་སྟེ། དངོས་པོ
802	terminal-particle	25		རྟེན་ཅིང་འབྲེལ་པར་འབྱུང་བའི་ཆོས་ཉིད་ཀྱི་སྟོབས་ཀྱིས་མྱ་ངན་ལས་འདས་པ་ཡང་མཐོང་བའི་ཕྱ
803	terminal-particle	56		དེ་བས་ན་དད་པ་དང་ཤེས་རབ་ཀྱི་སྟོབས་ལ་སོགས་པས་རིམ་པ་ཇི་ལྟ་བ་བཞིན་དུ་བསོད་ནམས་དང་ཡེ་
804	terminal-particle	43		ཉན་ཐོས་ལ་སོགས་པའི་ཡུལ་མ་ཡིན་པས་མཆོག་ཏུ་རྨད་བྱུང་བདེ་གཤེགས་བྱང་ཆུབ་མྱུར་དུ་རེག །ཁ
805	line-end	95		དམིགས་པ་དང་དམིགས་པ་མེད་པའི་དཔེས་རིམ་པ་ཇི་ལྟ་བ་བཞིན་དུ་རེས་འགའ་བྱེད་པ་དང་། རྒྱུན་
806	verse-stanza	20		སོ་བཏང་བུམ་པར་ཆུ་བསྐྱེད་ལམ་དུ་འཇིག་པ་ཡི། །↵འཇིགས་པ་མེད་ཅིང་ཕྱི་མ་ལ་ཡང་སྦྱར་རོ། །
807	terminal-particle	19		ཕྱིན་པར་གྱུར་པ་ནི་བར་ཆད་ཀྱི་གནོད་པ་མེད་པར་གྱུར་པས་ཁྱིམ་དུ་བདེ་བར་རོ། །
808	terminal-particle	28		དེ་བཞིན་དུ་བྱང་ཆུབ་སེམས་དཔའ་དད་པ་མང་གྱུར་ཀྱང་། ཤེས་རབ་རྣམ་པར་ཉམས་ནས་གཉིས་སུ་ལྟུང
809	terminal-particle	68		དད་པ་དེ་ཉིད་ཀྱིས་ཤེས་རབ་ཀྱི་དོན་ནི་ཆོས་རྣམ་པར་འབྱེད་པའི་མཚན་ཉིད་ཡོངས་སུ་ཟིན་གྱུར
810	terminal-particle	58		རྟེན་གཞན་ཡང་དད་པ་ལ་སོགས་པ་མ་ཡིན་ནམ། ཅིའི་ཕྱིར་དེ་གཉིས་ཁོ་ན་གཙོར་བསྟན་ཅེ་ན། ལན་འད
811	terminal-particle	30		ཡང་གྲུ་ལེགས་པར་བཅོས་ལེགས་པར་བྱས་པ་དང་། མཐུན་པའི་རླུང་དང་ལྡན་པར་བྱས་ན་མི་འཇིག་ནོར
812	terminal-particle	30		དེ་ལྟར་བྱང་ཆུབ་སེམས་དཔའ་དད་པས་ཡོངས་བཟུང་ཡང་། །ཤེས་རབ་མེད་ན་བླ་ན་མེད་པའི་བྱང་ཆུབ་
813	terminal-particle	26		བྱང་ཆུབ་སེམས་དཔའ་དད་པ་དེ་ཉིད་ཡོངས་བསྒོམས་པས་ཤེས་རབ་ཕ་རོལ་ཕྱིན་པ་མཆོག་ལྡན་པ་ནི་བཟ
814	terminal-particle	57		དེ་ཉམས་ཤིང་གཞན་དུ་ལྟུང་བར་མི་འགྱུར་ཏེ། མ་རྨས་མ་ཉམས་པར་དེ་ཡང་རང་གི་ཐེག་པ་ལ་ཡང་དག་
815	terminal-particle	212		ཟག་ལྷན་བྱས་པ་དང་མ་བྱས་པའི་གྲུས་འགྲུབ་པ་དང་མི་འགྲུབ་པ་དང་། ཚང་བ་དང་མ་ཚང་བ་ཤེས་པར་
816	terminal-particle	38		དེ་ཉིད་ཐབས་དང་ཤེས་རབ་མཆོག་གིས་ཡོང་ཟིན་ན། །མི་ཉམས་ཏེ་དེ་བཞིན་གཤེགས་ཀྱི་སྟེ། ཁྱད་པ
817	terminal-particle	57		དེས་ན་སྐྱེས་བུ་རྒས་པ་བརྟེན་པ་དང་མ་བརྟེན་པའི་དཔེས་ཤེས་རབ་དང་ཐབས་ལ་མཁས་པས་ཡོངས་སུ་
818	line-end	20		ཡོན་ཏན་རིན་པོ་ཆེ་སྡུད་པ་ཚིགས་སུ་བཅད་པ་ལས་དཔེའི་ལེའུ་སྟེ་བཅུ་བཞི་པའི་བཤད་པའོ།། །།
819	terminal-particle	76		ཇི་སྐད་བསྟན་པའི་རིམ་པས་ཁྱད་པར་གྱི་ལམ་ཐོབ་ནས་དམིགས་པའི་རོ་མྱང་བ་མེད་པར་དགེ་བའི་བཤ
820	terminal-particle	9		དགེ་བ་འདོད་པའི་ཕྱིར་ལྷག་པའི་བསམ་པའོ། །
821	terminal-particle	28		སངས་རྒྱས་བྱང་ཆུབ་མཆོག་ཞུགས་པ་བླ་མའི་སྐྱོན་མི་འཛིན་པའི་ཕྱིར་སློབ་མ་བཟང་པོ་དེ་ཆེར་
822	terminal-particle	21		དགེ་བའི་བཤེས་གཉེན་ལ་དུས་ཐམས་ཅད་དུ་བསྙེན་བཀུར་ལ་སོགས་པ་བྱས་པ་ཡིན་པར་རིག་པར་བྱའོ། 
823	terminal-particle	8		སེམས་སྲུང་བ་ཤེས་པ་ནི་མཁས་པའོ། །
824	terminal-particle	44		ཅིའི་ཕྱིར་དགེ་བའི་བཤེས་གཉེན་ལ་བརྟེན་པར་བྱ་ཞེ་ན། ལན་དུ་མཁས་པ་ཞེས་བྱ་བ་ལ་སོགས་པ་གས
825	terminal-particle	19		དེས་གདམས་ངག་དང་རྗེས་སུ་བསྟན་པས་སློབ་མ་དམིགས་པའི་རོ་མྱང་བ་མེད་པས་མཁས་པའོ། །
826	terminal-particle	34		དགེ་བའི་བཤེས་གཉེན་དེ་དག་གིས་ཤེས་རབ་ཀྱི་ཕ་རོལ་ཏུ་ཕྱིན་པ་རྗེས་སུ་སྟོན། དེ་བས་ན་སངས
827	terminal-particle	37		སྒྲིབ་པ་ཐམས་ཅད་སྤང་བའི་ཕྱིར་ཡོན་ཏན་གྱི་མཆོག་དགེ་བའི་བཤེས་གཉེན་ལ་བརྟེན་ཏོ་ཞེས་རྒྱ
828	terminal-particle	91		དེ་དག་གི་གདམས་ངག་དང་རྗེས་སུ་བསྟན་པའི་འདྲ་བ་ཞིག་ཅེ་ན། སྦྱིན་དང་ཞེས་བྱ་བ་ལ་སོགས་པ་
829	terminal-particle	76		བྱང་ཆུབ་ཕུང་པོ་ནི་ཟག་པ་མེད་པའི་འབྲས་བུར་གྱུར་པ་ཚུལ་ཁྲིམས་ཀྱི་ཕུང་པོ་ལ་སོགས་པའི་ར
830	terminal-particle	11		གཞན་དུ་ན་དད་པ་ཙམ་ཡང་མེད་པར་འགྱུར་རོ། །
831	terminal-particle	89		རང་དང་གཞན་གྱི་དོན་ཕུན་སུམ་ཚོགས་པ་ཤེས་པ་ཁྱད་པར་གྱི་མཚན་ཉིད་བསྟན་ནས། མཇུག་ཐོགས་སུ་
832	terminal-particle	11		ཡོན་ཏན་གྱི་ཚོགས་རྟོགས་པར་དཀའ་བའི་ཕྱིར་རྒྱ་མཚོའོ། །
833	terminal-particle	15		ད་ལྟར་བྱུང་བའི་བདེ་བ་ཐོབ་པས་དགའ་བའི་ཕྱིར་སྨྲ་བའི་ཟླ་བའོ། །
834	terminal-particle	28		ཡང་དག་པར་སྨིན་པར་མི་འགྱུར་བའི་ཆོས་ཉིད་ལ་འཇོག་པར་བྱེད་པའི་ཕྱིར་དོན་བྱེད་པས་ན་སེམས
835	terminal-particle	18		དེ་བཞིན་དུ་ཤིན་ཏུ་ཕན་པ་ཀུན་ནས་འབྱུང་བའི་རྟེན་ཡིན་པའི་ཕྱིར་དཔུང་གཉེན་ནོ། །
836	terminal-particle	15		སྡུག་བསྔལ་གྱི་རྒྱུ་སེལ་བའི་དོན་གྱི་རྟེན་དུ་འཇུག་པའི་ཕྱིར་གནས་སོ། །
837	terminal-particle	27		འཁོར་བ་དང་མྱ་ངན་ལས་འདས་པ་མཉམ་པར་རྟོགས་པར་ཁྱད་པར་དུ་འགྲོ་བས་སངས་རྒྱས་ཀྱི་རྒྱུ་ཡིན
838	terminal-particle	45		ཆུ་སྤངས་ནས་དམ་པའི་ཆོས་ཀྱི་སྐམ་ས་མཐའ་གཉིས་སྤངས་པ་བདག་དང་གཞན་གྱི་དོན་ཐོབ་པའི་རྟེན་
839	terminal-particle	23		སེམས་ཅན་གྱི་དོན་ལ་མཚན་མ་མེད་པར་ལྷུན་གྱིས་གྲུབ་པར་འཇུག་པ་ཉེ་བར་སྡུད་པའི་ཕྱིར་དོན་
840	terminal-particle	29		ཐེག་པ་ཐམས་ཅད་ཀྱི་ངེས་པར་འབྱུང་བ་ཡང་མངོན་སུམ་དུ་མི་བྱེད་ཅིང་བྱང་ཆུབ་ཀྱི་ལམ་གསལ་བར
841	terminal-particle	20		ཆོས་ཐམས་ཅད་ཀྱི་དེ་ཁོ་ན་ཉིད་གཏམ་གྱི་གཞི་དང་སྒོ་ཡིན་པའི་ཕྱིར་ཆོས་མཆོག་སྨྲ་བའོ། །
842	terminal-particle	20		དེ་ཉིད་ཀྱི་ཕྱིར་བདུད་དང་མུ་སྟེགས་ལ་སོགས་པས་འཁྲུགས་པར་མི་ནུས་པས་ན་མི་འཁྲུགས་པའོ། 
843	terminal-particle	75		བདག་དང་གཞན་གྱི་དོན་ཕུན་སུམ་ཚོགས་པར་བྱེད་པ་ནི་བྱ་བ་ཡིན་པས་གང་གིས་དེ་ལྟ་བུའི་རང་བཞ
844	terminal-particle	19		སྡུག་བསྔལ་དང་དུ་ལེན་པའི་ཕྱིར་བྱ་དགའ་བ་ལ་རབ་ཏུ་སྦྱོར་བའི་རང་བཞིན་ཅན་ནོ། །
845	terminal-particle	7		འབད་པས་བསྒྲུབས་པའི་ཕྱིར་གོ་ཆའོ། །
846	terminal-particle	11		གང་བསྒོམ་པར་བརྩོན་པ་ནི་གོ་ཆ་གྱོན་བྱེད་དོ། །
847	terminal-particle	46		མི་མཐུན་པའི་ཕྱོགས་དམིགས་པ་མེད་པས་ཕུང་པོ་ལྔ་དང་། སྐྱེ་མཆེད་བཅུ་གཉིས་དང་། ཁམས་བཅོ་
848	terminal-particle	29		ཡང་དེ་ལྟ་བས་ན་དོར་བར་བྱ་བ་དང་བླང་བར་བྱ་བའི་ཆོས་ཡོངས་སུ་འཛིན་པ་དང་བྲལ་བའི་ཕྱིར་ཡོ
849	terminal-particle	16		རང་གི་དོན་ཕུན་སུམ་ཚོགས་པ་ལས་ལྡོག་པ་མེད་པའི་ཕྱིར་མི་ལྡོག་པའོ། །
850	terminal-particle	39		གཞན་གྱི་དོན་ཕུན་སུམ་ཚོགས་པ་ལས་མི་གཡོ་བའི་ཕྱིར་གཡོ་བ་མེད་ཅིང་ངོ་། །གཉི་གའི་དོན་ཕུ
851	terminal-particle	26		རང་བཞིན་ཇི་ལྟ་བུ་ལ་སྦྱོར་ཞེ་ན། དེ་དག་ཅེས་བྱ་བ་ལ་སོགས་པ་གསུངས་ཏེ། དེ་དག་འདི་འདྲ་ན
852	terminal-particle	23		སྦྱོར་བ་བསྒོམས་པའི་སྟོབས་ཀྱིས་ཉོན་མོངས་པ་ལ་སོགས་པ་སྤངས་པའི་རང་གི་མཚན་ཉིད་ནི་ཆོས་
853	terminal-particle	14		རྣམ་པར་མི་རྟོགས་པའི་ཡེ་ཤེས་ཐོབ་པས་ན་སྤྲོས་པ་མེད་པའོ། །
854	line-end	6		ཐེ་ཚོམ་དང་།བརྫུན་དང་།
855	verse-stanza	29		ཕྱིན་ཅི་ལོག་སྤངས་པས་ཐེ་ཚོམ་ཡིད་གཉིས་བྲལ་ལོ། །↵ཡང་དག་པའི་ཤེས་པ་ལྡན་པའི་ཕྱིར་དོན་ལ
856	terminal-particle	8		རྟོགས་པ་ཐོབ་པ་ནས་མི་ནུར་བའོ། །
857	terminal-particle	26		དེ་ཉིད་ཀྱི་ཕྱིར་གཞན་གྱི་དྲིང་མི་འཇོག་ཅིང་རང་གི་ས་ལས་ལྡོག་པ་མེད་པས་ནི་ཕྱིར་མི་ལྡོ
858	terminal-particle	78		དེ་ལྟ་བུར་གྱུར་པ་ནི་བདེ་བར་གཤེགས་པའི་གནས་པར་གྱུར་པ་སྤངས་ནས་རྣམ་པ་ཐམས་ཅད་ཀྱི་རང་བ
859	terminal-particle	33		གཞན་སུས་ཀྱང་སྟེ་ཉན་ཐོས་ལ་སོགས་པས་རྣམ་པ་ཐམས་ཅད་རྟོགས་པ་མེད་པས་ཅུང་ཟད་ཐོབ་པ་ཡང་མེད
860	terminal-particle	43		དེའི་ཕྱིར་འདི་ལྟར་སེམས་ཅན་གྱི་དོན་གཙོར་མཛད་པས་དེ་བཞིན་གཤེགས་པ་ཉིད་ཞར་ལ་བརྙེས་པས་
861	terminal-particle	19		སྦྱོར་བའི་ངོ་བོ་རང་གི་མཚན་ཉིད་ལས་མ་གཏོགས་པའི་གྲོལ་བ་མི་རིགས་པའི་ཕྱིར་རོ། །
862	terminal-particle	76		སེམས་ཅན་གྱི་ཚོགས་སུས་ཀྱང་རང་གི་མཚན་ཉིད་ཀྱིས་ཆོས་བསྟན་པ་འདི་མི་ཤེས་ཏེ། འོན་ཀྱང་འད
863	line-end	78		དེ་ལྟ་མོད་ཀྱི་སེམས་ཅན་གྱི་ཆོས་ཇི་ལྟ་བུ་དང་ལྡན་ཞེ་ན། སེམས་ཅན་རྣམས་ནི་ཞེས་བྱ་བ་ལ་ས
864	verse-stanza	20		མི་ཤེས་པ་དང་ལྡན་པས་ན་མི་མཁས་པའོ། །↵ཐེ་ཚོམ་གྱི་ཤེས་པ་ཡོད་པས་ན་བླུན་རྨོངས་པའོ། །
865	terminal-particle	12		ལོག་པའི་ཤེས་པ་དང་ལྡན་པའི་ཕྱིར་མུན་པ་བཞིན་ནོ། །
866	terminal-particle	98		འདི་ལྟར་ཡང་ངོ་བོ་ཉིད་ཀྱི་ཆོས་རྟོགས་པ་ནི་འདོད་ཆགས་ལ་སོགས་པའི་གཉེན་པོ་ཡིན་པའི་ཕྱིར
867	line-end	20		ཡོན་ཏན་རིན་པོ་ཆེ་སྡུད་པ་ཚིགས་སུ་བཅད་པ་ལས་ལྷའི་ལེའུ་སྟེ་བཅྭ་ལྔ་པའི་བཤད་པའོ།། །།
868	terminal-particle	81		འདི་ལྟར་གང་གི་ཚེ་སེམས་ཅན་ཐ་དད་པར་ཤེས་པས་ཐ་དད་པར་རྟོགས་པའི་ཕྱིར་སྤྱོད་པའི་རང་བཞིན
869	terminal-particle	44		དེ་བཞིན་དུ་ཕྱོགས་བཅུ་རྣམས་ན་ཡང་ནམ་མཁའ་ཡོད་པ་དེའི་སྤྱིའི་མཚན་ཉིད་དང་བྲལ་བའི་ཕྱིར་
870	terminal-particle	141		འཇིག་རྟེན་པ་ལ་གྲགས་པའི་དཔེས་བསྟན་ནས། འཇིག་རྟེན་ལས་འདས་པའི་དཔེས་ཤེས་པར་བྱ་བའི་ཕྱི
871	terminal-particle	21		དེ་བཞིན་དུ་སྦྱོར་བའི་རང་བཞིན་མངོན་སུམ་དུ་བྱས་པ་མང་ཡང་གཅིག་ཁོ་ན་ཡིན་པར་དགོངས་སོ། 
872	terminal-particle	130		ཇི་སྐད་བསྟན་པའི་མཚན་ཉིད་ཡོངས་སུ་ཤེས་པ་ནི་ཐར་པའི་ཆ་དང་མཐུན་པའི་དགེ་བའི་རྩ་བ་དང་ལྡ
873	terminal-particle	22		དངོས་པོ་མ་ལུས་པའི་རྣམ་པ་ཐམས་ཅད་ཡོངས་སུ་ཤེས་པ་ནི་ཤེས་རབ་ཕ་རོལ་ཕྱིན་ལ་སྦྱོར་རོ། །
874	terminal-particle	32		གང་གི་ཕྱིར་ཤེས་རབ་མེད་པ་ནི་ཉེ་བར་མཚོན་པ་སྟེ། དད་པ་རབ་ལ་སོགས་པ་མེད་པ་ན་ཡང་མིའི་འད
875	terminal-particle	63		སངས་རྒྱས་ཐོབ་པར་བྱེད་པ་གཞན་ཡང་ཡོད་པ་མ་ཡིན་ནམ། ཅིའི་ཕྱིར་ཐབས་དང་ཤེས་རབ་ཁོ་ན་བསྟན་
876	terminal-particle	18		འདབ་གཤོག་མ་སྐྱེས་ཤིང་ཉམ་ཆུང་བ་ནི་འདབ་གཤོག་ཟད་དེ་ཉམས་རྩལ་ཡོད་མིན་ནའོ། །
877	terminal-particle	91		དེ་ཡིས་སུམ་ཅུ་རྩ་གསུམ་པའི་གནས་ལ་སོགས་པ་ནས་འཛམ་བུའི་གླིང་འདིར་གནས་པར་བྱའོ་སྙམ་ནས།
878	terminal-particle	13		ཤིན་ཏུ་རྒྱ་ཆེ་བའི་ཆོས་ལ་དམིགས་པའི་ཕྱིར་རྒྱ་ཆེན་ནོ། །
879	terminal-particle	8		གོམས་པར་བྱས་པས་ན་རྟག་རྟེན་ནོ། །
880	terminal-particle	15		དེ་བཞིན་དུ་སྔར་ཡང་བསྟན་པའི་ཐབས་དང་བྲལ་བས་ན་ཐབས་མེད་དོ། །
881	terminal-particle	12		ཇི་སྐད་བསྟན་པའི་ཤེས་རབ་སྤངས་པས་ཤེས་རབ་བྲལ་ལོ། །
882	terminal-particle	27		གཤོག་པ་གཉིས་པོ་དེ་མ་ཚང་བས་ཉན་ཐོས་ཉིད་དུ་ལྟུང་ངོ་། །དེ་བས་ན་བླ་ན་མེད་པའི་ས་ལས་ཉམས
883	terminal-particle	17		དེའི་ཕྱིར་ཤེས་རབ་དང་ཐབས་གཉིས་ཁོ་ན་གཙོ་བོ་ཡིན་པར་གསལ་བར་མཛད་དོ། །
884	terminal-particle	88		ཐར་པའི་ཆ་དང་མཐུན་པ་ཐོབ་ནས་བརྩོན་པ་གང་ཡིན་པ་ལ་ངེས་པར་འབྱེད་པའི་ཆ་དང་མཐུན་པ་སྐྱེ་བ
885	line-end	16		འདིར་འགྲོ་བ་ཐམས་ཅད་ལ་དམིགས་པའི་རང་བཞིན་ཡིན་པས་ཕ་རོལ་གནོན་པའོ། །
886	verse-stanza	27		ཕར་འདུ་ཤེས་པའི་ཕྱིར་ཕར་འདུ་ཤེས་པའོ། །↵མར་འདུ་ཤེས་པའི་ཕྱིར་མར་འདུ་ཤེས་པའོ། །↵མ་འོ
887	terminal-particle	20		ད་ལྟར་བྱུང་བའི་དོན་ལ་ཡིད་མངོན་དུ་ཕྱོགས་པའི་ཕྱིར་བྱམས་པའི་སེམས་ཀྱི་ཕ་རོལ་གནོན་པའོ
888	terminal-particle	14		ཞེ་སྡང་དང་འཚེ་བ་མེད་པས་ཐ་བ་མ་ལུས་པར་བྱེད་པའོ། །
889	terminal-particle	23		སྤུན་དང་སྲིང་མོ་ལ་སོགས་པར་འདུ་ཤེས་པའི་ཕྱིར་དྲང་བས་ཕ་རོལ་གནོན་པའོ་ཞེས་སྔ་མ་དང་འབྲ
890	terminal-particle	32		རྩེ་མོ་ལ་སོགས་པ་ཐོབ་པར་བྱ་བའི་ཕྱིར་བདག་ཉིད་སྒྲུབ་ཅིང་གཞན་དག་ཀྱང་དགེ་བ་ལ་སྦྱོར་ཞི
891	terminal-particle	116		འདིར་ཁྱད་པར་གྱི་རང་བཞིན་མ་ཡིན་ནམ། ངེས་པར་འབྱེད་པའི་ཆ་ལ་སོགས་པ་བསྟན་པར་ཇི་ལྟར་རིག
892	terminal-particle	18		ཕྱི་མ་རྣམས་ལ་ཡང་ཇི་ལྟར་སྲིད་པ་བཞིན་རིགས་པར་བྱའོ་ཞེས་བྱ་བར་དགོངས་སོ། །
893	line-end	23		ཡོན་ཏན་རིན་པོ་ཆེ་སྡུད་པ་ཚིགས་སུ་བཅད་པ་ལས་དེ་བཞིན་ཉིད་ཀྱི་ལེའུ་སྟེ་བཅུ་དྲུག་པའི་བ
894	terminal-particle	47		ཕྱིར་མི་ལྡོག་པ་བྱང་ཆུབ་སེམས་དཔའི་དགེ་འདུན་ཇི་སྐད་བསྟན་པའི་ངེས་པར་འབྱེད་པའི་ཆ་ལ་ས
895	terminal-particle	14		དེ་ཡང་སྦྱོར་བའི་ལམ་ནི་ངེས་པར་འབྱེད་པའི་ཆ་ལ་གནས་པའོ། །
896	terminal-particle	19		དེ་བཞིན་དུ་མཐོང་བའི་ལམ་ལ་གནས་པ་དེ་ནི་ཆོས་ཤེས་པའི་བཟོད་པ་ལ་སོགས་པའོ། །
897	terminal-particle	20		རྒྱུན་གཞན་ནི་བསྒོམ་པའི་ལམ་ལ་གནས་པ་ཡིན་ནོ་ཞེས་གནས་སྐབས་དུ་མར་རྣམ་པར་གཞག་གོ། །
898	terminal-particle	58		དེ་ལ་ཕྱིར་མི་ལྡོག་པའི་སྤྱིའི་མཚན་ཉིད་ཞུས་པ་ནི་འཇིག་རྟེན་ཞེས་བྱ་བ་ལ་སོགས་པ་གསུངས་
899	terminal-particle	24		དེ་ནི་འདིར་ཉེ་བར་མཚོན་པ་ཡིན་ཏེ། རྣམ་པ་ནི་གཉེན་པོ་ཡིན་པར་གཟུང་ངོ་། །མཚན་མ་ནི་དགོས
900	terminal-particle	18		ཡོན་ཏན་དཔག་ཏུ་མེད་པའི་རང་བཞིན་གྱི་སྐུ་མངའ་བའི་ཕྱིར་ཡོན་ཏན་ཕྱོགས་ཙམ་མོ། །
901	terminal-particle	28		དུས་གཅིག་ལ་བཅོམ་ལྡན་འདས་ཁྱོད་ཀྱིས་བསྟན་དུ་གསོལ། བདག་དང་གཞན་གྱི་དོན་ཕུན་སུམ་ཚོགས་
902	quote-close	16		བྱང་ཆུབ་སེམས་དཔའ་རྟགས་ལ་སོགས་པ་དང་ཇི་ལྟར་ལྡན་པར་འགྱུར་ཞེས་སོ། །
903	terminal-particle	24		རྒྱལ་བའི་སྲས་རྣམས་བླ་ན་མེད་པའི་བྱང་ཆུབ་ལས་ལྡོག་པ་མེད་པར་འགྱུར་བ་ནི་སླར་ལྡོག་པར་མ
904	terminal-particle	7		དེ་ལྟར་ན་རྟགས་ལ་སོགས་པའོ། །
905	terminal-particle	23		གཉེན་པོའི་མི་མཐུན་པའི་ཕྱོགས་ཡིན་པའི་ཕྱིར་གཟུགས་ལ་སོགས་པ་རྣམས་ལས་ལོག་པ་ནི་ཡོན་ཏན་
906	quote-close	17		གསལ་བར་རྟོགས་པའི་ཆེད་དུ་ཀྱེ་བཅོམ་ལྡན་འདས་ཀྱིས་ལུང་བསྟན་དུ་གསོལ་ཞེས་པའོ། །
907	terminal-particle	49		དེ་ལ་རེ་ཞིག་ངེས་པར་འབྱེད་པའི་ཆ་ལ་གནས་པའི་ཕྱིར་མི་ལྡོག་པའི་མཚན་ཉིད་བསྟན་པར་བཞེད་ན
908	terminal-particle	25		སྒྱུ་མ་ལྟ་བུར་དོན་གསལ་བའི་ཕྱིར་དོན་དང་ལྡན་པའི་ངག་བྱུང་བས་ཐེ་ཚོམ་སེལ་བས་ན། ཅི་རིག
909	terminal-particle	34		བྱང་ཆུབ་སེམས་དཔའ་དེ་དགེ་སྦྱོང་སྐྱེ་བོ་ལ་སོགས་པ་དགེ་སྦྱོང་དང་བྲམ་ཟེ་ལ་སྐྱབས་སུ་འག
910	terminal-particle	29		ལོག་པར་ལྟ་བ་ལ་སོགས་པ་སྤངས་ཏེ་དོར་བར་བྱ་བ་དང་། བླང་བར་བྱ་བའི་དེ་ཁོ་ན་ཉིད་ཡོངས་སུ་
911	line-end	9		ངན་སོང་གསུམ་ནི་ཉེ་བར་མཚོན་པ་སྟེ།
912	verse-stanza	12		མི་ཁོམ་པ་བརྒྱད་སྤངས་ཏེའོ། །↵རྟག་ཏུ་ནི་འཇིག་རྟེན་འདིར་རོ། །
913	terminal-particle	37		དེ་དག་བདག་དང་གཞན་གཉི་ག་གཅིག་ཏུ་སྲོག་གཅོད་པ་སྤོང་བ་ལ་སོགས་པ་བཅུ་པོ་རྣམས་ལ་འགོད་ཅི
914	terminal-particle	43		སེམས་ཅན་ཐམས་ཅད་ཀྱི་ཡུལ་ལ་སྦྱིན་པ་ལ་སོགས་པ་ཡོངས་སུ་བསྔོ་ཞིང་འབྲས་བུ་ལ་སོགས་པ་ལ་ལྟ
915	terminal-particle	42		ཡང་ཆོས་ཟབ་མོ་ལ་ཐེ་ཚོམ་མེད་པར་གཅིག་ཏུ་སྒྱུ་མ་ལྟ་བུའི་ཆོས་ངེས་པས་ན་དགའ་ཞིང་ངོ་། །བ
916	terminal-particle	29		འགྲོ་འཆག་ཉལ་དང་འདུག་པར་ཤེས་བཞིན་རབ་ཏུ་ལྡན་ཏེ། རབ་ནི་ཡང་དག་པ་སྟེ། དེ་ནི་གསལ་བའི་ར
917	terminal-particle	20		ཤེས་བཞིན་གྱི་སྲོག་ཆགས་ལ་སོགས་པ་མཐོང་ནས་གསལ་བའི་ཕྱིར། གཉའ་ཤིང་གང་ཙམ་ལྟ་ཞིང་འགྲོ་བ
918	terminal-particle	14		སྤྱོད་ལམ་ཐ་དད་པའི་གཡེང་བ་མེད་པའི་ཕྱིར་སེམས་འཁྲུལ་མེད་དོ། །
919	terminal-particle	11		མི་དགེ་བ་བཅུའི་ལས་སྤངས་པས་ན་གཙང་བྱས་སོ། །
920	terminal-particle	38		སྣ་ཚོགས་པའི་གོས་བཟང་པོ་འབྱོར་པས་ན་གཙང་མའི་གོས་འཆང་ངོ་། །མཚན་ལ་སོགས་པས་བརྒྱན་པའི་
921	terminal-particle	15		སེར་སྣ་ལ་སོགས་པའི་སེམས་མི་བསྐྱེད་པས་ན་རྙེད་འདོད་མ་ཡིན་པའོ། །
922	terminal-particle	17		ཐམས་ཅད་དུ་ཆོས་ཉིད་དང་འགལ་བའི་སྦྱོར་བ་མི་བྱེད་པས་ན་ཁྱུ་མཆོག་གོ། །
923	terminal-particle	23		འགྲོ་བ་ལ་རྗེས་སུ་བརྩེ་བའི་ཕྱིར་དམྱལ་བ་ལ་སོགས་པར་སྐྱེ་བར་འདོད་པས་ན་རྟག་ཏུ་ཆོས་འདོ
924	terminal-particle	15		རྟོགས་པས་ཆོས་ཉིད་ལ་ཡིད་ཆེས་པའི་ཕྱིར་བདུད་ཀྱི་ཡུལ་ལས་འདས་པའོ། །
925	terminal-particle	32		བདུད་བཅོམ་པའི་གཟུགས་ངེས་པར་ཤེས་པས་ན་གཞན་གྱི་དྲིང་མི་འཇོག་པ་དང་། སངས་རྒྱས་ཀྱི་སྣང
926	terminal-particle	81		ངེས་པར་འབྱེད་པའི་ཆ་ལ་གནས་པའི་ཕྱིར་མི་ལྡོག་པའི་མཚན་ཉིད་ཀྱི་རྗེས་ལ་ཆོས་ཉིད་གོམས་པར
927	terminal-particle	22		ཐེག་པ་ཆེན་པོ་ལ་ཞུགས་པ་ཉིད་ཀྱིས་ཉེས་པ་ཐམས་ཅད་མེད་པའི་ཕྱིར་ཁྲོ་བས་སེམས་དཀྲུགས་མེད་
928	terminal-particle	59		བདག་མེད་པ་རྟོགས་པ་དང་སེམས་ཅན་གྱི་དོན་ལ་ཐབས་ལ་མཁས་པའི་སྟོབས་ཀྱིས་ཁྱིམ་པར་གྱུར་ན་ཡ
929	terminal-particle	24		སྐྱེས་བུ་དམ་པའི་ཆོས་ཉིད་ཀྱིས་འཚོ་བའི་ཕྱིར་ཡང་བས་ཉོ་ཚོང་ལ་སོགས་པ་ལོངས་སྤྱོད་འཚོ་བ
930	terminal-particle	48		དེ་བཞིན་དུ་སེམས་ཅན་ལ་གནོད་པའི་དོན་དུ་ཙ་མུནྚི་ལ་སོགས་པའི་མངོན་སྤྱོད་ཀྱི་སྔགས་དང་ས
931	terminal-particle	30		འདོད་པའི་ལས་ཅན་དེ་བྱས་པར་གྱུར་པས་སྐྱེས་པའམ་བུད་མེད་དུ་ངེས་པར་འགྱུར་རོ་ཞེས་བྱ་བ་ལ
932	terminal-particle	33		བདེན་པ་གཉིས་ལ་བརྟེན་པའི་ཕྱིར་རབ་ཏུ་དབེན་པའི་ཤེས་རབ་ཕ་རོལ་ཕྱིན་མཆོག་བརྩོན། ལུས་དང
933	terminal-particle	24		སེམས་ཅན་ཐམས་ཅད་ལ་བདེ་བ་ཕུལ་དུ་བྱུང་བ་བསྐྱེད་པའི་སེམས་དང་ལྡན་པའི་ཕྱིར་བྱམས་པའི་སེ
934	terminal-particle	11		སྟོང་པ་ཉིད་ལ་གནས་པའི་ཕྱིར་ཀུན་མཁྱེན་འདོད་དོ། །
935	terminal-particle	17		ཆོས་ཅུང་ཟད་ཀྱང་དམིགས་པ་མེད་པས་རྟག་ཏུ་བསྟན་པ་ལ་གཞོལ་སེམས་ལྡན་ནོ། །
936	terminal-particle	40		རང་འདོད་པའི་སྐྱེ་བ་དེར་སྐྱེ་བ་ཐོབ་པས་མཐའ་འཁོབ་ཀླ་ཀློའི་སྐྱེ་བོའི་ཡུལ་མཐའ་རྣམ་པར་
937	terminal-particle	40		མངོན་པར་ཡིད་ཆེས་པས་ངེས་པ་སྐྱེད་པའི་ཕྱིར་ཀུན་མཁྱེན་གསུམ་གྱི་བདག་ཉིད་ནི་རང་གི་ས་ལ་
938	line-end	44		མཆོག་ཏུ་གཞོལ་བ་ཉིད་རྣམ་པ་ཐམས་ཅད་མཁྱེན་པ་ལ་སོགས་པའི་ཆོས་ཀྱི་ཕྱིར་བསམས་ནས་གཏོང་བ་ན
939	verse-stanza	18		འདིར་ཕྱིར་མི་ལྡོག་པའི་ཕྱོགས་ཙམ་ཞིག་བརྗོད་དོ། །↵དེ་ཡང་རྒྱུ་ཚོགས་པ་ཡིས་འབྲས་སྐྱེ་བ
940	verse-stanza	19		རྗེས་སུ་དཔོགས་པ་གང་ཡིན་པ། །↵དོན་གཞན་ལ་ནི་མི་ལྟོས་ཕྱིར། །↵དེ་ནི་རང་བཞིན་ཡིན་པར་བར
941	terminal-particle	13		ཅེས་བྱ་བའི་རིགས་པས་འདིར་བསྟན་པའི་རྟགས་ཀྱང་ཤེས་པར་བྱའོ། །
942	line-end	25		ཡོན་ཏན་རིན་པོ་ཆེ་སྡུད་པ་ཚིགས་སུ་བཅད་པ་ལས་ཕྱིར་མི་ལྡོག་པའི་རྣམ་པའི་ལེའུ་སྟེ་བཅུ་བ
943	terminal-particle	74		དེ་ལྟར་བསྒོམ་པའི་ལམ་ལ་གནས་པའི་ཕྱིར་མི་ལྡོག་པའི་མཚན་ཉིད་སྟོན་པ་ན་ཁྱད་པར་མ་རྟོགས་ཁ
944	terminal-particle	41		དེ་བཞིན་དུ་ཚོར་བ་དང་། འདུ་ཤེས་དང་། སེམས་པ་དང་། རྣམ་པར་ཤེས་པ་རྣམས་ཀྱང་དེ་བཞིན་ཉིད
945	terminal-particle	31		དེ་བཞིན་དུ་ཀུན་རྫོབ་པའི་གཟུགས་ལ་སོགས་པ་དེ་དག་ཀྱང་ཐ་མལ་པའི་རང་བཞིན་རིགས་པས་མཚན་མ་
946	terminal-particle	10		བསླབ་པ་ཐམས་ཅད་ཞི་བས་ན་རབ་ཞི་བའོ། །
947	terminal-particle	23		འདིས་ནི་ཡང་གཟུགས་ལ་སོགས་པ་དེ་བཞིན་ཉིད་ལས་གཞན་མ་ཡིན་པས་སྐུར་པ་འདེབས་པ་དགག་པ་ཡིན་ན
948	terminal-particle	71		དཔེར་ན་འབའ་ཞིག་ཚད་མ་རྟོགས་པ་མདའ་འཕངས་པ་རྒྱ་མཚོའི་གཏིང་ལ་ཐུག་པའི་ཚད་ཚོལ་བ་ལྟར། དེ
949	terminal-particle	121		ཁྱད་པར་བསྟན་པ་འདི་ཉིད་རྗེས་སུ་བསྟན་པ་དང་བཅས་པ་ཁྱད་པར་ཅན་བསྒོམ་པའི་ལམ་ཡིན་པར་སྟོན
950	terminal-particle	44		གང་ཟག་དེའི་བསོད་ནམས་ཀྱི་ཚོགས་དེ་ཇི་སྙེད་སྐྱེ་བ་ནི་ཡེ་ཤེས་ཀྱི་ཚོགས་རབ་ཏུ་ཐོབ་པ་ན་
951	terminal-particle	167		འབྲས་བུ་གསལ་བར་རྟོགས་པར་བྱ་བའི་ཕྱིར་དཔེར་ན་ཞེས་བྱ་བ་ལ་སོགས་པ་གསུངས་ཏེ། དཔེར་ན་ཡུ
952	terminal-particle	92		རྣམ་པར་རྟོག་པ་ཆུང་ངུ་དང་། འབྲིང་དང་། ཆེན་པོ་ཡངས་པའི་རྣམ་པའི་དབྱེ་བས་བསྒོམ་པའི་ལམ
953	terminal-particle	44		གཞན་དག་ན་རེ་ཕྱི་མ་ཕྱི་མ་ལ་བསོད་ནམས་ལྷག་པར་སྒྲུབ་པ་ནི་གཉེན་པོའི་དབྱེ་བ་ཡིན་ལ། བསོ
954	terminal-particle	47		ལམ་ཆུང་ངུ་བསྟན་པའི་ཕྱིར། བྱང་ཆུབ་སེམས་དཔའ་ཞེས་བྱ་བ་ལ་སོགས་པ་གསུངས་ཏེ། བྱང་ཆུབ་སེ
955	terminal-particle	44		དགྲ་བཅོམ་རང་རྒྱལ་སྦྱིན་བྱེད་ཚུལ་ཁྲིམས་སྲུང་བྱེད་ཀྱང་རྒྱལ་བའི་སྲས་པོ་གཞན་ཞིག་གིས་
956	terminal-particle	49		ཇི་ལྟ་བ་བཞིན་དུ་སེམས་ཅན་ལ་སྟོན་ཅིང་དེ་སེམས་ཅན་ཁྱད་པར་ཅན་སྔོན་དུ་འགྲོ་བས་ཆོས་ཀྱི་
957	terminal-particle	20		སྦྱིན་པ་བྱེད་ཚུལ་ཁྲིམས་བསྲུང་བ་ཡང་སྔ་མ་བཞིན་དུ་བལྟ་བར་བྱ་སྟེ། གནས་སྐབས་དེ་བཞིན་ན
958	terminal-particle	77		ལམ་འབྲིང་གི་དོན་བསྟན་པའི་ཕྱིར། བྱང་ཆུབ་ཅེས་བྱ་བ་ལ་སོགས་པ་གསུངས་ཏེ། བྱང་ཆུབ་སེམས་
959	terminal-particle	39		དེ་བཞིན་དུ་ཆོས་ཀྱི་སྦྱིན་པ་བྱིན་ནས་ཡོངས་སུ་བསྔོ་བ་ལས་བྱུང་བའི་དགེ་བ་གང་ཡིན་པ་དང་
960	terminal-particle	44		ལམ་ཆེན་པོ་བསྟན་པའི་ཕྱིར། བསོད་ནམས་ཞེས་བྱ་བ་ལ་སོགས་པ་གསུངས་ཏེ། ཇི་སྐད་བསྟན་པའི་ལམ
961	terminal-particle	40		བརྟགས་པའི་ཆོས་ཀྱིས་དབེན་པས་ན་གསོབ་དང་། དེ་བཞིན་ཉིད་ཀྱི་ཆོས་ཉིད་ཀྱི་རང་བཞིན་མ་ཡིན
962	terminal-particle	12		དེ་བཞིན་དུ་རྟོགས་པའི་ཆོས་ཀྱིས་དབེན་པས་ན་སྟོང་པའོ། །
963	terminal-particle	12		དེ་བཞིན་ཉིད་ཀྱི་རང་བཞིན་མ་ཡིན་པས་ན་གསོབ་པའོ། །
964	terminal-particle	17		ཡང་དག་པའི་ཀུན་རྫོབ་ཏུ་རྒྱུ་དང་འབྲེལ་པ་ལ་སྐྱེ་བའི་ཕྱིར་ཡ་མ་བརླའོ། །
965	terminal-particle	13		སྒྱུ་མའི་རང་བཞིན་ཡིན་པའི་ཕྱིར་སྙིང་པོ་མེད་པར་ཤེས་པའོ། །
966	terminal-particle	39		དེ་ལྟར་བདེ་གཤེགས་རྣམས་ཀྱི་ཤེས་རབ་སྤྱད་སྤྱོད་པ་དེ་ནི་ལམ་ཆེན་པོའི་རང་བཞིན་ཡིན་ཏེ། 
967	terminal-particle	78		དེ་ཁོ་ན་ཉིད་བསྒོམ་པའི་ལམ་མ་ཡིན་ནམ་དེའི་སྟོབས་ཀྱིས་མི་མཐུན་པའི་ཕྱོགས་དང་གཉེན་པོ་ར
968	terminal-particle	19		ཆོས་ཐམས་ཅད་ནི་རང་དང་གཞན་དང་གཉི་གའི་དོན་ཕུན་སུམ་ཚོགས་པ་བྱེད་པར་འདོད་པའོ། །
969	terminal-particle	35		མངོན་སུམ་དང་རྗེས་སུ་དཔག་པ་དང་། ལུང་གི་ཚད་མས་ངེས་པའི་ཕྱིར་སངས་རྒྱས་ཀྱིས་བཤད་པ་དང་
970	terminal-particle	80		བྱང་ཆུབ་སེམས་དཔའ་གང་གི་ཐོས་པ་ལ་སོགས་པའི་ཤེས་པ་བསྐྱེད་པས་བསྒོམ་པའི་ལམ་གོམས་པའི་ཤེ
971	terminal-particle	10		ཞེས་བྱ་བ་ནི་གྲུབ་པ་སྒྲུབ་པ་ཡིན་ནོ། །
972	terminal-particle	13		དེ་དག་བཅོམ་ལྡན་འདས་ཀྱིས་ཀུན་རྫོབ་ཏུ་ཡིན་པར་དགོངས་སོ། །
973	terminal-particle	93		བསྒོམ་པའི་ལམ་གྱི་རང་བཞིན་ཡིན་པའི་ཕྱིར་དེ་བས་ན་ཕ་རོལ་ཏུ་ཕྱིན་པའི་མིང་ཡང་དེ་ཁོ་ན་ཉ
974	terminal-particle	10		སྒྱུ་མ་ལྟ་བུ་ཡིན་པའི་ཕྱིར་མིང་ཙམ་མོ། །
975	terminal-particle	20		ཀུན་རྫོབ་ཏུ་རྫས་སུ་གནས་པས་བླ་ན་མེད་པའི་བྱང་ཆུབ་ཏུ་ཡོངས་སུ་སྔོ་བར་བྱེད་དོ། །
976	terminal-particle	4		ཡོངས་སུ་དག་པའོ། །
977	terminal-particle	52		བདག་ལ་བསྟོད་པ་དང་། རློམ་སེམས་མེད་པའི་བྱང་ཆུབ་སེམས་དཔའ་གང་ཡིན་པ་དེ་ནི་རྟོགས་པ་ལས་
978	line-end	23		ཡོན་ཏན་རིན་པོ་ཆེ་སྡུད་པ་ཚིགས་སུ་བཅད་པ་ལས་སྟོང་པ་ཉིད་ཀྱི་ལེའུ་སྟེ་བཅྭ་བརྒྱད་པའི་བ
979	terminal-particle	99		རིམ་པ་བཞིན་སེམས་ཀྱི་སྐད་ཅིག་མ་སྔ་མ་ནི་རྗེས་སུ་འགྲོ་བ་མེད་པར་ཞིག་ནས་ཕྱི་མ་སྐྱེ་བས
980	terminal-particle	41		དུས་མཉམ་པ་ཡང་ལྷན་ཅིག་སྐྱེས་པས་ཁྱད་པར་མེད་པའི་ཕྱིར་བྱ་བ་དང་བྱེད་པའི་ངོ་བོའི་མཚན་ཉ
981	terminal-particle	30		མེ་ལྕེ་ཕྱི་མའི་སྐད་ཅིག་མས་ཀྱང་དང་པོ་དེ་མེད་པར་སྐད་ཅིག་མ་ཕྱི་མ་མ་སྐྱེས་པའི་ཕྱིར་མ
982	terminal-particle	18		མེ་ལྕེ་ཕྲད་པ་ཐམས་ཅད་ཀྱང་སྙིང་པོ་དེ་ཚིག་མིན་ཏེ། དངོས་པོ་མེད་པའི་ཕྱིར་རོ། །
983	terminal-particle	53		ཡོད་ན་ནི་རྟག་ཏུ་ཡོད་པར་ཐལ་བར་འགྱུར་བས་ཀུན་རྫོབ་ཏུ་ཡང་སྐྱེ་བ་མེད་པའི་ཕྱིར་རྒྱུ་དང
984	terminal-particle	23		མེ་ལྕེ་ཐ་མའི་སྐད་ཅིག་མ་མེད་པར་ཡང་དང་པོའི་སྐད་ཅིག་མས་ཚིག་མིན་ཏེ། ནུས་པ་མེད་པའི་ཕྱ
985	terminal-particle	18		དང་པོའི་སྐད་ཅིག་མ་མེད་པར་མེ་ལྕེ་ཐ་མས་སྙིང་པོ་ཚིག་པ་མ་ཡིན་ནོ། །
986	terminal-particle	114		དེ་བཞིན་དུ་རེ་རེ་ལ་ནུས་པ་མེད་ཀྱང་རྟེན་ཅིང་འབྲེལ་པར་འབྱུང་བའི་ཆོས་ཉིད་ཀྱིས་མེ་ལྕེ
987	terminal-particle	58		དཔེ་བསྟན་ནས་སྐབས་ལ་བབ་པའི་དོན་དང་སྦྱར་བར་བྱ་བའི་ཕྱིར། དང་པོའི་ཞེས་བྱ་བ་ལ་སོགས་པ་
988	terminal-particle	86		དེ་ཡང་དང་པོའི་སེམས་ཀྱིས་བྱང་ཆུབ་ལ་རེག་པའི་རང་བཞིན་དུ་རྣམ་པ་ཐ་མ་མེད་པའི་ཕྱིར་མེད་
989	terminal-particle	24		དང་པོའི་སེམས་ཀྱང་མེད་པས་ན་འཐོབ་པར་ནུས་པ་མ་ཡིན་ཏེ། ཁྱད་པར་ཕུལ་དུ་བྱུང་བ་མ་བསྐྱེད་
990	terminal-particle	30		དེ་བས་ན་སྙིང་པོ་ཚིག་པ་བཞིན་དུ་སྔ་མ་དང་ཕྱི་མའི་སེམས་ཀྱི་སྐད་ཅིག་མ་དག་གིས་བྱང་ཆུབ་
991	terminal-particle	128		སྔ་མ་དང་ཕྱི་མ་གཉིས་ཀྱི་སེམས་ཀྱི་སྐད་ཅིག་རྣམས་སྤྱིར་བྱང་ཆུབ་ཐོབ་པའི་རྒྱུ་ཡིན་པར་བ
992	ordinal-open	16		དང་པོ་དེ་མེད་ན་བྱང་ཆུབ་ཀྱི་ཤིང་ལ་སོགས་པ་མེད་པར་འགྱུར་རོ། །
993	terminal-particle	47		དེ་བཞིན་དུ་དང་པོའི་སེམས་གཙོ་བོའི་རྒྱུ་ཡིན་པའི་ཕྱིར། བྱང་ཆུབ་ཀྱི་གཞི་དང་པོའི་རྒྱུ
994	terminal-particle	12		ཡང་དང་པོ་དེ་མེད་ན་བྱང་ཆུབ་མེད་པར་འགྱུར་རོ། །
995	terminal-particle	88		སེམས་ཀྱི་སྐད་ཅིག་མ་གཉིས་པ་ཡང་རྒྱུ་ཡིན་པར་གསལ་བར་བསྟན་པའི་ཕྱིར། ས་བོན་ཞེས་བྱ་བ་ལ་
996	terminal-particle	29		རྣམ་པ་ཐམས་ཅད་དུ་སྐད་ཅིག་མའི་རྒྱུན་ཡང་མེད་དོ་ཞེས་ངེས་པར་མི་ནུས་ཏེ། རྒྱུ་དེ་དག་དང་
997	terminal-particle	29		དེ་བཞིན་དུ་དང་པོའི་སེམས་སྐད་ཅིག་མའི་སྟོབས་ཀྱིས་སྐད་ཅིག་མ་གཉིས་པའི་སེམས་བསྐྱེད་དེ
998	terminal-particle	28		དེ་ཁོ་ན་ཉིད་དུ་རྒྱུ་དང་འབྲས་བུ་རྟོགས་པར་མི་ནུས་ཏེ། རང་བཞིན་མེད་པའི་ཕྱིར་ཏེ། འདིར
999	terminal-particle	114		རྒྱ་ཆེར་བསྟན་ནས་ཉེ་བར་བསྡུ་བའི་ཕྱིར། ཆུའི་ཞེས་བྱ་བ་ལ་སོགས་པ་གསུངས་ཏེ། ཆུའི་ཐིགས་
1000	terminal-particle	104		ཞར་ལ་བྱུང་བ་རྒྱ་ཆེར་བསྟན་ནས། སྐབས་ལ་བབ་པའི་བསྒོམ་པའི་ལམ་ལ་གནས་པའི་བྱང་ཆུབ་སེམས་ད
1001	terminal-particle	11		འཇིགས་པ་དང་བཅས་པའི་ཕྱིར་མཚན་མར་མི་སྤྱོད་པའོ། །
1002	terminal-particle	49		དཔེར་ན་སྐྱེས་བུ་མཉན་པ་ཤིན་ཏུ་བསླབས་པའི་ཕྱིར་མཁས་པར་གྱུར་པ་གནོད་པ་མེད་པར་ཕར་འགྲོ་
1003	terminal-particle	18		རྒྱ་མཚོ་དེར་ཡང་གནས་པ་མེད་པ་བཞིན་ནོ་ཞེས་ཚིགས་སུ་བཅད་པའི་དོན་སྦྱར་རོ། །
1004	terminal-particle	58		ཕྱིར་མི་ལྡོག་པའི་མཚན་ཉིད་བརྗོད་པ་ལས་སློབ་པའི་བྱང་ཆུབ་སེམས་དཔའི་དགེ་འདུན་བསྟན་ནས།
1005	terminal-particle	92		དེ་ལྟ་བུའི་མི་སློབ་པའི་དགེ་འདུན་གསལ་བར་བྱ་བའི་ཕྱིར་འཁོར་བ་དང་མྱ་ངན་ལས་འདས་པ་མཉམ་
1006	terminal-particle	72		བྱང་ཆུབ་ཀྱི་རྒྱུ་མཚན་གྱིས་སྐྲག་པ་མེད་དེ། ཀུན་ནས་ཉོན་མོངས་པའི་རྣམ་པར་རྟོག་པ་སྤངས་
1007	terminal-particle	167		གཉི་ག་མཉམ་པར་བསྒོམས་པས་སངས་རྒྱས་སུ་གྱུར་ནས་དེ་མ་ཐག་ཏུ་རང་གི་སངས་རྒྱས་ཀྱི་ཞིང་སེམ
1008	terminal-particle	12		ཡོངས་སུ་སྐྱོ་བའི་བློ་ནི་རྡུལ་ཙམ་སྐྱེད་མི་བྱེད་དོ། །
1009	line-end	23		ཡོན་ཏན་རིན་པོ་ཆེ་སྡུད་པ་ཚིགས་སུ་བཅད་པ་ལས་གང་གཱའི་ལྷ་མོའི་ལེའུ་སྟེ་བཅུ་དགུ་པའི་བཤ
1010	terminal-particle	97		སངས་རྒྱས་ཀྱི་ཞིང་ཡོངས་སུ་དག་པར་བྱས་ནས་ཐབས་ལ་མཁས་པས་འཁོར་བ་ཇི་སྲིད་ཀྱི་བར་དུ་སངས་
1011	terminal-particle	23		དེ་ལྟ་བས་ན་སྒྱུ་མ་ལྟ་བུར་སྟོང་པ་ཉིད་ཐབས་ལ་མཁས་པའི་ཡུལ་ཡིན་ནོ་ཞེས་བཤད་པར་འགྱུར་རོ
1012	terminal-particle	91		ཡང་ཅིའི་ཕྱིར་གོམས་པར་བྱས་པས་ཁྱད་པར་དུ་འགྲོ་བར་འགྱུར་ཞེ་ན། དེའི་ལན་དུ་ཐབས་ལ་མཁས་པ
1013	terminal-particle	42		མངོན་སུམ་བྱ་བའི་དུས་དང་དུས་མ་ཡིན་པ་ལ་སྦྱོར་བའི་སྟོབས་ཀྱིས་ཡོངས་སུ་མ་ཉམས་པར་སངས་ར
1014	terminal-particle	47		དེ་ལ་རེ་ཞིག་བར་ཆད་བྱེད་པའི་ཆོས་ལས་འདའ་བའི་ཐབས་དཔེ་སྔོན་དུ་འགྲོ་བས་བསྟན་པའི་ཕྱིར་
1015	line-end	18		དཔའ་བ་ལ་སོགས་པའི་ཡོན་ཏན་གྱིས་བརྒྱན་པས་ན་ཡོན་ཏན་ཀུན་ལྡན་ཞིང་ངོ་། །
1016	verse-stanza	21		ལུས་ཀྱི་སྟོབས་ཕུན་སུམ་ཚོགས་པའི་ཕྱིར་སྟོབས་ལྡན་ནོ། །↵གཞན་གྱིས་ཟིལ་གྱིས་མི་ནོན་པའི
1017	terminal-particle	15		འདི་དག་ཐམས་ཅད་ཀྱི་མཚན་ཉིད་ཡོངས་སུ་ཤེས་པའི་ཕྱིར་བརྩོན་བྱས་སོ། །
1018	terminal-particle	25		གཞན་འདུན་པར་བྱེད་པའི་ཐབས་ལུས་ལ་སོགས་པའི་རྣམ་པར་འགྱུར་བར་བྱེད་པ་ལ་གོམས་པའི་ཕྱིར་ས
1019	terminal-particle	13		འཕོང་ལེགས་པར་བསླབ་པའི་ཕྱིར་འཕོང་གི་ཕ་རོལ་ཏུ་ཕྱིན་པའོ། །
1020	terminal-particle	19		རི་མོ་ལ་སོགས་པའི་ལས་ཀྱི་གནས་ཀྱི་བྱ་བ་ལ་མཁས་པའི་ཕྱིར་བཟོ་གནས་མང་བའོ། །
1021	terminal-particle	23		མ་རུངས་པའི་སྐྱེ་བོ་མང་པོ་སླུ་བ་ལ་གཅིག་ཏུ་མཁས་པའི་ཕྱིར་སྒྱུ་མ་སྒྲུབ་པའི་ཆོ་ག་ཤེས་
1022	terminal-particle	18		སྐྱེ་བོ་དམ་པ་ཡོངས་སུ་བསྐྱང་བ་གཙོར་བྱེད་པས་ན་འགྲོ་དོན་རབ་ཏུ་འདོད་པའོ། །
1023	terminal-particle	67		དེ་ལྟ་བུ་དེ་ཡང་དགྲའི་གནོད་པ་ཡོད་པ་འགའ་ཞིག་ཏུ་ཕ་དང་མ་དང་ཆུང་མར་བཅས་ཏེ། བུ་དང་བུ་མ
1024	terminal-particle	16		གཞན་གྱིས་ཟིལ་གྱིས་མི་ནོན་པའི་ངང་ཚུལ་ཅན་ཡིན་པས་ན་རྟུལ་ཕོད་པའོ། །
1025	terminal-particle	137		སྐྱེས་བུ་མང་པོ་མངོན་པར་སྤྲུལ་ཏེ། བར་ཆད་བྱེད་པ་མང་པོ་ལས་འདས་ནས་དགོན་པ་ལས་བརྒལ་ཏེ།
1026	line-end	40		མི་གནས་པས་གནས་པའི་ཐབས་དང་དཔེ་སྔོན་དུ་འགྲོ་བས་བསྟན་པའི་ཕྱིར་མཁའ་ལ་ཞེས་བྱ་བ་ལ་སོགས
1027	verse-stanza	19		རླུང་དང་བཅས་པ་ལ་ཆུའི་ཕུང་པོའོ། །↵དེ་ལ་ཡང་གསེར་གྱི་ས་གཞིའོ། །↵དེ་ལ་ཡང་ས་ཆེན་པོ།
1028	terminal-particle	11		དེ་ལ་གླིང་བཞི་པའི་འཇིག་རྟེན་གྱི་ཁམས་བརྟེན་ཏོ། །
1029	terminal-particle	20		དེ་ནས་སེམས་ཅན་གྱི་ལོངས་སྤྱོད་ཆགས་ཏེ། དེ་འདྲ་སྟེ་རྩ་བའི་རྒྱུ་ལས་ཡིན་པར་བལྟ་བར་བྱའ
1030	terminal-particle	31		གཞན་དུ་ན་དངོས་པོ་ཐམས་ཅད་ཀྱིས་དབེན་པའི་མཚན་ཉིད་ནམ་མཁའ་ཇི་ལྟར་གནས་སུ་འགྱུར། རླུང་ག
1031	terminal-particle	86		འོན་ཀྱང་དེ་གནས་ཡིན་པར་གྲགས་ཏེ། རབ་ཏུ་གྲགས་པའི་ཕྱིར་ཇི་སྐད་བསྟན་པའི་རྒྱུའི་སྟོབས་
1032	terminal-particle	75		བྱ་བ་རྣམ་པ་སྣ་ཚོགས་ནི་བྱ་བ་དུ་མ་བྱེད་ཅིང་སྤྲུལ་པའི་སྐུ་ནི་རྣམ་པ་སྣ་ཚོགས་པའི་བྱ་བ
1033	terminal-particle	59		སྔོན་གྱི་སྨོན་ལམ་ཡང་མི་འདོར་བའི་ཐབས་བསྟན་པའི་ཕྱིར། གང་གི་ཚེ་ཞེས་བྱ་བ་ལ་སོགས་པ་གས
1034	terminal-particle	16		དཔའ་བར་འགྲོ་བ་ལ་སོགས་པའི་ཏིང་ངེ་འཛིན་བསྒོམ་པ་ནི་འདི་སྤྱོད་པའོ། །
1035	terminal-particle	50		དེ་ལྟར་ཏིང་ངེ་འཛིན་དང་སྟོང་པ་ཉིད་ཀྱི་རང་བཞིན་གཉིས་ཀྱི་བར་སྐབས་དེར་བྱང་ཆུབ་སེམས་ད
1036	terminal-particle	44		ཇི་སྐད་བསྟན་པའི་ཐབས་ལ་མཁས་པའི་སྟོབས་ཀྱིས་གང་འདོད་པ་བཞིན་དུ་མཐའ་གཉིས་སུ་མི་ལྟུང་ང
1037	terminal-particle	13		འཁོར་བ་ལ་མངོན་པར་ཞེན་པ་སྤངས་པས་ན་རབ་ཞི་བའོ། །
1038	terminal-particle	12		སྤྱོད་པ་ནི་མཚན་མ་མེད་པ་ལ་སྤྱོད་པར་འགྱུར་བའོ། །
1039	terminal-particle	52		ཐུན་མོང་མ་ཡིན་པའི་ཐབས་ལ་མཁས་པ་བསྟན་པའི་ཕྱིར། བར་སྣང་ཞེས་བྱ་བ་ལ་སོགས་པ་གསུངས་ཏེ། 
1040	terminal-particle	48		གཤོག་པ་གཉིས་ཀྱི་སྟོབས་ཀྱིས་ས་ལ་ཡང་མི་ལྟུང་ངོ་། །དེ་ལྟར་བྱང་ཆུབ་སེམས་དཔའ་སྟོང་པ་ཉ
1041	terminal-particle	39		དམིགས་པ་སྤངས་པའི་ཕྱིར་མཚན་མར་སྤྱོད་པ་མ་ཡིན་ཏེ། དེ་ནི་བྱང་ཆུབ་སེམས་དཔའི་ཉན་ཐོས་ལ་
1042	terminal-particle	142		ཆགས་པ་མེད་པའི་ཐབས་ལ་མཁས་པ་དཔེ་སྔོན་དུ་འགྲོ་བས་བསྟན་པའི་ཕྱིར། དཔེར་ན་ཞེས་བྱ་བ་ལ་ས
1043	terminal-particle	120		སྟོང་པ་ཉིད་དང་ཐབས་ལ་མཁས་པ་སྔ་མ་བཞིན་དུ་བསྟན་པའི་ཕྱིར། དཔེར་ན་ཞེས་བྱ་བ་ལ་སོགས་པ་ག
1044	terminal-particle	28		དེ་བཞིན་དུ་བྱང་ཆུབ་སེམས་དཔའ་མཁས་པ་སྟོང་གནས་ཤིང་། ཡེ་ཤེས་ཕུལ་དུ་བྱུང་བ་ཐོབ་པའི་རྫ
1045	terminal-particle	12		གནས་ངེས་པར་འཛིན་པ་སྤངས་པའི་ཕྱིར་གནས་པ་མེད་དོ། །
1046	terminal-particle	26		རྣམ་པ་དུ་མའི་བྱ་བ་བྱེད་པས་ན་འགྲོ་བ་དག་ལ་བྱ་བ་རྣམ་པ་སྣ་ཚོགས་སྙིང་རྗེས་སྤྲུལ་པའི་ས
1047	terminal-particle	9		རེ་རེའི་རྣམ་པ་མང་བས་མཐའ་ཡས་སོ། །
1048	terminal-particle	18		བསྐལ་པ་བྱེ་བར་སྟོང་པ་ཉིད་དང་ཐབས་ལ་མཁས་པའི་སྟོབས་ཀྱིས་སྐྱོ་བ་མེད་དོ། །
1049	terminal-particle	12		སྤྲུལ་པ་ལེགས་པར་གོམས་པའི་སྟོབས་ཀྱིས་དུབ་པ་མེད་དོ། །
1050	line-end	105		མཚན་མ་མེད་པའི་ཐབས་ལ་མཁས་པ་དེ་བཞིན་དུ་རིག་པར་བྱ་བའི་ཕྱིར། དཔེར་ན་ཞེས་བྱ་བ་ལ་སོགས་
1051	verse-stanza	21		ཐབས་དང་ཤེས་རབ་གཉིས་ཀྱི་གདུགས་ནི་ཡོངས་བཟུང་སྟེ། །↵ཆོས་རྣམས་སྟོང་པ་མཚན་མེད་སྨོན་པ་
1052	terminal-particle	37		ངེས་པར་ཡིད་ཆེས་པར་བྱེད་ཅིང་མཚན་མ་མེད་པའི་ཐབས་ཀྱི་སྟོབས་ཀྱིས་མྱ་ངན་ལས་འདས་ལ་རེག་པ
1053	terminal-particle	34		སྨོན་པ་མེད་པའི་ཐབས་དཔེ་སྔོན་དུ་འགྲོ་བས་རྟོགས་པར་བྱ་བའི་ཕྱིར། དཔེར་ན་ཞེས་བྱ་བ་ལ་ས
1054	terminal-particle	74		བཻ་ཌཱུརྱ་ལ་སོགས་པའི་རིན་པོ་ཆེའི་འབྱུང་གནས་ནི་གླིང་ངོ་། །གང་གི་ཚེ་ཡང་དེར་ནི་དེད་ད
1055	terminal-particle	76		དེ་བཞིན་དུ་བྱང་ཆུབ་སེམས་དཔའ་སྟོང་པ་ཉིད་ནི་ཡོན་ཏན་རིན་པོ་ཆེ་འབྱུང་བའི་ཕྱིར་རིན་ཆེ
1056	terminal-particle	26		ཡིད་ལ་འཇོག་པ་མ་ཡིན་ཏེ། སྨོན་པ་མེད་པའི་ཐབས་ཀྱི་སྟོབས་ཀྱིས་མྱ་ངན་ལས་འདས་པ་མངོན་དུ་
1057	line-end	47		དེ་བཞིན་དུ་ཕྱིར་མི་ལྡོག་པའི་རྟགས་ཀྱི་ཐབས་ལྡན་པའི་ཕྱིར། དཔེར་ན་ཞེས་བྱ་བ་ལ་སོགས་པ་
1058	verse-stanza	19		བར་གྱི་གྲོང་ཁྱེར་གྲོང་རྡལ་གྲོང་གང་ཡིན་པར་འགྲོ། །↵དེར་ཡང་ནི་གྲོང་ཁྱེར་ལ་སོགས་པར་ར
1059	verse-stanza	13		རིན་ཆེན་གླིང་དུའང་མི་གནས་ལ། །↵རིག་པ་ཁྱིམ་དུའང་མི་གནས་སོ། །
1060	terminal-particle	25		འོན་ཀྱང་དེ་ཉིད་ཀྱིས་རྐུན་མ་ལ་སོགས་པ་ཐག་བསྲིང་བའི་ཐབས་ཤེས་པའི་བདག་ཉིད་ཡིན་པའི་ཕྱི
1061	terminal-particle	32		ནོར་སོགས་པར་བྱེད་པས་ན་རྣམ་པར་རིག་པར་བྱེད་པའི་ཕྱིར་རང་གི་ཁྱིམ་དུ་བསྐྱབ་པར་བྱ་བའི་
1062	terminal-particle	24		དེ་བཞིན་དུ་བྱང་ཆུབ་སེམས་དཔའ་དད་པའམ། སྙིང་རྗེ་དང་ཤེས་རབ་ཀྱི་སྦྱོར་བ་ཤེས་པས་ན་མཁས་
1063	terminal-particle	34		ཉན་ཐོས་དང་རང་སངས་རྒྱས་རྣམས་ཀྱི་ལམ་ཤེས་པས་རྣམ་པར་གྲོལ་བ་ཀུན་ལ་མཁས་ཏེ། དེ་དག་གིས་འ
1064	terminal-particle	23		སེམས་ཅན་གྱི་དོན་ཡོངས་སུ་མི་གཏོང་བས་ན་དེ་དག་མངོན་དུ་མི་བྱེད་པས་དེ་ལ་ཡང་མི་གནས་སོ།
1065	terminal-particle	19		བྱ་བ་མ་བྱས་པས་ནི་དེ་བཞིན་དུ་དེ་བཞིན་གཤེགས་པའི་ཡེ་ཤེས་ལ་མི་གནས་སོ། །
1066	terminal-particle	15		འདུས་བྱས་ཀྱི་ཉེས་པ་རྟོགས་པའི་ཕྱིར་འདུས་བྱས་ལ་ཡང་མི་གནས་སོ། །
1067	terminal-particle	12		དེ་ཉིད་ཀྱི་ཕྱིར་ཐམས་ཅད་དུ་འགྲོ་བའི་ལམ་ཡིན་ནོ། །
1068	terminal-particle	46		ཡོན་ཏན་དང་སྐྱོན་རིམ་པ་ཇི་ལྟ་བ་བཞིན་དུ་ཡོངས་སུ་ཤེས་པ་ལ་མཁས་པ་ནི་ཚུལ་ཤེས་པ་ཡིན་ཏེ།
1069	terminal-particle	101		ཚད་མེད་པའི་ཐབས་ལ་མཁས་པ་བསྟན་པའི་ཕྱིར། གང་ཚེ་ཞེས་བྱ་བ་ལ་སོགས་པ་གསུངས་ཏེ། གང་གི་ཚེ
1070	terminal-particle	10		ཞེས་བྱ་བ་ནི་ཚིགས་སུ་བཅད་པའི་དོན་ཏོ། །
1071	terminal-particle	57		དེ་ཉིད་ཀྱི་དོན་དཔེས་གསལ་བར་བསྟན་པའི་ཕྱིར། དཔེར་ན་སྤྲུལ་པའི་མི་ནི་སྔགས་ལ་སོགས་པས་
1072	terminal-particle	54		དེ་བཞིན་དུ་བྱང་ཆུབ་སེམས་དཔའ་སེམས་ཅན་ལ་དམིགས་པ་མེད་པ་སྟོང་པ་ཉིད་ལ་སོགས་པའི་རྣམ་པར
1073	terminal-particle	35		དེ་ལྟ་བས་ན་ཐབས་སྔ་མ་སྔ་མ་ནི་ཐབས་ཕྱི་མ་ཕྱི་མའི་རྒྱུའི་གཙོ་བོ་ཡིན་ཏེ། སྟོང་ཕྲག་བརྒ
1074	terminal-particle	11		ཐབས་མཐའ་ཡས་པ་ཐམས་ཅད་འདིར་འདུས་པ་ཡིན་ནོ། །
1075	terminal-particle	99		རྒྱུ་གཞན་བརྗོད་པར་བྱ་བ་མེད་དོ་ཞེས་ཉེ་བར་སྦྱར་བའི་ཕྱིར། གལ་ཏེ་ཞེས་བྱ་བ་ལ་སོགས་པ་ག
1076	terminal-particle	23		བསྡུས་ནས་བསྟན་པ་རྒྱས་པར་མི་འཆད་པ་དེ་ནི་ལུང་མ་བསྟན་པ་ཡིན་པར་རིག་པར་བྱའོ་ཞེས་བསྟན་
1077	line-end	19		དེ་དག་གིས་ནི་རྣམ་པ་ཀུན་མངོན་པར་རྫོགས་པ་བསྟན་པ་ཡིན་ཏེ། དེ་སྐད་དུ་ཡང་།
1078	verse-stanza	27		རྣམ་པ་སྦྱོར་དང་བཅས་རྣམས་དང་། །↵ཡོན་ཏན་སྐྱོན་ནི་མཚན་ཉིད་བཅས། །↵ཐར་དང་ངེས་འབྱེད་ཆ་
1079	verse-stanza	26		སྲིད་དང་ཞི་བ་མཉམ་ཉིད་དང་། །↵ཞིང་དག་བླ་ན་མེད་པ་ནི། །↵རྣམ་ཀུན་མངོན་རྫོགས་རྟོགས་པ་ས
1080	quote-close	3		ཞེས་གསུངས་སོ། །
1081	line-end	56		རྣམ་པ་ཀུན་མངོན་པར་རྫོགས་པར་རྟོགས་པ་ཐོབ་པ་ནི་དེ་མ་ཐག་ཏུ་རབ་ཀྱི་མཐར་ཐུག་པ་རྩེ་མོའི
1082	verse-stanza	14		ཁམས་གསུམ་དག་ཀྱང་མི་འདོད་དེ། །↵ཤིན་ཏུ་གོམས་པར་བྱས་པའི་ཕྱིར་རོ། །
1083	line-end	208		རྨི་ལམ་ན་ཡང་སངས་རྒྱས་རྣམས་མཐོང་འགྲོ་ལ་ཆོས་ཀྱང་སྟོན་བྱེད་པ་དེ་ལྟ་བུ་ནི་རྩེ་མོའི་མ
1084	terminal-particle	109		བདུད་ཀྱི་བྱིན་གྱི་རླབས་ཀྱིས་སོང་བ་ནི་རྟགས་མ་ཡིན་པའི་ཕྱིར། ཅི་སྟེ་ཞེས་བྱ་བ་ལ་སོགས
1085	terminal-particle	26		ཞར་ལས་འབྱུང་བའི་བདུད་ཀྱི་ལས་ཀྱི་བྱེ་བྲག་བསྟན་པ་ལས་མིང་གི་གཞི་ལས་འབྱུང་བའི་བདུད་ཀ
1086	terminal-particle	134		མིང་གི་ཞེས་བྱ་བ་ལ་སོགས་པ་གསུངས་ཏེ། མ་ལ་སོགས་པའི་མིང་བརྗོད་ཅིང་བྱིན་གྱིས་རློབ་པ་བ
1087	terminal-particle	104		སྦྱངས་པའི་ཡོན་ཏན་གྱི་གཞི་ལས་བྱུང་བའི་བདུད་ཀྱི་ལས་བསྟན་པའི་ཕྱིར། སྦྱངས་སྡོམ་ཞེས་བ
1088	line-end	31		ཡང་དབེན་པའི་གཞི་ལས་བྱུང་བའི་བདུད་ཀྱི་ལས་བསྟན་པའི་ཕྱིར། རབ་ཏུ་དབེན་པའི་ཞེས་བྱ་བ་ལ
1089	verse-stanza	18		རབ་ཏུ་དབེན་པའི་གྲོང་དང་གྲོང་ཁྱེར་རོ། །↵ཆུ་འབབ་པ་དང་ལྡན་པའི་ཕྱིར་རི་སུལ་ལོ། །
1090	terminal-particle	13		གྲོང་ལས་རྒྱང་གྲགས་ཀྱི་ཚད་ཙམ་ན་གནས་པ་ནི་དགོན་པའོ། །
1091	terminal-particle	18		འབྲོག་དགོན་པ་ལ་སོགས་པར་སྟག་ལ་སོགས་པ་དང་བྲལ་བའི་ཕྱིར་རབ་ཏུ་དབེན་པའོ། །
1092	terminal-particle	68		ནགས་ཀྱི་ཁྱད་པར་ནི་ནགས་ཁྲོད་དེ་རབ་ཏུ་སྟེན་བྱེད་ཅིང་གལ་ཏེ་བདག་ལ་བསྟོད་ལ་ཡོན་ཏན་ལ་ས
1093	line-end	20		འོ་ན་དབེན་པའི་གནས་ཇི་ལྟ་བུ་ཡིན་ཞེ་ན། རྟག་ཏུ་ཞེས་བྱ་བ་ལ་སོགས་པ་གསུངས་ཏེ།
1094	verse-stanza	17		ལུས་འཕགས་ལ་སོགས་པ་ནི་གྲོང་ངོ་། །↵ཙམ་པ་ཀ་ལ་སོགས་པ་ནི་ཡུལ་ལོ། །
1095	terminal-particle	58		པ་ཏྲ་ལི་པུ་ཏྲ་ལ་སོགས་པ་ནི་ཡུལ་འཁོར་ཏེ། རྟག་ཏུ་གནས་བྱེད་ཅིང་གཞན་དུ་ན་ཉན་ཐོས་ལ་སོག
1096	terminal-particle	12		དེ་ནི་དགྲ་བཅོམ་པ་དང་རང་རྒྱལ་ནི་རང་རྒྱལ་ལོ། །
1097	line-end	28		འདོད་པ་གཞན་ཡང་སྐྱེད་མི་བྱེད་དེ། བསྟན་མ་ཐག་པ་དེ་དག་དང་། མི་དགེ་བའི་ཆོས་ཐམས་ཅད་ལས་
1098	verse-stanza	27		དེ་བཞིན་གཤེགས་པ་ཞེས་བྱ་བར་འབྲེལ་ཏོ། །↵འདི་ནི་ཆོས་ཀྱི་དབྱིངས་ལས་བྱུང་བའི་ཕྱིར་རོ།
1099	terminal-particle	34		གཞན་ནི་དབེན་པ་མ་ཡིན་ནོ་ཞེས་བསྟན་པའི་ཕྱིར། གང་ཞིག་ཅེས་བྱ་བ་ལ་སོགས་པ་གསུངས་ཏེ། གང་
1100	terminal-particle	14		གང་གི་ཕྱིར་ལོ་མང་བྱེ་བར་གནས་བྱེད་ཀྱང་གནས་ནི་ཁྱིམ་མོ། །
1101	terminal-particle	60		དབེན་པ་འདི་ནི་བསྟན་མ་ཐག་པ་ཡིན་པར་མི་ཤེས་པའི་བྱང་ཆུབ་སེམས་དཔའ་ཉན་ཐོས་ལ་སོགས་པའི་ཡ
1102	terminal-particle	44		ང་རྒྱལ་གྱི་ཡུལ་དེ་ཉིད་བདུད་ཀྱི་སྤྱོད་ཡུལ་ལས་མ་འདས་པར་བསྟན་པའི་ཕྱིར། བྱང་ཆུབ་སེམས
1103	terminal-particle	17		བཟོད་པ་ནས་ཆོས་ཀྱི་མཆོག་གི་བར་གྱི་དད་པ་ལ་སོགས་པ་ནི་སྟོབས་སོ། །
1104	terminal-particle	9		བསམ་གཏན་ནི་བཞི་སྟེ་མཉམ་པར་སྒྲུབ་པའོ། །
1105	terminal-particle	14		དྲོད་དང་རྩེ་མོའི་རང་བཞིན་དད་པ་ལ་སོགས་པ་ནི་དབང་པོའོ། །
1106	terminal-particle	11		སྟོང་པ་ཉིད་ལ་སོགས་པ་ནི་རྣམ་པར་ཐར་པའོ། །
1107	terminal-particle	12		དཔའ་བར་འགྲོ་བ་ལ་སོགས་པ་ནི་ཏིང་ངེ་འཛིན་ཏོ། །
1108	quote-open	29		ཐོབ་པ་དེ་ལ་འདི་ནི་དགོན་དབེན་སྤྱོད་པ་མིན་སྙམ་བྱང་ཆུབ་སེམས་དཔའ་བརྙས་བྱེད་ན། །དེ་ནི
1109	terminal-particle	53		རྒྱ་ཆེར་བསྟན་པ་ཉིད་ཉེ་བར་བསྡུ་བའི་ཕྱིར། གང་ཞིག་ཅེས་བྱ་བ་ལ་སོགས་པ་གསུངས་ཏེ། གང་ཞི
1110	terminal-particle	15		བླ་ན་མེད་པའི་བྱང་ཆུབ་ཏུ་ངེས་པས་ན་བྱང་ཆུབ་མཆོག་ངེས་སོ། །
1111	terminal-particle	36		བྱང་ཆུབ་སེམས་དཔའི་དབེན་པ་དེ་ལས་གཞན་ནི་ཉན་ཐོས་ལ་སོགས་པ་དང་འབྲེལ་པ་ཡོན་ཏན་ཆུང་ངུ་ཐ
1112	terminal-particle	23		གང་གི་ཕྱིར་བསྟན་མ་ཐག་པའི་ཉེས་པས་དབེན་ཞིང་འགྲོ་དོན་ཞུགས་པ་རྣམས་ཀྱི་སྟེ། རྒྱལ་བའི་
1113	line-end	25		ཡོན་ཏན་རིན་པོ་ཆེ་སྡུད་པ་ཚིགས་སུ་བཅད་པ་ལས་བདུད་ཀྱི་ལས་ཀྱི་ལེའུ་སྟེ་ཉི་ཤུ་རྩ་གཅིག་
1114	terminal-particle	64		གང་གིས་ཡོངས་སུ་མ་ཤེས་པ་དེ་ཉིད་ཉེས་པ་སྟེ། མི་མཐུན་པའི་ཕྱོགས་དེ་དག་དགག་པའི་ཕྱིར། ད
1115	terminal-particle	13		མངོན་པར་ཡིད་ཆེས་པ་མང་བའི་ཕྱིར་བསམ་པ་དྲག་ལྡན་ནོ། །
1116	terminal-particle	41		བྱང་ཆུབ་དམ་པ་ཚོལ་བ་དེས་ན་ནད་པའི་ཚོགས་ཀྱིས་སྨན་པ་བསྟེན་པ་ལྟར། འདོད་ཆགས་ལ་སོགས་པ་ར
1117	terminal-particle	25		དགེ་བའི་བཤེས་གཉེན་ཡང་གང་ཞིག་ཡིན་ཞེ་ན། སངས་རྒྱས་ཞེས་བྱ་བ་ལ་སོགས་པ་གསུངས་ཏེ། སངས་ར
1118	terminal-particle	27		བྱང་ཆུབ་མཆོག་ཞུགས་བྱང་ཆུབ་སེམས་དཔའ་དག་གིས་དགེ་བའི་བཤེས་གཉེན་དག་ཕ་རོལ་ཏུ་ཕྱིན་པ་ད
1119	terminal-particle	29		དེ་སྨན་པ་ལ་སངས་རྒྱས་ལ་སོགས་པ་ནི་ཕན་པ་དང་ཕན་པ་མ་ཡིན་པ་ཐོབ་པ་དང་སྤོང་བ་རྗེས་སུ་སྟོ
1120	terminal-particle	27		སྦྱིན་པ་ལ་སོགས་པ་ཕ་རོལ་ཏུ་ཕྱིན་པ་རྣམས་ནི་རྗེས་སུ་གནས་པར་བྱ་བ་ཡིན་པའི་ཕྱིར་སྒྲུབ་
1121	terminal-particle	27		དེ་ལྟར་རྒྱུ་རྣམ་པ་གཉིས་ཀྱིས་སངས་རྒྱས་བྱང་ཆུབ་མྱུར་དུ་རྟོགས་ཏེ། དེ་ལས་མ་གཏོགས་པའི
1122	terminal-particle	58		སངས་རྒྱས་དང་བྱང་ཆུབ་སེམས་དཔའ་ཐམས་ཅད་ཀྱི་ཕ་རོལ་ཏུ་ཕྱིན་པ་ཁོ་ན་སྒྲུབ་པའི་ས་མ་ཡིན་ན
1123	terminal-particle	8		དེ་ལྟར་ཉིད་ཡིན་པའི་ཕྱིར་བཞུགས་པའོ། །
1124	line-end	28		ཕྱོགས་བཅུ་དག་གི་སངས་རྒྱས་བཅོམ་ལྡན་འདས་དེ་དག་ཀུན་ཏེ། སངས་རྒྱས་ཇི་སྙེད་པའི་ལམ་ཕ་རོ
1125	ordinal-open	19		གཉིས་པ་མེད་པའི་ཕྱིར་གཞན་མ་ཡིན་ཏེ། གཞན་གྱིས་ཕྱིན་ཅི་ལོག་སྤོང་བ་མེད་པའི་ཕྱིར་རོ། །
1126	terminal-particle	15		གང་གི་ཚེ་ཉོན་མོངས་པའི་སྒྲིབ་པའི་མུན་པ་བསལ་བས་ན་བསལ་བའོ། །
1127	terminal-particle	11		ཤེས་བྱའི་སྒྲིབ་པའི་མུན་པ་བསལ་བས་ན་སྒྲོན་མའོ། །
1128	terminal-particle	26		དེ་བཞིན་དུ་ཡང་བྱང་ཆུབ་མཆོག་ལ་ཞུགས་པའི་བྱང་ཆུབ་སེམས་དཔའ་རྣམས་མཐོང་བའི་ལམ་གྱིས་སྣང
1129	terminal-particle	14		ཡང་བསྒོམ་པའི་ལམ་བསྐྱེད་པ་རྗེས་སུ་སྟོན་པས་སྟོན་པར་འགྱུར་བའོ། །
1130	terminal-particle	25		ཡང་དག་པར་ཕ་རོལ་ཏུ་ཕྱིན་པ་འདི་དག་སྟོན་པའི་ཕྱིར་འདི་དག་ཉིད་ཁོ་ན་སྒྲུབ་པའི་ས་ཡིན་པར
1131	terminal-particle	31		ཞར་ལ་བྱུང་བ་བསྟན་ནས་ད་ནི་སྐབས་ལ་བབ་པ་ཉིད་ཀྱིས་ཇི་སྐད་བསྟན་པའི་རྟགས་ལ་མངོན་པར་ཞེན
1132	terminal-particle	207		ཇི་ལྟར་ཞེས་བྱ་བ་ལ་སོགས་པ་གསུངས་ཏེ། ཇི་ལྟར་ཤེས་རབ་ཀྱི་ཕ་རོལ་ཏུ་ཕྱིན་པ་སྒྱུ་མ་ལྟ་བ
1133	terminal-particle	26		ཡང་དེ་ཁོ་ན་ཉིད་དུ་བདག་དང་བདག་གི་ལ་སོགས་པའི་ཆོས་ཉིད་གཉིས་མ་སྐྱེས་པའི་ཕྱིར་ཡང་དག་མ
1134	terminal-particle	13		ཕྱིན་ཅི་ལོག་གི་སྟོབས་ཀྱིས་ནམ་མཁའ་ལ་མདུད་པ་བོར་རོ། །
1135	terminal-particle	19		དེ་བཞིན་དུ་སྐྱེ་བོ་རྣམས་རང་ཉིད་བཅིངས་པ་སྟེ་གྲོལ་བར་དཀའ་ཞེས་བྱ་བའི་བར་དུའོ། །
1136	terminal-particle	24		ཅིའི་ཕྱིར་ཞེ་ན། ཐ་སྙད་ལ་མི་མཁས་པའི་ཕྱིར་བྱིས་པ་སྟེ། བྱིས་པ་བཞིན་གྲོལ་བར་མི་ནུས་ཞ
1137	terminal-particle	13		དེས་ནི་ཀུན་ནས་ཉོན་མོངས་པའི་དངོས་པོར་རྣམ་པར་གཞག་གོ། །
1138	terminal-particle	51		ཅི་འདི་དག་ཕྱིན་ཅི་ལོག་གི་སྟོབས་ཀྱིས་ཀུན་དུ་སྟོན་པར་རྣམ་པར་གཞག་ཅེ་ན། དཔེར་ན་ཞེས་བ
1139	terminal-particle	23		དུག་དེ་ཁོང་དུ་སོང་བ་མེད་ཀྱང་བརྒྱལ་བར་འགྱུར། དེ་བཞིན་དུ་འཕགས་པའི་ལམ་མ་སྐྱེས་པའི་ཕ
1140	terminal-particle	13		ཕྱིན་ཅི་ལོག་གི་སྟོབས་ཀྱིས་ལེགས་པར་སྦྱར་ཏེ། འདི་ནི་བདག་གོ། །
1141	terminal-particle	8		འདི་ནི་བདག་གི་ཆོས་སོ་སྙམ་མོ། །
1142	line-end	5		དེ་སྐད་དུ་ཡང་།
1143	verse-stanza	26		བདག་ཡོད་པ་ནི་གཞན་དུ་ཤེས། །↵བདག་གཞན་ཆ་ལས་འཛིན་དང་སྡང་། །↵དེ་གཉིས་དང་ནི་འབྲེལ་པ་ལས
1144	terminal-particle	5		ཞེས་གསུངས་པ་ཡིན་ནོ། །
1145	terminal-particle	32		དེ་ལྟར་བདག་ཏུ་འདུ་ཤེས་པ་སྐྱེས་པ་དེས་ཀྱང་དེ་དག་ཉིད་དུ་དབེན་ཞིང་སྟོང་པའི་ཕྱིར་ཡང་ད
1146	terminal-particle	20		ཇི་སྐད་བསྟན་པའི་ནུས་པ་ལས་བཟློག་པ་ནི་རྣམ་པར་བྱང་བའི་དངོས་པོར་རྣམ་པར་གཞག་གོ། །
1147	terminal-particle	41		བདེན་པ་གཉིས་ལ་ཡང་དག་པར་བརྟེན་ནས་གཉི་ག་རྣམ་པར་གཞག་པ་ཉེ་བར་བསྡུ་བའི་ཕྱིར། ཇི་ལྟར་ཞ
1148	terminal-particle	23		དེ་ལྟར་ཀུན་ནས་ཉོན་མོངས་པ་བསྟན་ནས་ཇི་སྐད་བསྟན་པའི་མངོན་པར་ཞེན་པ་བདག་དང་བདག་གི་ཆོས
1149	quote-open	12		ཇི་ལྟར་མི་དམིགས་པ་དེ་ལྟར་རྣམ་པར་བྱང་བར་གསུངས།
1150	line-end	30		དེ་ཁོ་ན་ཉིད་དུ་འདི་ལ་གང་ཡང་སྟེ། སྒྱུ་མ་ལྟ་བུ་ཡིན་པའི་ཕྱིར་ཕྱིན་ཅི་ལོག་མེད་པས་གང་
1151	verse-stanza	19		བྱང་ཆུབ་སེམས་དཔས་ཤེས་རབ་ཕ་རོལ་ཕྱིན་པ་རྟོགས། །↵ཆོས་ཉིད་ཅེས་བྱ་བའི་ཚིག་གི་ལྷག་མའོ།
1152	terminal-particle	119		དེ་ལྟར་དེའི་རྟགས་ཤེས་པར་བྱས་ནས་རྩེ་མོའི་མངོན་པར་རྟོགས་པའི་རྣམ་པར་འཕེལ་བ་བསྟན་པའི
1153	terminal-particle	73		དེ་ལ་བརྩོན་པ་ཐ་ན་ཉི་མ་གཅིག་ཅིག་ཡང་དག་པར་རྗེས་སུ་མཐུན་བྱེད་ན། འདིར་ཤེས་རབ་ཀྱི་ཕ་ར
1154	terminal-particle	19		དེའི་ཕྱིར་གཡེལ་བ་མེད་པར་རྟག་ཏུ་ཤེས་རབ་འཇུག་པར་བྱ་སྟེ། བསྒོམ་པར་བྱ་ཞེས་ལྷག་མའོ། །
1155	terminal-particle	60		ཡུལ་འདི་འབའ་ཞིག་ལ་གོམས་པར་བྱ་བ་མ་ཡིན་ལ། འོན་ཀྱང་སྙིང་རྗེ་ཡང་གོམས་པར་བྱའོ་ཞེས་བསྟ
1156	terminal-particle	23		སྙིང་རྗེ་ཆེན་པོ་བསྐྱེད་ཀྱང་སེམས་ཅན་འདུ་ཤེས་མེད་དེ། མངོན་པར་ཞེན་པས་སེམས་ཅན་དུ་འདུ
1157	terminal-particle	12		དེའི་ཚེ་རྟགས་སྔོན་དུ་འགྲོ་བ་ཉིད་ཀྱིས་ན་མཁས་པའོ། །
1158	terminal-particle	15		འགྲོ་བ་ཀུན་གྱི་བསོད་ནམས་ཀྱི་ཞིང་ཡིན་པའི་ཕྱིར་སྦྱིན་གནས་འགྱུར་རོ། །
1159	terminal-particle	29		དུས་རྟག་ཏུ་གདོན་མི་ཟ་བར་ཐོབ་པའི་འབྲས་བུ་སྟེར་བའི་ནུས་པ་དང་ལྡན་པའི་ཕྱིར་ཡུལ་འཁོར་
1160	terminal-particle	68		དེ་བས་ན་སེམས་ཅན་གྱི་དོན་གྱི་རབ་སྙིང་རྗེ་དང་ཤེས་རབ་གཉིས་ཀྱི་རྣལ་འབྱོར་སྒྲུབ་བོ་ཞེ
1161	terminal-particle	14		དགྲོལ་བར་ཡང་དག་པར་འདོད་པས་ལམ་ཡངས་ནི་ཐེག་པ་ཆེན་པོའོ། །
1162	terminal-particle	23		འཁོར་བའི་རྒྱ་མཚོའི་ཕ་རོལ་གྱི་འགྲམ་སེམས་ཅན་གྱི་ཁམས་ལ་སྟོན་པར་འདོད་པས་ཞེས་སྔ་མ་དང་
1163	terminal-particle	24		དེ་བས་ན་ཉིན་མཚན་དུ་ཤེས་རབ་ཀྱི་ཕ་རོལ་ཏུ་ཕྱིན་པ་སྙིང་རྗེ་དང་བཅས་པ་འདི་ལ་བརྩོན་པར་བ
1164	quote-open	47		དོན་དེ་ཉིད་ཁོ་ན་ཞེས་དཔེས་གསལ་བར་བྱ་བའི་ཕྱིར། མི་ཞིག་ཅེས་བྱ་བ་ལ་སོགས་པ་གསུངས་ཏེ། 
1165	terminal-particle	53		དེ་མ་ཐག་ཏུ་ཡང་རྣམ་པར་གཡེང་བ་ལ་སོགས་པའི་སྤྱོད་པས་བག་མེད་པར་གྱུར་ཏེ། རྙེད་པ་སྟོར་ན
1166	terminal-particle	41		དེ་ལྟར་དེ་བཞིན་དུ་བྱང་ཆུབ་མཆོག་ཞུགས་རྙེད་པར་དཀའ་བའི་ཕྱིར་རིན་པོ་ཆེ་དང་འདྲ་བའི་སྙ
1167	terminal-particle	23		རིན་ཆེན་དོར་བ་རྙེད་པ་ལྟར། །འདི་ལྟར་གོས་ལ་སོགས་པ་ལ་གཏུམས་ནས་རབ་ཏུ་བརྩོན་པས་སེམས་ཅ
1168	terminal-particle	49		གང་གི་ཚེ་ཤེས་རབ་ཀྱི་ཕ་རོལ་ཏུ་ཕྱིན་པ་དུས་ཡུན་རིང་པོར་གོམས་པ་དང་རྗེས་སུ་འབྲེལ་པ་དེ
1169	line-end	26		ཡོན་ཏན་རིན་པོ་ཆེ་སྡུད་པ་ཚིགས་སུ་བཅད་པ་ལས་དགེ་བའི་བཤེས་གཉེན་གྱི་ལེའུ་སྟེ་ཉི་ཤུ་རྩ
1170	terminal-particle	208		སྙིང་རྗེ་དང་ཤེས་རབ་དག་གིས་རྣམ་པར་འཕེལ་བ་ཐུན་མོང་གི་འབྲས་བུ་བསྟན་ནས། ཁྱད་པར་གྱི་མ
1171	terminal-particle	93		མི་མཐུན་པའི་ཕྱོགས་ཟིལ་གྱིས་གནོན་པ་བསྟན་ནས། ད་ནི་དེ་བཞིན་དུ་གཉེན་པོ་ཐོབ་པ་ཡང་བསྟན
1172	terminal-particle	38		འཇིག་རྟེན་གྱིས་བསྟེན་པར་བྱ་བའི་ཕྱིར་མངོན་པར་འགྲོ་བྱ་འོས། འདི་ནི་ད་ལྟར་ན་ཡང་སྟེ་ད
1173	terminal-particle	89		དེ་བས་ན་དབང་བསྐུར་བ་ཐོབ་པ་ཅོད་པན་བཅིངས་པར་གྱུར་པ་རྒྱལ་པོ་ཁྱད་པར་ཅན་དུ་གནས་པས་སེམ
1174	terminal-particle	36		འདི་ནི་ད་ལྟ་ན་ཡང་སྟེ་ཆུང་ངུ་ཐོབ་པའི་གནས་སྐབས་ན་ཡང་སེམས་ཅན་མང་པོ་ལ་ཕན་པ་བདེ་བ་ལ་བ
1175	terminal-particle	39		བག་ཆགས་ཀྱི་སྒྲིབ་པ་ཐམས་ཅད་སྤངས་པའི་ཕུལ་དུ་བྱུང་བའི་ཆོས་ཀྱི་རྒྱལ་པོར་གནས་པར་གྱུར་
1176	quote-open	12		ཡོན་ཏན་རིན་པོ་ཆེ་སྡུད་པ་ཚིགས་སུ་བཅད་པ་ལས།
1177	line-end	12		བརྒྱ་བྱིན་གྱི་ལེའུ་སྟེ་ཉི་ཤུ་རྩ་གསུམ་པའི་བཤད་པའོ།། །།
1178	terminal-particle	124		དེ་ལྟར་གཉེན་པོ་ཤིན་ཏུ་འཕེལ་བས་རང་གི་སྤྱོད་ཡུལ་ལས་འདས་པས་བདུད་བརྩོན་པ་ཆེན་པོ་བྱེད
1179	terminal-particle	131		གང་ཞིག་ལ་མི་ནུས་ཤེ་ན། ལན་དུ་གང་ཚེ་ཞེས་བྱ་བ་ལ་སོགས་པ་གསུངས་ཏེ། གང་གི་ཚེ་མཁས་པར་གྱ
1180	terminal-particle	41		ལམ་ལ་ཡང་དག་པར་མ་ཞུགས་པ་ལ་ནི་ནུས་སོ་ཞེས་བསྟན་པའི་ཕྱིར། གང་ཚེ་ཞེས་བྱ་བ་ལ་སོགས་པ་གས
1181	terminal-particle	14		རྒྱལ་པོའི་ཕོ་བྲང་ལ་སོགས་པར་སོང་ནས་འཐབ་པ་ནི་རྩོད་པའོ། །
1182	terminal-particle	11		ཕན་ཚུན་སྡང་བར་ཉེ་བར་གནས་པ་ནི་འགལ་བའོ། །
1183	terminal-particle	15		ཁྲོ་བས་སྐྱེད་པའི་སེམས་མ་རུངས་པར་སྤྱོད་པ་དང་ལྡན་པར་གྱུར་པའོ། །
1184	terminal-particle	18		དེས་འཇུག་པ་ཐོབ་པས་བདུད་ནི་དགའ་འགྱུར་ཞིང་། དེ་ཉིད་མཆོག་ཏུ་ཉམས་བདེར་འགྱུར་རོ། །
1185	terminal-particle	62		ཡང་དེ་གཉིས་འཐབ་མོ་ལ་སོགས་པ་བྱེད་པས་དེའི་བྱིན་གྱི་རླབས་ཀྱིས་རྒྱལ་བའི་ཤེས་རབ་ལས་ནི
1186	terminal-particle	87		དེ་བས་ན་ཡང་དེ་གཉི་ག་བཀག་པའི་འཐབ་མོ་ལ་སོགས་པ་བྱེད་ཅིང་བདག་ཉིད་བསྟོད་པས་དམ་བཅས་པ་ཉ
1187	terminal-particle	31		འོ་ན་ཇི་ལྟ་བུས་བྱང་ཆུབ་ཐོབ་ཅེ་ན། ལུང་བསྟན་མ་ཐོབ་བྱང་ཆུབ་སེམས་དཔའ་གང་ཞིག་གིས། །ལུ
1188	terminal-particle	44		ལུང་བསྟན་ཐོབ་པ་ལ་ཡང་སེམས་ཁྲོས་པ་ལ་སོགས་པས་བསྐྱེད་ཅིང་སུན་དབྱུང་བའི་སེམས་ཀྱིས་རྩོ
1189	terminal-particle	50		སེམས་ཀྱི་སྐད་ཅིག་ཇི་སྙེད་པ་དང་ལྡན་པ་དེ་སྙེད་ཀྱི་བསྐལ་པར་འཐབ་མོ་ལ་སོགས་པའི་སྡིག་པ
1190	terminal-particle	12		འདི་ལྟ་བུས་བྱང་ཆུབ་འཐོབ་པ་ཞེས་བྱ་བར་དགོངས་སོ། །
1191	terminal-particle	44		ཐབས་གཞན་བསྟན་པའི་ཕྱིར། སངས་རྒྱས་ཞེས་བྱ་བ་ལ་སོགས་པ་གསུངས་ཏེ། སངས་རྒྱས་བཟོད་པའི་ཕ་
1192	terminal-particle	77		སེམས་འདི་བཟང་བ་མིན་སྙམ་དྲན་པ་སྐྱེད་བྱེད་ཅིང་། །སྡིག་པ་བཤགས་པའི་ཚིགས་སུ་བཅད་པ་ལས་
1193	line-end	26		ཡོན་ཏན་རིན་པོ་ཆེ་སྡུད་པ་ཚིགས་སུ་བཅད་པ་ལས་མངོན་པའི་ང་རྒྱལ་གྱི་ལེའུ་སྟེ་ཉི་ཤུ་རྩ་བ
1194	terminal-particle	179		ང་རྒྱལ་དང་མངོན་པའི་ང་རྒྱལ་སྔར་དགག་པ་བྱས་ནས། དེ་བཞིན་དུ་བསླབ་པ་ཡོངས་སུ་སྦྱང་བ་ཡོང
1195	terminal-particle	98		དེ་ཉིད་ཚུལ་ཁྲིམས་འཆལ་བ་དང་བྲལ་བ་ནི་སངས་རྒྱས་མཉེས་པར་བྱེད་པའི་ཆོས་སྒྲུབ་པར་བྱེད་པ
1196	terminal-particle	34		བདེན་པ་གཉིས་ལ་བརྟེན་ནས་རིམ་པ་ཇི་ལྟ་བ་བཞིན་དུ་སློབ་པ་ནི་བསླབ་ལྷག་བསླབ་ལ་མཁས་ཏེ་དང
1197	terminal-particle	38		དེ་ཉིད་གང་ཡིན་ཞེ་ན། མཁས་པ་འོད་བྱེད་ཅེས་བྱ་བ་ལ་སོགས་པ་གསུངས་ཏེ། མཁས་པ་ནི་ཤེས་རབ་ཅ
1198	terminal-particle	55		དགེ་བ་མ་ཡིན་སེམས་གཅིག་ཙམ་ཡང་སྐྱེད་མི་བྱེད། ཉི་མ་མཁའ་ལ་འགྲོ་བའི་སྟེ། བར་སྣང་ལ་འོད
1199	quote-open	108		སྦྱིན་པ་ལ་སོགས་པའི་བསླབ་པར་བྱ་བ་གཞན་དག་ཡོད་པ་མ་ཡིན་ནམ། ཇི་ལྟར་ཤེས་རབ་ཀྱི་ཕ་རོལ་ཏ
1200	terminal-particle	20		ཇི་ལྟར་འཇིག་ཚོགས་ལ་ལྟ་བར་ལྟ་བ་དྲུག་ཅུ་གཉིས་འདུས་པར་བསྟན་ཏེ། དེས་བསྐྱེད་པའི་ཕྱིར་
1201	terminal-particle	38		དེ་བཞིན་དུ་སྦྱིན་པའི་ཕ་རོལ་ཏུ་ཕྱིན་པ་ལ་སོགས་པ་འདི་དག་འཁོར་གསུམ་རྣམ་པར་དག་པ་ལ་གོམ
1202	terminal-particle	41		རྗེས་སུ་འགྲོ་བའི་སྒོ་ནས་བསྟན་ནས་ལྡོག་པའི་སྒོ་ནས་བསྟན་པའི་ཕྱིར། དཔེར་ན་ཞེས་བྱ་བ་ལ
1203	terminal-particle	23		དབང་པོ་ཇི་སྙེད་ཡོད་པ་དམིགས་པ་དབང་པོའི་གྲོང་གི་ཚོགས་དེ་དག་འགག་པར་འགྱུར་ཏེ། རྟེན་མ
1204	terminal-particle	56		དེ་ལྟར་ཤེས་རབ་སྤྱོད་པ་མཁས་པ་བྱང་ཆུབ་སེམས་དཔའ་མཆོག་རྣམས་ཀྱི་སྦྱིན་པ་ལ་སོགས་པ་ཇི་ས
1205	terminal-particle	23		དེ་བས་ན་ཤེས་རབ་ཀྱི་ཕ་རོལ་ཏུ་ཕྱིན་པ་ཁོ་ན་ལ་བསླབ་པར་སྟོན་ཏོ་ཞེས་བྱ་བར་དགོངས་སོ། །
1206	terminal-particle	144		ཤེས་རབ་ཀྱི་ཕ་རོལ་ཏུ་ཕྱིན་པ་ལ་བསླབས་པས་ཐམས་ཅད་བསླབས་པ་ཡིན་ན། ཉན་ཐོས་ཉིད་ལ་སོགས་པའ
1207	line-end	23		ཡོན་ཏན་རིན་པོ་ཆེ་སྡུད་པ་ཚིགས་སུ་བཅད་པ་ལས་བསླབ་པའི་ལེའུ་སྟེ་ཉི་ཤུ་རྩ་ལྔ་པའི་བཤད་པ
1208	terminal-particle	111		རྣམ་པར་འཕེལ་བ་དེ་ལྟ་བུའི་འཕེལ་བའི་བརྟན་པ་བསྟན་པའི་ཕྱིར། མི་ལྡོག་ཅེས་བྱ་བ་ལ་སོགས་
1209	terminal-particle	22		ཉེ་བར་མཚོན་པ་ཡིན་པའི་ཕྱིར་ཆོས་གཞན་དག་ལ་ཡང་བསྟན་པའི་ཚད་ཉེ་བར་གཟུང་བར་མི་ནུས་སོ། །
1210	terminal-particle	35		བསྟན་པ་དེ་ལྟ་བུས་བརྟན་པའི་སེམས་གནས་པ་བརྗོད་པར་བརྟན་པའི་ཕྱིར། དགེ་བ་ཞེས་བྱ་བ་ལ་སོ
1211	terminal-particle	12		རབ་ཏུ་དགའ་བ་ལ་སོགས་པ་ནི་ཕན་པར་འདོད་པའོ། །
1212	terminal-particle	106		སེམས་ཅན་ཇི་སྙེད་པ་ཀུན་གྱི་བསོད་ནམས་ཕུང་པོ་ཇི་སྙེད་པ་ལའང་ཡི་རང་འགྱུར། དེའི་ཕྱིར་ད
1213	terminal-particle	30		ངེས་པར་འབྱེད་པའི་ཆའི་རྗེས་ལ་མཐོང་བའི་ལམ་ཡིན་ཏེ། དེ་ལ་ཡང་མི་མཐུན་པའི་ཕྱོགས་རྣམ་པ་
1214	terminal-particle	76		ཡང་འདི་སྤོང་བར་བྱེད་པའི་གཉེན་པོ་དང་བླང་བར་བྱ་བ་ཡིན་པ་ལ་ཐམས་ཅད་འཇུག་པའི་ཕྱོགས་ཀྱི
1215	terminal-particle	65		རྒྱུ་དང་འབྲས་བུ་དང་བྲལ་བའི་ཕྱིར་ཆོས་རྣམས་ཀུན་སྟོང་པ་དང་མཚན་མ་མེད་པ་ཡོངས་སུ་ཤེས་པ
1216	terminal-particle	18		རྒྱུ་དང་འབྲས་བུར་འབྲེལ་བ་གང་ཡིན་པ་དེ་ནི་རྗེས་སུ་འགྲོ་བ་དང་ལྡན་པའོ། །
1217	terminal-particle	14		མཐོང་བའི་ལམ་ཡིད་ལ་བྱེད་པ་དང་ལྡན་པའི་ཕྱིར་རྣལ་འབྱོར་པའོ། །
1218	terminal-particle	14		མཐོང་བའི་ལམ་གྱི་བདག་ཉིད་ནི་ཤེས་རབ་ཕ་རོལ་ཕྱིན་མཆོག་གོ། །
1219	terminal-particle	52		ཐམས་ཅད་ཟློག་པའི་ཕྱོགས་ཀྱི་རྟེན་ཅན་བཟུང་བའི་རྣམ་པར་རྟོག་པ་གཉིས་པ་སྤངས་པའི་ཕྱིར། ན
1220	terminal-particle	49		གང་གི་ནམ་མཁའི་ཁམས་དེ་དང་ནི་ནམ་མཁའ་དེར་ཡུལ་འགའ་ཞིག་ཏུ་རྣམ་པ་འགས་འགལ་བ་ཐོབ་པ་ལྟ་ཅི
1221	terminal-particle	84		དེ་བཞིན་དུ་མཐོང་བའི་ལམ་གྱི་རང་བཞིན་ཤེས་རབ་སྤྱོད་མཁས་བྱང་ཆུབ་སེམས་དཔའ་ཡང་རྣམ་པར་མ
1222	terminal-particle	100		གཟུང་བའི་རྣམ་པར་རྟོག་པ་གཉིས་པ་བསྟན་ནས། དེ་བཞིན་དུ་འཛིན་པའི་རྣམ་པར་རྟོག་པ་བརྗོད་པ
1223	terminal-particle	85		དེ་ཡང་སྤྲུལ་པ་དེ་ཉིད་སྐྱེས་བུའི་ཁྱད་པར་གྱི་དོན་སྣང་བའི་ཤེས་པ་བསྐྱེད་ནས་མངོན་པའི་
1224	terminal-particle	62		དེ་བཞིན་དུ་མཐོང་བའི་ལམ་གྱི་སྦྱོར་བའི་གནས་སྐབས་ནི་ཤེས་རབ་སྤྱོད་པའི་བྱང་ཆུབ་སེམས་ད
1225	terminal-particle	50		སེམས་ཅན་གྱི་དོན་བྱེད་པ་ལ་སོགས་པའི་བྱ་བ་སྣ་ཚོགས་པའི་བྱ་བ་མང་པོ་དང་ལྡན་པར་སྟོན་ཏེ།
1226	terminal-particle	175		ཡང་གང་ཞིག་སྐྱེས་བུ་བཏགས་པར་ཡོད་པའི་རྟེན་ཅན་འཛིན་པའི་རྣམ་པར་རྟོག་པ་གཉིས་པ་སྤང་བར་
1227	terminal-particle	25		སྔ་མ་བཞིན་དུ་ཉེ་བར་བསྡུ་བའི་ཕྱིར། ཤིང་མཁན་ཞེས་བྱ་བ་ལ་སོགས་པ་གསུངས་ཏེ། དཔེར་ན་ཤིང
1228	terminal-particle	11		ཇི་ལྟར་བསླབ་པའི་མན་ངག་ལོབས་པས་ན་བཟོ་བའོ། །
1229	terminal-particle	8		རིག་པ་དང་ལྡན་པའི་ཕྱིར་མཁས་པའོ། །
1230	terminal-particle	28		སྐྱེས་པ་བུད་མེད་དང་འདྲ་བ་ཤིང་ལས་འཁྲུལ་འཁོར་གྱི་བཟོ་བྱས་པ་དེ་ཡང་བྱ་བ་ཐམས་ཅད་བྱེད་
1231	terminal-particle	63		དེ་ལྟར་བསྟན་མ་ཐག་པའི་རང་བཞིན་རྣམ་པར་རྟོག་པ་བཞི་སྤངས་པའི་ཤེས་རབ་ལ་སྤྱོད་པ་མཁས་པའི
1232	line-end	25		ཡོན་ཏན་རིན་པོ་ཆེ་སྡུད་པ་ཚིགས་སུ་བཅད་པ་ལས་སྒྱུ་མ་ལྟ་བུའི་ལེའུ་སྟེ་ཉི་ཤུ་རྩ་དྲུག་པ
1233	terminal-particle	106		ཇི་སྐད་བསྟན་པའི་རྣམ་པར་རྟོག་པ་བཞི་སྤངས་པ་མ་ཚང་བ་མེད་པར་སེམས་ཅན་གྱི་དོན་འབའ་ཞིག་བ
1234	terminal-particle	29		ཕྱོགས་བཅུའི་འཇིག་རྟེན་གྱི་ཁམས་ཀྱི་སངས་རྒྱས་བཅོམ་ལྡན་འདས་ཇི་སྙེད་བཞུགས་པ་ཡང་ཡོན་ཏ
1235	line-end	189		དེ་བས་ན་དེ་བདུད་ཀྱི་ཡུལ་ལས་འདས་སོ་ཞེས་བསྟན་པའི་ཕྱིར། གང་གཱའི་ཞེས་བྱ་བ་ལ་སོགས་པ་ག
1236	verse-stanza	14		དེ་རྣམས་ནི་རྒྱུ་རྣམ་པ་བཞིའོ། །↵ཚིག་ཉམས་པ་མེད་པས་ན་མཁས་པའོ། །
1237	terminal-particle	11		ལུས་ཀྱི་སྟོབས་ཕུན་སུམ་ཚོགས་པས་ན་སྟོབས་ལྡན་ནོ། །
1238	terminal-particle	13		སེམས་གཞན་དུ་འགྱུར་བར་མི་ནུས་པས་ན་ཐུབ་པར་དཀའ་བའོ། །
1239	terminal-particle	17		དེ་བས་ན་ཕུང་པོ་ལ་སོགས་པའི་བདུད་བཞིས་རབ་ཏུ་བསྐྱོད་པར་མི་ནུས་སོ། །
1240	terminal-particle	8		ཞེས་ཚིགས་སུ་བཅད་པའི་དོན་སྦྱར་རོ། །
1241	terminal-particle	161		ད་ནི་རྒྱུ་གང་དང་བཅས་པས་མཐོང་བའི་ལམ་བྱང་ཆུབ་ཆེན་པོ་ཐོབ་པར་བྱེད་པའི་ཡུམ་དེ་བསྟན་པའ
1242	terminal-particle	70		དཔེས་རྒྱུ་དང་བཅས་པར་བསྟན་པ་མཐོང་བའི་ལམ་དེ་ཉིད་ལ་རྣམ་པར་རྟོག་པ་སེལ་བའི་ནུས་པ་ཡོད་
1243	terminal-particle	17		དངོས་པོ་ཐམས་ཅད་ཀྱི་ནུས་པ་དང་བྲལ་བའི་མཚན་ཉིད་བར་སྣང་ནི་ནམ་མཁའོ། །
1244	terminal-particle	13		སྤྲིན་ནི་སེམས་ཅན་གྱི་ལས་ཀྱི་དབང་གིས་གནས་པར་གྱུར་པའོ། །
1245	terminal-particle	36		དཔེར་ན་རིག་སྔགས་འཆང་གིས་རླུང་གི་དཀྱིལ་འཁོར་ལ་གནས་པའི་སྦྱོར་བ་སྔགས་མཐུས་མེ་ཏོག་ལྡ
1246	terminal-particle	39		བསྟན་མ་ཐག་པའི་རྒྱུ་དང་བཅས་པའི་མཐོང་བའི་ལམ་རྟོགས་པའི་ཕྱིར། བྱང་ཆུབ་སེམས་དཔའ་མཁས་ག
1247	terminal-particle	23		ཆོས་ཐམས་ཅད་ལས་ལྡོག་པའི་ཕྱོགས་ཀྱི་རྟེན་ཅན་གཟུང་བར་རྟོག་པ་རྣམ་པར་གཞག་པ་ཡང་དམིགས་པ་
1248	terminal-particle	24		འཆད་པར་བྱེད་པ་སྐྱེས་བུ་རྫས་སུ་ཡོད་པའི་རྟེན་འཛིན་པའི་རྣམ་པར་རྟོག་པ་སྒྲོ་བཏགས་པ་ཡང
1249	terminal-particle	23		ལྟ་བར་བྱེད་པ་སྐྱེས་བུ་བཏགས་པའི་རྟེན་ཅན་འཛིན་པའི་རྣམ་པར་རྟོག་པར་གཞག་པ་ལ་ཡང་མི་དམི
1250	terminal-particle	41		མཐོང་བའི་ལམ་གྱིས་ཇི་སྐད་བསྟན་པའི་རྣམ་པར་རྟོག་པ་བཞི་སྤངས་པས་དེའི་ཕྱིར་རྟེན་ཅིང་འབ
1251	terminal-particle	36		ཇི་སྐད་བསྟན་པའི་མཐོང་བའི་ལམ་རྒྱུ་དང་བཅས་པས་སྟོབས་བཅུ་ལ་སོགས་པའི་མངོན་པར་དགའ་བའི་
1252	terminal-particle	64		བྱང་ཆུབ་སེམས་དཔའི་ལམ་དང་མཚུངས་པ་ཉིད་ཀྱིས་ཉན་ཐོས་ལ་སོགས་པ་འདི་དག་གནས་སམ་ཞེ་ན། ལན་
1253	terminal-particle	13		ཉོན་མོངས་པའི་སྒྲིབ་པ་སྤངས་པའི་བྱེད་པ་ཉིད་ནི་ཞི་བའོ། །
1254	terminal-particle	10		སེམས་རྩེ་གཅིག་པས་ཉེ་བར་ཞི་བས་རབ་ཞིའོ། །
1255	terminal-particle	14		མཐོང་བའི་ཆོས་ལ་བདེ་བར་གནས་པར་བྱེད་པའི་ཕྱིར་བདེ་ལྡན་ནོ། །
1256	terminal-particle	44		ཇི་སྙེད་དེ་དག་གི་མཆོག་ཏུ་འདི་གནས་པ་ཡིན་ཏེ། ཁྱད་པར་དུ་ཤེས་བྱའི་སྒྲིབ་པ་སྤངས་པའི་ཕ
1257	terminal-particle	69		ཐམས་ཅད་རབ་ཏུ་ཁྱད་པར་དུ་འཕགས་པ་ཡིན་ན་མྱ་ངན་ལས་འདས་པ་ཇི་ལྟར་མ་རྟོགས་ཤེ་ན། ལན་དུ་འད
1258	terminal-particle	18		ཉ་ནི་ཆུ་ལ་གནས་ཀྱང་འཚུབས་ཏེ་འཆི་བ་མེད་དེ། རང་གི་ལས་ཀྱི་དབང་གིས་སོ། །
1259	terminal-particle	52		དེ་ལྟར་བྱང་ཆུབ་སེམས་དཔའ་ཐབས་ལ་མཁས་པ་ཐོབ་པའང་དེ་བཞིན་དུ་བསམ་གཏན་གྱི་སྟོབས་དང་ཕ་རོ
1260	terminal-particle	21		སྔོན་གྱི་སྨོན་ལམ་གྱིས་བསྐྱེད་པ་དང་སྙིང་རྗེ་ཆེན་པོའི་སྟོབས་ཀྱིས་ཡིན་ནོ་ཞེས་བྱ་བར་
1261	terminal-particle	24		དེ་བས་ན་དོན་ཐམས་ཅད་ཐོབ་པར་འདོད་པ་ཉིད་ཀྱིས་གནས་པ་འདི་ལ་བརྟེན་པར་བྱའོ་ཞེས་བསྡུ་བའི
1262	terminal-particle	49		སེམས་ཅན་ཞེས་བྱ་བ་ལ་སོགས་པ་གསུངས་ཏེ། གང་ཞིག་སེམས་ཅན་ཀུན་གྱི་ཡོན་ཏན་མཆོག་ནི་ཆོས་ཀྱ
1263	line-end	80		སྤྲུལ་པའི་སྐུ་ཆོས་ཀྱི་མཆོག་སྦྱིན་པར་འདོད་པ་ནི་རིམ་པ་ཇི་ལྟ་བ་བཞིན་དུ་རང་དང་གཞན་གྱ
1264	terminal-particle	142		ཡང་བྱང་ཆུབ་ཆེན་པོ་གང་ཞིག་ཡིན་ཞེ་ན། དོན་གང་ཞིག་ཇི་སྐད་བསྟན་པའི་རྒྱུ་དང་བཅས་པའི་མཐ
1265	terminal-particle	44		མཁས་པ་གང་ཞིག་བསླབ་ཀུན་ཕ་རོལ་འགྲོ་འདོད་པས་ཏེ། སངས་རྒྱས་ཀྱི་བསླབ་པ་ལ་སློབ་པར་འདོད་
1266	terminal-particle	52		ཞར་ལ་བྱུང་བ་རྫོགས་ནས་ད་ནི་སྐབས་ཉིད་ཀྱི་མཐོང་བའི་ལམ་བསྟན་པར་བཞེད་ནས། འདི་ནི་ཞེས་བ
1267	terminal-particle	59		འདིས་ནི་རྩེ་མོའི་མངོན་པར་རྟོགས་པའི་སྡུག་བསྔལ་ལ་ཆོས་ཤེས་པའི་བཟོད་པ་ཡིན་པར་གཟུང་ངོ
1268	terminal-particle	42		སངས་རྒྱས་ཉིད་འབྱུང་བ་རྟོགས་པ་དང་མཐུན་པ་ཉིད་སྐྱེས་པའི་ཕྱིར་སངས་རྒྱས་ཀྱི་རིགས་སུ་ས
1269	terminal-particle	16		དེ་ལྟ་བུ་ཉིད་ཉེ་བར་གཟིགས་ནས་མྱ་ངན་ལས་འདས་པའི་ཕྱིར་འདས་པའོ། །
1270	terminal-particle	13		སངས་རྒྱས་ཉིད་དུ་འགྱུར་བའི་རྒྱུ་ཡིན་པའི་ཕྱིར་མ་བྱོན་པའོ། །
1271	terminal-particle	77		ཕྱོགས་བཅུའི་འཇིག་རྟེན་ན་ད་ལྟར་ཉིད་འགྲོ་བའི་དོན་མཛད་པས་ན་འཇིག་རྟེན་མགོན་པོ་སྟེ། ས
1272	terminal-particle	4		འཁྲུངས་པར་འགྱུར་རོ། །
1273	terminal-particle	2		འཁྲུངས་སོ། །
1274	terminal-particle	33		དེ་བཞིན་གཤེགས་པ་ཐམས་ཅད་རྟོགས་པ་བརྙེས་པས་ཀྱང་སྟོང་པ་ཉིད་ཀྱི་རང་བཞིན་ཆོས་ཀྱི་དབྱིང
1275	terminal-particle	77		དེ་ཉིད་ཀྱི་ཕྱིར་འདིས་ཕྱིན་ཅི་ལོག་ཐམས་ཅད་སྤངས་པས་ཡོན་ཏན་ཐམས་ཅད་ཀྱི་རྒྱུ་ཡིན་པར་དཔ
1276	terminal-particle	26		འོན་ཀྱང་སའི་ཚད་ཇི་སྐད་བསྟན་པ་ཁུར་གྱིས་མནན་པས་ཟད་པར་འགྱུར་བ་མེད་ལ། ཤིང་ལ་སོགས་པས་
1277	terminal-particle	5		སྐྱོ་བ་ཡང་མེད་དོ། །
1278	terminal-particle	7		ངལ་བ་ཡང་མེད་པའི་ཕྱིར་རོ། །
1279	terminal-particle	13		དུབ་པ་ཡང་མེད་དེ། མི་སྣང་བར་གྱུར་པ་མེད་པའི་ཕྱིར་རོ། །
1280	terminal-particle	17		རྟོག་པ་དང་རྣམ་པར་རྟོག་པ་ཐམས་ཅད་མེད་པའི་ཕྱིར་རྣམ་པར་མི་རྟོག་པའོ། །
1281	terminal-particle	19		དེ་བཞིན་དུ་སངས་རྒྱས་བཅོམ་ལྡན་འདས་དང་། རྒྱལ་བའི་སྲས་དང་། ཉན་ཐོས་ནི་དགྲ་བཅོམ་པའོ། 
1282	terminal-particle	99		རང་རྒྱལ་ཏེ་རང་སངས་རྒྱས་དང་། ལྷ་རྣམས་དང་། འགྲོ་བ་ཀུན་གྱི་བདེ་སྐྱིད་ཆོས་རྣམས་ཇི་སྙ
1283	terminal-particle	79		དེ་ལྟར་མཐོང་བའི་ལམ་བསྟན་ནས། །མི་མཐུན་པའི་ཕྱོགས་སྤངས་པ་ལ་སོགས་པའི་གཞི་སྔོན་དུ་འགྲ
1284	quote-open	71		རྫས་ལ་སོགས་པ་འབྲིང་དང་ལྡན་པ་ནི་འབྲིང་ངོ་། །བྱ་བ་ལ་སོགས་པ་དམ་པ་དང་ལྡན་པ་ནི་མཆོག་ཡ
1285	terminal-particle	69		དེ་བཞིན་དུ་འཕེན་པའི་ལས་ཀྱི་ཚོགས་པའི་རྐྱེན་གྱིས་དུས་ཇི་སྙེད་ཀུན་དུ་འཕངས་པར་འཇུག་པ
1286	terminal-particle	17		འདི་ལྟར་ཐེག་པ་གསུམ་གྱི་ཡེ་ཤེས་ཀྱི་ཁྱད་པར་ཉིད་ནི་ཡེ་ཤེས་ཚུལ་ལོ། །
1287	terminal-particle	28		རིམ་པ་ཇི་ལྟ་བ་བཞིན་དུ་ཆུང་ངུ་དང་། འབྲིང་དང་། ཆེན་པོའི་འབྲས་བུ་གོང་ནས་གོང་དུ་ཐོབ་
1288	terminal-particle	2		རྩ་བའོ། །
1289	terminal-particle	90		དེ་ཀུན་ཤེས་རབ་ཀྱི་ཕ་རོལ་ཏུ་ཕྱིན་པ་མཆོག་ནི་བསྒོམ་པའི་ལམ་སྟེ། དེ་སྒོམ་པར་བྱེད་པའི་
1290	terminal-particle	62		རྣམ་པ་གང་ཞིག་མངོན་སུམ་དུ་བྱས་པས་ཡོན་ཏན་ཇི་སྐད་བསྟན་པ་དེ་ཐོབ་པར་བྱེད་ཅེ་ན། བྱང་ཆུ
1291	terminal-particle	84		ཤེས་རབ་ཀྱི་ཕ་རོལ་ཏུ་ཕྱིན་པ་ནི་ཐོད་རྒལ་གྱི་སྙོམས་པར་འཇུག་པའི་མཚན་ཉིད་བསྒོམ་པའི་ལམ
1292	line-end	25		ཡོན་ཏན་རིན་པོ་ཆེ་སྡུད་པ་ཚིགས་སུ་བཅད་པ་ལས་མེ་ཏོག་བཀྲམ་པའི་ལེའུ་སྟེ་ཉི་ཤུ་རྩ་བརྒྱད
1293	terminal-particle	84		བསྒོམ་པའི་ལམ་འདིར་བརྗོད་པར་བྱ་བ་ཡིན་ལ། དེ་ལ་སྤང་བར་བྱ་བ་གཟུང་བ་དང་འཛིན་པའི་རྣམ་པ
1294	terminal-particle	30		མཐར་གྱིས་གནས་པའི་སྙོམས་པར་འཇུག་པའི་མཚན་ཉིད་ཀྱི་བསྒོམ་པའི་ལམ་གྱི་ལུགས་ལས་བཟློག་པ་
1295	terminal-particle	22		གཟུང་བ་ནི་རྣམ་པར་རྟོག་པ་གཉིས་སྤངས་པས་ཐོབ་པ་ལ་སོགས་པ་ཆེ་བའི་ཕྱིར་མཐུ་ཆེན་ལྡན་པའོ།
1296	terminal-particle	43		རྟེན་པར་བྱེད་པ་མ་ཡིན་པ་ཉིད་ནི་གཟུང་བར་མངོན་པར་ཞེན་པ་མེད་པའི་རྣལ་འབྱོར་པས་གཟུང་བའ
1297	terminal-particle	68		འོན་ཀྱང་རྟེན་དུ་འགྱུར་ཏེ། ཚོགས་གཉིས་ཀྱི་རྒྱུ་ཡིན་པའི་ཕྱིར་འདི་བསྒོམ་པའི་ལམ་གྱི་ད
1298	terminal-particle	13		ཐོབ་པའི་ཆེད་དུ་བྱ་བར་གནས་སོ་ཞེས་བྱ་བར་དགོངས་སོ། །
1299	terminal-particle	64		དེའི་རྗེས་ལ་འཛིན་པའི་རྣམ་པར་རྟོག་པ་གཉིས་སྤང་བར་བྱ་བ་བསྟན་པའི་ཕྱིར། ཤེས་རབ་མཆོག་ཅ
1300	terminal-particle	58		གང་གིས་གཟུགས་མེད་པའི་སྙོམས་པར་འཇུག་པ་བཞི་དང་། གཟུགས་ཅན་གྱི་བསམ་གཏན་ཡིན་པའི་ཕྱིར་
1301	terminal-particle	38		ཡང་དག་པ་དེ་དག་ཡང་དང་ཡང་དུ་གོམས་པར་བྱ་བའི་ཕྱིར། བསམ་གཏན་གྱི་རང་བཞིན་འདི་དག་བྱང་ཆུ
1302	terminal-particle	35		དེ་ལྟ་ཡིན་ཡང་བྱ་བ་ལྷག་མ་ཉིད་སངས་རྒྱས་ཀྱི་སའི་སྒྲིབ་པ་སྤང་བའི་འབད་པ་མི་བྱེད་པས་ན།
1303	line-end	32		རྣམ་པར་རྟོག་པ་སྤངས་པའི་ཕྱིར་དེ་ལྟ་བུའི་ཡོན་ཏན་ཕུན་སུམ་ཚོགས་པའི་རྒྱུ་ཡིན་ནོ་ཞེས་བ
1304	verse-stanza	17		རྒྱུའི་བདག་ཉིད་ཆེ་བའི་ཕྱིར་ངོ་མཚར་རོ། །↵འབྲས་བུ་ཆེ་བའི་ཕྱིར་རྨད་བྱུང་ངོ་། །
1305	terminal-particle	29		འདི་ལྟ་སྟེ། དེ་ལ་སྤྱོད་པས་ཡོན་ཏན་ཕུན་སུམ་ཚོགས་པ་ཐམས་ཅད་ཀྱི་གཞིར་གྱུར་པའི་ཕྱིར་ཡོ
1306	terminal-particle	32		འདི་ལྟར་ཇི་སྐད་བསྟན་པའི་བསམ་གཏན་བཞི་ཐོབ་ནས་ཏིང་ངེ་འཛིན་བསྒོམ་པའི་ལམ་ལ་གནས་པ་སྟེ།
1307	terminal-particle	76		བསྒོམ་པའི་ལམ་དེ་ལ་གནས་ཀྱང་སྒྲིབ་པ་ལྷག་མ་སྦྱང་བའི་ཕྱིར་གལ་ཏེ་རང་གི་ལུས་བདག་ཉིད་ཞི
1308	terminal-particle	68		བསྒོམ་པའི་ལམ་གྱི་རྗེས་ལ་བར་ཆད་མེད་པའི་ཏིང་ངེ་འཛིན་གྱི་དོན་དཔེ་སྔོན་དུ་འགྲོ་བས་བས
1309	terminal-particle	54		ཕྱིས་རྫུ་འཕྲུལ་ལ་སོགས་པས་སོང་སྟེ། རྗེས་སུ་ཐོབ་ནས་དེ་ལ་ཡོངས་སུ་གཟུང་བ་དང་ལྡན་པའི་
1310	terminal-particle	26		དེ་བཞིན་དུ་བྱང་ཆུབ་སེམས་དཔའ་བསྒོམ་པའི་ལམ་ཐོབ་པའི་ཡོན་ཏན་གྱི་གཞི་དེ་ཉིད་ཁྱད་པར་དུ
1311	terminal-particle	72		བསམ་གཏན་དམིགས་པ་མེད་པ་དང་། དགེ་བའི་ཆོས་རྣམས་དྲན་ཡང་རྐྱེན་གྱི་དབང་གིས་གནས་ཏེ་བར་ཆ
1312	terminal-particle	39		དེ་དག་གི་ཉེས་པས་ཀྱང་རྗེས་སུ་གོས་པ་མེད་པའི་ཕྱིར་ཆུའི་པདྨ་བཞིན་དུ་དེ་ལྟ་བུ་ལ་གནས་པ
1313	terminal-particle	132		འདིར་ཡང་གནས་པར་རྟོགས་པར་དཀའ་བའི་ཕྱིར་བྱང་ཆུབ་སེམས་དཔའི་ཐབས་ལ་མཁས་པ་མ་གཏོགས་པ་རྩོ
1314	terminal-particle	106		དེ་ལྟ་མོད་ཀྱི་དོན་དེའི་ཕྱིར་དམིགས་པ་དང་ལྡན་པ་ལ་སོགས་པའི་ཁམས་སུ་མོས་ཏེ། གཟུགས་མེད
1315	terminal-particle	15		ཅི་ནས་དེའི་ཉེས་པར་འགྱུར་བ་རྗེས་སུ་གོས་པའི་ཆགས་པ་མེད་དོ། །
1316	terminal-particle	92		ཅིའི་ཕྱིར་དེར་གནས་པར་འགྱུར་ཞེ་ན། དཔེ་སྔོན་དུ་འགྲོ་བས་ལན་བསྟན་པའི་ཕྱིར། དཔེར་ན་ཞེ
1317	terminal-particle	147		དེ་ལྟར་དེ་བཞིན་དུ་གཞན་གྱི་དོན་དུ་ཞུགས་པའི་ཕྱིར། ཐབས་ལ་མཁས་པའི་སྟོབས་ཀྱིས་ཇི་སྐད་
1318	terminal-particle	112		དེ་ལྟར་ཡིན་ན་འོ་ན་ནི་མཉམ་པར་མ་བཞག་པའི་ས་ལ་ཞུགས་པའི་ཕྱིར་ཇི་ལྟར་གཡེང་བར་མི་འགྱུར་
1319	terminal-particle	16		ཐེག་པ་ཆེན་པོ་ལས་སེམས་ཕྱི་རོལ་དུ་གྱུར་པས་ན་སེམས་གཡེངས་གྱུར་པའོ། །
1320	terminal-particle	21		དེ་ལྟ་བུ་ནི་སངས་རྒྱས་ཡོན་ཏན་ཡོངས་ཉམས་ཏེ། དཔེར་ན་མཉན་པ་གྲུ་ཞིག་བཞིན་ཏེ། ཆུར་གྲུ་བ
1321	terminal-particle	34		དགོངས་པ་ཡིན་གྱི་མཉམ་པར་གཞག་པ་ཙམ་འབའ་ཞིག་གིས་སྐྱེ་བ་མ་ཡིན་པ་མཉམ་པར་གཞག་པ་ཐབས་དང་ཤ
1322	terminal-particle	35		ཟེར། མཉམ་པར་གཞག་པའི་ཁམས་སུ་སྐྱེ་བའམ་འབའ་ཞིག་མ་ཡིན་ཏེ་འོ་ན་ཅི་ཞེ་ན་མཉམ་པར་གཞག་པ་ཐ
1323	terminal-particle	98		དེ་ཉིད་བསྟན་པའི་ཕྱིར་གཞན་ཡང་ཞེས་བྱ་བ་ལ་སོགས་པ་གསུངས་ཏེ། གཞན་ཡང་སྒྱུ་མ་ལྟ་བུའི་ཆོ
1324	terminal-particle	16		དཔའ་བོ་ནི་མི་མཐུན་པའི་ཕྱོགས་ལས་རྒྱལ་བར་གྱུར་པའི་བྱང་ཆུབ་སེམས་དཔའོ། །
1325	terminal-particle	29		དེ་ལྟར་ཞར་ལ་བྱུང་བའི་རྩོད་པ་དང་གཞན་དང་གཞན་རྒྱུད་པའི་ལོག་པར་རྟོགས་པ་བསལ་ཏེ། རྩེ་མ
1326	line-end	5		དེ་སྐད་དུ་ཡང་།
1327	verse-stanza	27		དེ་ཡི་རྟགས་དང་རྣམ་འཕེལ་དང་། །↵བརྟན་དང་སེམས་ཀུན་གནས་པ་དང་། །↵མཐོང་ཞེས་བྱ་དང་བསྒོམ
1328	verse-stanza	26		རྣམ་པར་རྟོག་པ་རྣམ་བཞི་ཡི། །↵གཉེན་པོ་རྣམ་པ་བཞི་དག་དང་། །↵བར་ཆད་མེད་པའི་ཏིང་ངེ་འཛི
1329	terminal-particle	9		རྩེ་མོའི་མངོན་རྟོགས་ཞེས་གསུངས་པ་ཡིན་ནོ། །
1330	terminal-particle	68		རྩེ་མོའི་མངོན་པར་རྟོགས་པ་སོ་སོ་དང་བསྡུས་པའི་དོན་རྟོགས་པ་ཐོབ་པ་རིམ་པར་བྱ་སྟེ། བརྟ
1331	terminal-particle	77		གཞན་ཕྱིར་ཏེ་ཉེས་པ་མ་ལུས་པ་བསལ་བའི་རྒྱུས་སེམས་དཔའ་རྣམ་པར་དག་པ་ཡོད་པ་སྟེ། སྦྱིན་པ་
1332	terminal-particle	58		དེ་བཞིན་དུ་ཇི་སྐད་བསྟན་པའི་མངོན་པར་རྟོགས་པ་ལ་སོགས་པའི་དོན་ནི་དཔེར་ན་ལས་ངན་པ་བྱེད
1333	terminal-particle	9		སེམས་ཅན་ཀུན་གྱིས་བཀོལ་ཞིང་དབང་དུ་འགྲོའོ། །
1334	terminal-particle	28		ཞེས་བྱ་བས་ནི་མཐར་གྱིས་པའི་མངོན་པར་རྟོགས་པ་བསྟན་ཏེ། དེ་སྐད་དུ་ཡང་མཐར་གྱིས་པ་རྣམ་ག
1335	terminal-particle	42		རྣམ་པར་བསྒོམ་པ་མཐར་གྱིས་པའི་མངོན་པར་རྟོགས་པ་ཤིན་ཏུ་གོམས་པར་བྱས་པས་དེ་ཉིད་སྐད་ཅིག
1336	terminal-particle	35		ཞེས་དཔེ་སྔོན་དུ་འགྲོ་བས་བསྟན་པའི་ཕྱིར། སྤྱོ་བ་ཞེས་བྱ་བ་ལ་སོགས་པ་གསུངས་ཏེ། དཔེར་ན
1337	terminal-particle	54		ཚིག་ངན་པ་དང་དབྱིག་པ་ལ་སོགས་པས་བརྡེག་པ་བྱེད་ཀྱང་རུང་། འོན་ཀྱང་ཤིན་ཏུ་སྐྲག་པའི་ཡིད
1338	terminal-particle	102		དེ་བཞིན་དུ་བྱང་ཆུབ་སེམས་དཔའ་བྱང་ཆུབ་ཆེད་དུ་བྱང་ཆུབ་མཆོག་ཞུགས་པས་རྣམ་པར་སྨིན་པ་མ་
1339	terminal-particle	16		ཕུལ་དུ་གྱུར་པ་ཁྱད་པར་ཅན་གྱི་རྒྱུས་སྐད་ཅིག་མ་གཅིག་ལ་རྟོགས་སོ། །
1340	terminal-particle	55		དེ་བཞིན་དུ་འགྲོ་བ་ཀུན་ལ་སྟེ་བག་ཆགས་མ་ལུས་པ་སྤངས་པས་དཔེར་ན་བྲན་གྱུར་བཞིན་དུ་དེ་དག
1341	terminal-particle	37		དཔེར་ན་རྩྭ་དང་ཤིང་ལས་མེ་བྱུང་བས་རྩྭ་དང་ཤིང་དེ་ཉིད་བསྲེགས་པ་ལྟར། དེ་བཞིན་དུ་སེམས་
1342	terminal-particle	16		འདིས་ནི་སྐད་ཅིག་མ་གཅིག་ལ་མངོན་པར་རྫོགས་པར་བྱང་ཆུབ་པ་བསྟན་ཏོ། །
1343	terminal-particle	27		དེ་སྐད་དུ་ཡང་སྐད་ཅིག་མ་གཅིག་གིས་མངོན་རྫོགས་བྱང་ཆུབ་པ། མཚན་ཉིད་ཀྱིས་ནི་རྣམ་པ་བཞི་
1344	terminal-particle	148		སྐད་ཅིག་མ་གཅིག་ལ་མངོན་པར་བྱང་ཆུབ་པ་ཤིན་ཏུ་བསྒོམས་པས་སྐད་ཅིག་མ་གཉིས་པ་ལ་ཆོས་ཀྱི་ས
1345	terminal-particle	11		འདིས་ནི་ཆོས་ཀྱི་སྐུ་མངོན་པར་བྱང་ཆུབ་སྟོན་ཏོ། །
1346	line-end	5		དེ་སྐད་དུ་ཡང་།
1347	verse-stanza	27		ངོ་བོ་ཉིད་ལོངས་རྫོགས་བཅས་དང་། །↵དེ་བཞིན་གཞན་ནི་སྤྲུལ་པ་དང་། །↵ཆོས་སྐུ་མཛད་དང་བཅས
1348	terminal-particle	5		ཅེས་གསུངས་པ་ཡིན་ནོ། །
1349	terminal-particle	88		དེ་དག་གིས་ནི་མངོན་པར་རྟོགས་པ་བརྒྱད་ཉིད་ཡོངས་སུ་རྫོགས་པར་བྱིས་པའི་སྐྱེ་བོས་རྟོགས་
1350	terminal-particle	34		དེས་བརྗོད་པར་འདོད་པ་མི་གནས་པ་ལ་བརྗོད་པར་འདོད་པའི་ཚིག་ཏུ་དྲངས་པ་འབའ་ཞིག་ཏུ་ཟད་དེ།
1351	line-end	25		ཡོན་ཏན་རིན་པོ་ཆེ་སྡུད་པ་ཚིགས་སུ་བཅད་པ་ལས་རྗེས་སུ་རིག་པའི་ལེའུ་སྟེ་ཉི་ཤུ་རྩ་དགུ་པ
1352	terminal-particle	179		ཇི་སྐད་བཤད་པའི་མངོན་པར་རྟོགས་པ་བརྒྱད་ཀྱི་རང་བཞིན་གྱི་ཡུམ་ཐོས་པ་ལ་སོགས་པའི་ཤེས་པ་
1353	terminal-particle	72		སྐྱོ་བའི་བློ་བསྐྱེད་པ་ལ་ཉེས་པ་ཅི་ཞིག་ཡོད་པ་བསྟན་པའི་ཕྱིར། གལ་ཏེ་ཞེས་བྱ་བ་ལ་སོགས་
1354	terminal-particle	36		ཆོས་ལ་དམིགས་པར་མངོན་པར་ཞེན་པ་ཐོབ་པ་ཉིད་ཀྱི་ཕྱིར་དེ་བས་ན་བརྩོན་འགྲུས་ཀྱི་ཕ་རོལ་ཏུ
1355	terminal-particle	106		འོ་ན་ཇི་ལྟར་སྐྱོ་བའི་བློ་བསྐྱེད་པར་མི་བྱ་ཞེ་ན། བྱང་ཆུབ་མཆོག་ཏུ་ཞེས་བྱ་བ་ལ་སོགས་པ
1356	quote-open	53		ཡང་དག་པར་ཞུགས་པ་ཉིད་ལ་བདུད་གནོད་པ་བྱེད་པར་འགྱུར་བ་བསྟན་པའི་ཕྱིར། གལ་ཏེ་ཞེས་བྱ་བ་
1357	terminal-particle	35		དེ་ཐོས་ནས་བྱ་བར་མི་ནུས་པ་ལ་སོགས་པས་སྐྱོ་བའི་བློ་སྐྱེད་པར་བྱེད་ཅིང་། འདི་སྙམ་དུ་ར
1358	terminal-particle	24		དེའི་ཚེ་བྱང་ཆུབ་སེམས་དཔའ་ལེ་ལོར་གྱུར་པ་ཡིན་ཏེ། དེ་བས་ན་བྱང་ཆུབ་ཐོབ་པར་མི་འགྱུར། 
1359	terminal-particle	101		འོ་ན་དེས་བློ་ཇི་ལྟ་བུ་བསྐྱེད་པར་བྱ་ཞེ་ན། ཇི་སྟེ་ཞེས་བྱ་བ་ལ་སོགས་པ་གསུངས་ཏེ། ཇི་ས
1360	terminal-particle	164		མི་མཐུན་པའི་ཕྱོགས་སྤངས་པའི་བརྩོན་འགྲུས་དངོས་པོར་དམིགས་ན་སྐྱོན་ཡིན་ནོ་ཞེས་བསྟན་པའ
1361	terminal-particle	63		ཡང་ཇི་ལྟར་བརྩོན་འགྲུས་དང་ལྡན་པ་བསྟན་པའི་ཕྱིར། གང་ཚེ་ཞེས་བྱ་བ་ལ་སོགས་པ་གསུངས་ཏེ། 
1362	terminal-particle	53		དེས་འདི་ལྟར་འདུ་ཤེས་རྣམ་པར་བཟློག་ནས་གང་གི་ཚེ་གནས་པ་ན་དངོས་པོ་དང་དངོས་པོ་མེད་པ་ཡི
1363	terminal-particle	14		མི་གནས་པའི་མྱ་ངན་ལས་འདས་པ་ཉིད་ཀྱིས་ན་མི་ཉམས་པའོ། །
1364	quote-open	20		བྱང་ཆུབ་མཆོག་རྒྱལ་བའི་སྲས་རྣམས་འདོད་པས་བརྩོན་འགྲུས་ཕ་རོལ་ཕྱིན་ཅེས་ཕན་པ་མཛད་པས་གས
1365	terminal-particle	9		ཕན་པ་མཛད་པ་ནི་འཇིག་རྟེན་མགོན་པོའོ། །
1366	terminal-particle	179		ཇི་ལྟར་དགེ་བའི་བཤེས་གཉེན་ཚོལ་བ་ལ་སོགས་པ་ལ་ཞུགས་པས་གོམས་པར་བྱས་པ་སྟེ། གཞན་དུ་ཡང་ད
1367	terminal-particle	46		དེ་བས་ན་བཟོད་པའི་ཆོས་ལ་བརྟགས་ནས་ཕ་རོལ་གནོན་པར་བྱེད་པ་ལ་སྤྱོད་པའི་རང་བཞིན་གཉིས་པོ
1368	terminal-particle	59		བཟོད་པ་ལ་ཡོན་ཏན་ཅི་ཡོད་ཅེ་ན། བྱང་ཆུབ་ཅེས་བྱ་བ་ལ་སོགས་པ་གསུངས་ཏེ། བྱང་ཆུབ་སེམས་དཔ
1369	terminal-particle	68		ཉེ་བར་རྟག་པ་བཟུང་ན་སྟོང་གསུམ་གྱི་སྟོང་ཆེན་པོའི་འཇིག་རྟེན་གྱི་ཁམས་རིན་པོ་ཆེས་བཀང་
1370	terminal-particle	17		དེ་ནི་བསོད་ནམས་ཀྱི་རྒྱུ་ཡིན་པའི་ཕྱིར་སྦྱིན་པའི་རྒྱུན་གྱིས་དེར་མི་འགྱུར་རོ། །
1371	terminal-particle	69		གང་གིས་ན་དེ་ལྟ་བུ་ཉིད་ཡིན་ཞེ་ན། བཟོད་ལ་ཞེས་བྱ་བ་ལ་སོགས་པ་གསུངས་ཏེ། བཟོད་པ་རྣམ་པ་
1372	terminal-particle	14		དཔེ་བྱད་བཟང་པོ་བརྒྱད་ཅུ་དང་ལྡན་པའི་ཕྱིར་ཕ་མཐའ་ཡས་སོ། །
1373	terminal-particle	32		མཐོང་ན་ངོམས་མི་ཤེས་པའི་སྐུ་མངའ་བ་ཉིད་ཀྱིས་ནི་ལས་དང་འབྲས་བུ་ཡིད་ཆེས་པའི་ཆོས་རབ་ལ་
1374	terminal-particle	30		འདི་ནི་བཟོད་ལྡན་དེ་ལ་གང་དག་འགྲོ་བ་ཐམས་ཅད་གནོད་པ་མི་བྱེད་པས་དགྲ་མེད་པ་ཉིད་དེ། ཡིད
1375	terminal-particle	25		བཟོད་པའི་ཕ་རོལ་ཏུ་ཕྱིན་པ་ཇི་ལྟ་བར་འབྲས་བུ་དེ་དག་སྦྱིན་པའི་ཕ་རོལ་ཏུ་ཕྱིན་པ་ལ་མི་ས
1376	terminal-particle	20		དེ་བས་ན་སྔར་བསྟན་པའི་ཚིགས་སུ་བཅད་པའི་དོན་ཕྱོགས་འདིར་གནས་སོ་ཞེས་བྱ་བར་དགོངས་སོ། །
1377	line-end	68		ད་ནི་སྡུག་བསྔལ་ལ་ཇི་མི་སྙམ་པའི་བཟོད་པ་དང་། ཆོས་ལ་སོ་སོར་རྟོག་པའི་བཟོད་པ་དང་བཅས་པ
1378	ordinal-open	44		གཉིས་པ་འགའ་ཞིག་གིས་ཡང་མེ་མདག་གི་ཕུང་པོ་མགོ་ལ་འཐོར་བྱེད་ན། དེ་གཉི་ག་ལ་ཡང་ཆོས་ལ་བད
1379	terminal-particle	13		དེ་ལྟ་ན་ཇི་སྐད་བསྟན་པའི་བཟོད་པ་བསྒོམ་པ་ཡིན་ནོ། །
1380	terminal-particle	46		དེ་ཡང་འབྲས་བུ་བྱང་ཆུབ་ཆེན་པོར་ཡོངས་སུ་སྔོ་བར་བྱེད་པ་བསྟན་པའི་ཕྱིར། བྱང་ཆུབ་ཅེས་བ
1381	terminal-particle	60		བཟོད་པ་དང་བཅས་པར་གྱུར་པས་སེམས་བསྐྱེད་དེ། འགྲོ་བའི་དོན་དུ་བྱང་ཆུབ་མཆོག་ཏུ་ཡོངས་སུ
1382	terminal-particle	52		གང་གི་ཕྱིར་འགྲོ་བ་ལ་སོགས་པ་ཐམས་ཅད་ཀྱིས་བཟོད་པ་བྱས་པ་ཇི་སྐད་བསྟན་པ་གཞན་དག་གིས་ཡོང
1383	terminal-particle	84		གཞན་གྱིས་གནོད་པ་བྱས་པ་ལ་སོགས་པ་ལ་དམིགས་པ་ཅན་གྱིས་ཡང་དེ་ལ་བཟོད་པར་བྱ་བ་བསྟན་པའི་ཕ
1384	terminal-particle	20		ཅིའི་ཕྱིར་གྱི་སྒྲས་འཕངས་པ་བརྗོད་པར་བྱ་བའི་ཕྱིར་སྨོས་ཀྱང་ཅི་དགོས་ཞེས་དེ་ལྟར་སྙམ་པ
1385	terminal-particle	21		ཤེས་རབ་ཀྱི་སྟོབས་ཀྱིས་གཞན་གནོད་པ་བྱེད་པ་ལ་རྣམ་པར་དཔྱད་པར་འགྱུར་ཞེས་བྱ་བར་དགོངས་ས
1386	terminal-particle	93		དེ་ཉིད་བསྟན་པའི་ཕྱིར་ལྕག་དབྱུག་ཅེས་བྱ་བ་ལ་སོགས་པ་གསུངས་ཏེ། ཡང་གང་གི་ཚེ་རྩྭ་དང་ལྕ
1387	terminal-particle	77		དེ་ལྟར་སྐྱེ་བ་ལ་སོགས་པའི་རང་བཞིན་འཇིག་རྟེན་སྡུག་བསྔལ་མྱོང་བ་ཇི་སྙེད་པ་བདག་གིས་འད
1388	line-end	22		ཡོན་ཏན་རིན་པོ་ཆེ་སྡུད་པ་ཚིགས་སུ་བཅད་པ་ལས་རྟག་ཏུ་ངུའི་ལེའུ་སྟེ་སུམ་ཅུ་པའི་བཤད་པའོ
1389	terminal-particle	90		དེ་ལྟར་བསྟན་པའི་དགེ་བའི་བཤེས་གཉེན་གང་གིས་དང་པོར་ཡོན་ཏན་ཐམས་ཅད་ཀྱི་གཞི་ཡིན་པའི་ཕྱ
1390	terminal-particle	13		གྲུབ་པ་ཕུན་སུམ་ཚོགས་པ་ནི་ཀུན་གྱི་རྗེས་སུ་འཇུག་པའོ། །
1391	terminal-particle	44		སེམས་ཅན་ཀུན་ལ་ཕན་ཕྱིར་ཏེ་བླ་ན་མེད་པ་ཡང་དག་པར་རྫོགས་པའི་བྱང་ཆུབ་ཏུ་ངེས་པར་འབྱུང་བ
1392	terminal-particle	30		སྤྱོད་ཡུལ་ནི་ལྟུང་བ་ཐམས་ཅད་སྤངས་པའི་ཕྱིར་ཚུལ་ཁྲིམས་ཉམས་པ་མེད་པར་གནས་པར་གྱུར་པ་ཡི
1393	terminal-particle	49		དོན་དེ་ཉིད་ལྡོག་པ་སྔོན་དུ་འགྲོ་བས་གསལ་བར་བསྟན་པའི་ཕྱིར། གལ་ཏེ་ཞེས་བྱ་བ་ལ་སོགས་པ་
1394	terminal-particle	24		དེའི་ཚེ་ཐེག་པ་ཆེན་པོ་སྒྲུབ་པ་སྤངས་པའི་ཕྱིར་ཚུལ་ཁྲིམས་འཆལ་ཞིང་ངོ་། །མི་མཁས་པ་ནི་བ
1395	terminal-particle	21		དེ་བཞིན་དུ་བླངས་པའི་སྡོམ་པ་ཡོངས་སུ་བཏང་ཞིང་བུག་པ་དང་བཅས་པས་སྤྱོད་པ་ནི་ཉམས་པའོ། །
1396	terminal-particle	47		ཅི་སྟེ་བྱང་ཆུབ་ཞི་བ་མཆོག་ཏུ་བླངས་པའི་ཚུལ་ཁྲིམས་ཡོངས་སུ་སྔོ་བར་བྱེད་ན། འདོད་ཡོན་བ
1397	terminal-particle	33		ཅིའི་ཕྱིར་ཚུལ་ཁྲིམས་ཁོ་ན་ལ་དང་པོར་གདམས་ཤེ་ན། ཆོས་གང་ཞེས་བྱ་བ་ལ་སོགས་པ་གསུངས་ཏེ། 
1398	terminal-particle	13		གཉི་གའི་དོན་ཕུན་སུམ་ཚོགས་པ་ནི་དེས་པའི་བྱང་ཆུབ་བོ། །
1399	terminal-particle	11		གཞན་གྱི་དོན་ཕུན་སུམ་ཚོགས་པ་ནི་ཡོན་ཏན་ནོ། །
1400	terminal-particle	36		ཐོབ་པའི་རྒྱུ་མཚན་ཉིད་ཡིན་པས་བྱང་ཆུབ་སེམས་དཔའ་ལ་དགོས་པའི་ཚུལ་ཁྲིམས་ལྟུང་བ་མེད་པར་
1401	terminal-particle	36		ཡང་གང་ཞིག་ཕན་པར་བྱེད་པའི་ཆོས་དང་བྱང་ཆུབ་ཡོན་ཏན་ཡོངས་སུ་ཉམས་པའི་བྱང་ཆུབ་སེམས་དཔའ་
1402	terminal-particle	17		དེ་བས་ན་ཚུལ་ཁྲིམས་ཁོ་ན་ལ་དང་པོར་གདམས་སོ་ཞེས་བྱ་བར་འབྲེལ་ཏོ། །
1403	terminal-particle	105		སུ་ཞིག་གིས་ཚུལ་ཁྲིམས་ལ་གནས་ཤེ་ན། གལ་ཏེ་ཞེས་བྱ་བ་ལ་སོགས་པ་གསུངས་ཏེ། གལ་ཏེ་བྱང་ཆུབ
1404	terminal-particle	30		ཐེག་པ་ཆེན་པོའི་མདོ་གཞན་དག་ལས་བྱང་ཆུབ་སེམས་དཔའི་སྡོམ་པའི་ཚུལ་ཁྲིམས་ལ་སོགས་པ་རྒྱ་ཆ
1405	terminal-particle	103		ཐམས་ཅད་མཁྱེན་པ་ཉིད་ཡིད་ལ་བྱེད་པ་དང་མ་བྲལ་བ་ནི་ཚུལ་ཁྲིམས་ཉམས་པ་ཡིན་ནོ་ཞེས་བསྟན་པའ
1406	terminal-particle	56		གང་གི་ཕྱིར་བྱང་ཆུབ་ཏུ་སེམས་བསྐྱེད་པ་དེ་ནི་སངས་རྒྱས་ཉིད་ལ་སྤྱན་དྲངས་ནས་དེ་ལས་སླར་
1407	terminal-particle	38		ཡང་དག་པར་སྣང་བའི་ཚུལ་ཁྲིམས་ལ་ཇི་ལྟར་འཇུག་པར་བྱ་བ་བསྟན་པའི་ཕྱིར། ཚུལ་ཁྲིམས་ཞེས་བྱ
1408	terminal-particle	98		སྔ་མ་བཞིན་དུ་བྱང་ཆུབ་མཆོག་ཏུ་ཡོངས་བསྔོ་ན། གང་གི་ཚེ་ཚུལ་ཁྲིམས་དེ་ཡིས་གཞན་ལ་མི་སྨོ
1409	terminal-particle	116		ཉེས་པ་གཞན་དག་ཀྱང་ཡོད་པ་ཉིད་དུ་བསྟན་པའི་ཕྱིར། གལ་ཏེ་ཞེས་བྱ་བ་ལ་སོགས་པ་གསུངས་ཏེ། ག
1410	terminal-particle	10		དེ་ལྟ་བས་ན་དངོས་པོར་དམིགས་པར་མི་བྱའོ། །
1411	terminal-particle	48		མི་དམིགས་པར་སྤྱོད་པ་ལ་ལྟུང་བ་མེད་དོ་ཞེས་བསྟན་པའི་ཕྱིར། གང་ལ་ཞེས་བྱ་བ་ལ་སོགས་པ་གས
1412	terminal-particle	78		དེ་ཉིད་ཀྱི་ཕྱིར་བདག་དང་གཞན་གྱི་ཆར་འབྱེད་པ་མེད་པས་རྗེས་སུ་ཆགས་པ་དང་ཁོང་ཁྲོ་བ་དང་བ
1413	terminal-particle	39		མི་དགེ་བ་བསྐྱེད་ཅིང་འཛིན་པ་དང་སྡོམ་པ་མ་ཡིན་པ་ཡང་དེ་ལ་མེད་དེ། དེས་ནི་མི་དགེ་བ་ལས་
1414	terminal-particle	78		ཚུལ་ཁྲིམས་དང་ལྡན་པ་དེ་ཉིད་སྦྱིན་པ་ལ་འཇུག་པ་ཡིན་ནོ་ཞེས་བསྟན་པའི་ཕྱིར། སེམས་ཅན་ཞེས
1415	terminal-particle	48		ཡང་དེ་ཉིད་ཀྱི་ཕྱིར་ཡན་ལག་གི་དམ་པ་མགོ་ལ་སོགས་པ་གཏོང་ཞིང་ཞུམ་པའི་སེམས་ཀྱང་མེད་ལ། ད
1416	terminal-particle	61		ཕྱི་རོལ་གྱི་དངོས་པོ་ཡོངས་སུ་གཏོང་བ་མེད་པར་ཇི་ལྟར་ན་ཐམས་ཅད་གཏོང་བ་ཡིན་ཞེ་ན། ཆོས་ར
1417	terminal-particle	59		དོན་དམ་པར་རང་བཞིན་དང་བྲལ་བའི་ཕྱིར་བདག་མེད་པར་ཡང་ཤེས་ནས། གང་གི་ཚེ་བདག་གི་ཤ་ཡང་གཏོ
1418	terminal-particle	99		བདག་མེད་པའི་རྣལ་འབྱོར་པ་ཅིའི་ཕྱིར་སྦྱིན་པ་ལ་སོགས་པ་ལ་འཇུག་ཅེ་ན། བདག་ཏུ་ཞེས་བྱ་བ་
1419	terminal-particle	22		ཡང་དེ་ཉིད་ཀྱི་ཕྱིར་ཇི་སྐད་བསྟན་པ་ཉིད་ཀྱི་སྦྱིན་པ་ལ་འཇུག་པར་བྱའོ་ཞེས་བྱ་བར་གནས་སོ
1420	terminal-particle	152		ཅིའི་ཕྱིར་དང་པོ་སྦྱིན་པ་ཁོ་ན་ལ་མོས་པར་བྱེད་ཅེ་ན། དེ་ཚེ་ཞེས་བྱ་བ་ལ་སོགས་པ་གསུངས་ཏ
1421	terminal-particle	119		ཇི་སྐད་བསྟན་པའི་སྦྱིན་པ་མི་ཟད་པར་བྱ་བའི་ཕྱིར་ཆེད་དུ་བླ་ན་མེད་པའི་བྱང་ཆུབ་ཏུ་བསྔོ
1422	terminal-particle	53		དེ་ཡང་མངོན་པར་ཞེན་པ་མེད་པའི་འབྲས་བུ་རྟོགས་པར་བྱ་བའི་ཕྱིར། སྦྱིན་པ་བྱིན་ནས་ཞེས་བྱ
1423	terminal-particle	33		སྦྱིན་པ་བྱིན་པ་ཡང་ཕ་རོལ་རྗེས་སུ་བཟུང་བའི་བློས་ཡིན་གྱི། དེ་ནི་ནམ་དུ་ཡང་འབྲས་བུ་མང
1424	terminal-particle	70		དེ་ལྟར་འབྲས་བུ་དང་བཅས་པར་རང་ལ་ཇི་སྙེད་བདོག་པ་གཏོང་བར་འགྱུར་བ་ནི་མཁས་པ་ཐམས་ཅད་སྟོ
1425	terminal-particle	60		གང་སེར་སྣ་ཚར་བཅད་པ་དང་སྦྱིན་པའི་ཕ་རོལ་ཏུ་ཕྱིན་པ་བཞིན་དུ་རྗེས་སུ་ཡི་རང་བ་སྔོན་དུ་
1426	terminal-particle	27		དེ་དག་ན་སེམས་ཅན་མ་ལུས་ཇི་སྙེད་པ་ཐམས་ཅད་ནམ་མཁའི་ཁམས་ཀྱི་ཁོངས་སུ་གཏོགས་པའི་ཕྱིར་མ་
1427	terminal-particle	80		ཡང་དེ་དག་ཐམས་ཅད་ཀྱིས་འཇིག་རྟེན་མཁྱེན་པ་སངས་རྒྱས་དང་། རང་རྒྱལ་དགྲ་བཅོམ་ལ་བསྐལ་པ་མ
1428	terminal-particle	60		བྱང་ཆུབ་སེམས་དཔའ་མཁས་པ་ཡང་དག་པའི་ཐབས་ལ་མཁས་པ་གཞན་གང་ཞིག་གིས། དེ་དག་གི་བསོད་ནམས་བ
1429	terminal-particle	64		ཇི་སྐད་བསྟན་པའི་ཡོངས་སུ་བསྔོ་བས་ཡོངས་སུ་སྔོ་བར་བྱེད་པ་ཇི་ལྟ་བ་བཞིན་དུ་རྟོགས་པར་བ
1430	terminal-particle	45		དེ་བཞིན་དུ་འགྲོ་ཀུན་སྦྱིན་པའི་ཕུང་པོ་རྒྱ་ཆེན་ཀུན་རྗེས་སུ་ཡི་རང་བ་སྔོན་དུ་འགྲོ་བ་
1431	terminal-particle	163		ཕ་རོལ་ཏུ་ཕྱིན་པ་གཉིས་རྒྱ་ཆེར་བསྟན་ནས་དེ་བཞིན་དུ་ཕ་རོལ་ཏུ་ཕྱིན་པ་ལྷག་མ་རྣམས་ལ་གདམ
1432	line-end	24		ཡོན་ཏན་རིན་པོ་ཆེ་སྡུད་པ་ཚིགས་སུ་བཅད་པ་ལས་ཆོས་འཕགས་ཀྱི་ལེའུ་སྟེ་སུམ་ཅུ་རྩ་གཅིག་པའ
1433	terminal-particle	106		དེ་ལྟ་བུའི་གདམས་ངག་ཐོབ་པ་ལ་སེམས་བསྐྱེད་པ་ལ་སོགས་པའི་རིམ་གྱིས་རབ་ཏུ་དགའ་བ་ལ་སོགས་
1434	terminal-particle	40		བྱང་ཆུབ་སེམས་དཔའ་དེ་བཞིན་དུ་དབུལ་བ་དང་ནི་སྟེ། དེ་བཞིན་དུ་འབྲེལ་པའི་སྲེད་པ་དང་། མ
1435	terminal-particle	51		ལོངས་སྤྱོད་ཀྱི་རྣམ་པའི་བྱེ་བྲག་མཐའ་ཡས་རྒྱས་པ་ནི་རྒྱ་ཆེ་བ་ཐོབ་ནས་བྱང་ཆུབ་སེམས་དཔའ
1436	terminal-particle	71		དེ་བཞིན་དུ་དྲི་མ་མེད་པ་ལ་གནས་པས་ནི་ཚུལ་ཁྲིམས་འཆལ་བའི་སྐྱོན་ཐམས་ཅད་དང་བྲལ་བས་ཇི་ས
1437	terminal-particle	26		འོད་བྱེད་པ་ལ་གནས་པས་ནི་གནོད་སེམས་ཐམས་ཅད་བྲལ་བའི་བཟོད་པས་གཟུགས་བཟང་སྟེ་མཚན་ལ་སོགས
1438	terminal-particle	5		དམ་པ་ནི་མཆོག་གོ། །
1439	terminal-particle	5		རྒྱ་ཆེན་ནི་ཡངས་པའོ། །
1440	terminal-particle	18		ཐོབ་པར་འགྱུར་ཏེ་གསེར་དང་འདྲ་བའི་ཕྱིར་གསེར་མདོག་ཡིད་དུ་འོང་བའི་ཕྱིར་སྡུག་པའོ། །
1441	terminal-particle	15		ལྟ་བས་ཆོག་མི་ཤེས་པའི་ཕྱིར་འགྲོ་བས་ལྟ་བའི་འོས་སུ་འགྱུར་བའོ། །
1442	terminal-particle	56		འོད་འཕྲོ་བ་ལ་གནས་པས་ནི་ལེ་ལོ་ཐམས་ཅད་དང་བྲལ་བའི་བརྩོན་འགྲུས་ཀྱི་ནི་དཀར་པོའི་ཡོན་ཏ
1443	terminal-particle	102		སྦྱངས་དཀའ་བ་ལ་གནས་པས་ནི་རྣམ་པར་གཡེང་བ་ཐམས་ཅད་སྤངས་པའི་བསམ་གཏན་གྱིས་ནི་འདོད་པའི་ཡ
1444	terminal-particle	109		མངོན་དུ་གྱུར་པ་ལ་གནས་པས་ནི་ཤེས་རབ་འཆལ་པ་ཐམས་ཅད་སྤངས་ནས་ཤེས་རབ་ཀྱིས་ནི་ཆོས་ཀྱི་རང
1445	terminal-particle	30		རིང་དུ་སོང་བ་ལ་གནས་པས་ནི་ཐབས་ཀྱི་སྟོབས་ཀྱིས་སྦྱིན་པ་ལ་སོགས་པའི་ཕ་རོལ་ཏུ་ཕྱིན་པའི
1446	terminal-particle	61		མི་གཡོ་བ་ལ་གནས་པའི་བྱང་ཆུབ་སེམས་དཔའི་སྨོན་ལམ་གྱི་མཐུས་ནི་གསེར་ལ་སོགས་པའི་རང་བཞིན
1447	terminal-particle	35		དེ་བཞིན་དུ་ལེགས་པའི་བློ་གྲོས་ལ་གནས་པས་ནི་སྟོབས་ཀྱི་མཐུས་སེམས་ཅན་གྱི་ཁམས་སངས་རྒྱས
1448	terminal-particle	54		དེ་བཞིན་དུ་ས་བཅུ་པ་ཆོས་ཀྱི་སྤྲིན་ལ་གནས་པས་ནི་ཡེ་ཤེས་ཀྱི་སྟོབས་ཀྱིས་རྒྱུན་དུ་ཆོས་
1449	terminal-particle	48		དེ་བཞིན་དུ་རིམ་པས་བཅུ་གཅིག་ཀུན་དུ་འོད་སངས་རྒྱས་ཀྱི་ས་ལ་བཞུགས་པས་ནི་བག་ཆགས་དང་བཅས
1450	terminal-particle	60		དེ་ལྟར་ཡུམ་རྒྱ་ཆེར་བསྟན་ནས་ཡུན་རིང་དུ་གནས་པར་བྱ་བའི་ཕྱིར་ཡོངས་སུ་གཏད་པ་བསྟན་པའི་
1451	terminal-particle	8		དེ་དང་འདྲ་བར་དེ་ལྟར་བརྗོད་དོ། །
1452	terminal-particle	26		དོན་དང་ལྡན་པའི་མིང་བཏགས་པ་ནི་སེམས་བསྐྱེད་པ་ལ་སོགས་པའི་ཡོན་ཏན་རིན་པོ་ཆེ་བརྩེགས་པའ
1453	terminal-particle	13		བླ་ན་མེད་པའི་བྱང་ཆུབ་ཐོབ་པར་བྱེད་པའི་ཕྱིར་ལམ་མོ། །
1454	terminal-particle	15		ཚིགས་བཅད་དུ་བསྡེབས་ནས་བསྟན་པའི་ཕྱིར་ཚིགས་སུ་བཅད་པའི་རང་བཞིན་ནོ། །
1455	terminal-particle	25		ལམ་ནི་སེམས་ཅན་ཀུན་གྱིས་བསྒོམ་པའི་མན་ངག་ཇི་ལྟ་བ་བཞིན་དུ་རྗེས་སུ་ཐོབ་པ་ནི་དེ་བཞིན་
1456	terminal-particle	42		བྱ་ཞེས་བྱ་བ་ནི་འཕགས་པ་ཀུན་དགའ་བོ་ལ་སོགས་པ་ལ་ཡོངས་སུ་གཏོད་པ་ཡིན་པར་རྟོགས་པར་བྱ་སྟ
1457	terminal-particle	91		དེ་བསྒོམ་པའི་མན་ངག་གི་རིམ་པ་འདི་ལ་མངོན་པར་ཡིད་ཆེས་པར་བྱ་སྟེ། འདི་ལྟར་དང་པོ་རེ་ཞི
1458	terminal-particle	165		དེ་ནས་རྡོ་རྗེ་སྐྱིལ་མོ་ཀྲུང་བཅས་པས་ལུས་དྲང་པོར་བསྲངས་ཏེ། མཉམ་པར་གཞག་པའི་ཕྱག་རྒྱ་
1459	terminal-particle	58		དེ་ལྟར་ཤེས་རབ་ཀྱི་ཕ་རོལ་ཏུ་ཕྱིན་པའི་དོན་རྣམ་པ་བཞིར་རྣམ་པར་དཔྱད་དེ། ཡི་གེ་ཡང་སིལ་
1460	terminal-particle	72		དེའི་ཚེ་རྣམ་པར་དཔྱད་པའི་རྒྱུ་མཚན་གྱིས་འདི་ཉིད་བདེན་གྱི་གཞན་ནི་རྨོངས་པའོ་ཞེས་ངེས་
1461	terminal-particle	31		ཤེས་རབ་ཀྱི་མིག་གིས་སྒྱུ་མ་ལྟ་བུ་ལས་ཆོས་ཐམས་ཅད་ལས་ཡང་དག་པའི་ཡེ་ཤེས་ཀྱི་སྣང་བས་མ་ག
1462	terminal-particle	16		དེ་ལ་རྒྱུ་དང་འབྲས་བུའི་ངོ་བོ་དང་བྲལ་བའི་ཕྱིར་སྟོང་པ་ཉིད་དོ། །
1463	terminal-particle	13		དེ་ཡང་རང་དང་སྤྱིའི་མཚན་མ་མེད་པས་མཚན་མ་མེད་པའོ། །
1464	terminal-particle	19		དེས་དོན་དུ་གཉེར་བར་བྱ་བའི་དངོས་པོ་མི་དམིགས་པའི་ཕྱིར་སྨོན་པ་མེད་པ་ཉིད་དོ། །
1465	terminal-particle	19		ཡང་དེ་བཞིན་དུ་རང་བཞིན་གྱིས་འོད་གསལ་བའི་རྣམ་པར་གྲོལ་བའི་སྒོའི་ཏིང་ངེ་འཛིན་ཏོ། །
1466	terminal-particle	50		སེམས་བསྐྱེད་པ་ལ་སོགས་པའི་རིམ་པས་ཆོས་ཉིད་ཡོངས་སུ་མི་ཤེས་པ་དེ་དག་ཕྱིན་ཅི་ལོག་གིས་བ
1467	terminal-particle	84		དེ་ལ་ཏིང་ངེ་འཛིན་ལ་ལེ་ལོ་དང་། དམིགས་པ་ལ་བརྗེད་པ་དང་། བྱིང་བ་དང་། རྒོད་པ་དང་། མི་
1468	terminal-particle	9		འདུན་པ་དེའི་སྟོབས་ཀྱིས་བརྩོན་འགྲུས་རྩོམ་མོ། །
1469	terminal-particle	16		དེ་ནས་བརྩོན་འགྲུས་ཀྱི་སྟོབས་ཀྱིས་ལུས་དང་སེམས་ཤིན་ཏུ་སྦྱང་བར་འགྱུར་རོ། །
1470	terminal-particle	13		ལུས་དང་སེམས་ཤིན་ཏུ་སྦྱངས་པས་ལེ་ལོ་ལྡོག་པར་འགྱུར་རོ། །
1471	terminal-particle	15		དེ་ལྟར་ན་དད་པ་ལ་སོགས་པ་བཞིས་ལེ་ལོ་སྤོང་བར་འགྱུར་རོ། །
1472	terminal-particle	19		དམིགས་པ་བརྗེད་པའི་གཉེན་པོར་ནི་དྲན་པ་ཉིད་དེ། དེས་ཡང་དག་པའི་དམིགས་པ་ལ་གནས་སོ། །
1473	terminal-particle	56		ཤེས་བཞིན་ནི་བྱིང་རྒོད་ཀྱི་གཉེན་པོ་སྟེ། དེ་ཉིད་ཀྱིས་དགའ་བའི་དངོས་པོ་སངས་རྒྱས་ལ་སོ
1474	terminal-particle	21		བྱིང་རྒོད་ཞི་བར་བྱེད་པའི་དུས་སུ་མི་རྩོལ་ན་ཡང་སྐྱོན་ཡིན་པས་སེམས་པ་ལ་གོམས་པར་བྱའོ།
1475	terminal-particle	35		བྱིང་རྒོད་ཞི་བ་ན་གང་གི་ཚེ་སེམས་དམིགས་པ་ལས་རབ་ཏུ་མི་གཡོ་བ་ན་མངོན་པར་འདུ་བྱེད་པ་ལ་
1476	terminal-particle	15		དེ་ལ་སེམས་རྣམ་པར་གཡེང་བ་དེའི་གཉེན་པོ་བཏང་སྙོམས་བསྒོམ་པར་བྱའོ། །
1477	terminal-particle	84		རིམ་པ་དེ་ལྟར་བསྒོམས་ནས་ལངས་ཏེ་སྔར་སྡུད་པར་བྱེད་པར་རང་གི་ལྷ་རྡོ་རྗེ་འཆང་གི་གཟུགས་
1478	terminal-particle	9		དེ་བཞིན་དུ་ཐུན་མཚམས་བཞིར་བསྒྲུབ་པར་བྱའོ། །
1479	terminal-particle	25		ཡོན་ཏན་རིན་པོ་ཆེ་སྡུད་པ་ཚིགས་སུ་བཅད་པ་ལས་ཡོངས་སུ་གཏད་པའི་ལེའུ་སྟེ་སུམ་ཅུ་རྩ་གཉིས
1480	line-end	65		རྣལ་འབྱོར་མཁས་པ་འགས་ཀྱང་སྔོན་ཆད་ཡུམ་འདིའི་བསྒྲུབ་པ་རིག་པས་མ་རྟོགས་པ། །གཏི་མུག་མུ
1481	verse-stanza	25		གང་ཞིག་མངོན་པར་རྟོགས་རྒྱན་གྱིས། །↵དེ་ཡི་བསྡུས་དོན་རབ་གསལ་བ། །↵ཤེས་རབ་ཕ་རོལ་ཕྱིན་
1482	verse-stanza	26		བརྒྱད་པའི་སྡེབ་སྦྱོར་ངེས་བཅིངས་པའི། །↵ཚིགས་སུ་བཅད་པ་ཡོངས་རྩིས་ན། །↵ཕྱེ་ན་སྟོང་ཕྲ
1483	terminal-particle	35		ཡོན་ཏན་རིན་པོ་ཆེ་སྡུད་པ་ཚིགས་སུ་བཅད་པའི་དཀའ་འགྲེལ་རྟོགས་པར་སླ་བ་ཞེས་བྱ་བ། སློབ་ད
1484	line-end	28		བལ་ཡུལ་གྱི་པཎྜི་ཏ་ཛེ་ཏ་ཧང་དུ་ཤཱནྟིབྷ་དྲའི་ཞལ་སྔ་ནས་དང་། བོད་ཀྱི་ལོ་ཙྪ་བ་འབྲོ་སེང
SUMMARY	quote-balance	10	MISMATCH	open=10 close=7
